title,content,created_at
energy-improvement_-fatigue_-and-acupressure,"# **Energy improvement, fatigue and acupressure**

[Zhongguo Zhen Jiu. 2007 Nov;27(11):819-20.];)

## **[Observation on therapeutic effect of point pressure combined with** **massage on chronic fatigue syndrome]**


[Article in Chinese]

**[Yao F](http://www.ncbi.nlm.nih.gov/sites/entrez?Db=pubmed&Cmd=Search&Term=%22Yao%20F%22%5BAuthor%5D&itool=EntrezSystem2.PEntrez.Pubmed.Pubmed_ResultsPanel.Pubmed_RVAbstract)**, **[Ji Q](http://www.ncbi.nlm.nih.gov/sites/entrez?Db=pubmed&Cmd=Search&Term=%22Ji%20Q%22%5BAuthor%5D&itool=EntrezSystem2.PEntrez.Pubmed.Pubmed_ResultsPanel.Pubmed_RVAbstract)**, **[Zhao Y](http://www.ncbi.nlm.nih.gov/sites/entrez?Db=pubmed&Cmd=Search&Term=%22Zhao%20Y%22%5BAuthor%5D&itool=EntrezSystem2.PEntrez.Pubmed.Pubmed_ResultsPanel.Pubmed_RVAbstract)**, **[Feng JL](http://www.ncbi.nlm.nih.gov/sites/entrez?Db=pubmed&Cmd=Search&Term=%22Feng%20JL%22%5BAuthor%5D&itool=EntrezSystem2.PEntrez.Pubmed.Pubmed_ResultsPanel.Pubmed_RVAbstract)** .

College of Acupuncture and Massage, Shanghai University of TCM, Shanghai 201203,
China. yaofei@tuina.com.cn

OBJECTIVE: To search for an effective therapy for chronic fatigue syndrome (CFS).
METHODS: Eighty-five cases of CFS were treated with massage and pressing of Backshu points, combined with pressing acupoints on the head. The therapeutic effect was
observed. RESULTS: After treatment of 3 courses, 26 cases were markedly effective,
52 cases were effective, and 7 cases were ineffective, with a total effective rate of 91.8%
and a markedly effective rate of 30.6%. CONCLUSION: Pressing acupoints and
massage **can effectively improve clinical symptoms of the patient with chronic**
**fatigue** syndrome.


[J Nurs Res.];) 2004 Mar;12(1):51-9.

## **The effect of acupressure with massage on fatigue and depression in patients** **with end-stage renal disease.**


**[Cho YC](http://www.ncbi.nlm.nih.gov/sites/entrez?Db=pubmed&Cmd=Search&Term=%22Cho%20YC%22%5BAuthor%5D&itool=EntrezSystem2.PEntrez.Pubmed.Pubmed_ResultsPanel.Pubmed_RVAbstract)**, **[Tsay SL](http://www.ncbi.nlm.nih.gov/sites/entrez?Db=pubmed&Cmd=Search&Term=%22Tsay%20SL%22%5BAuthor%5D&itool=EntrezSystem2.PEntrez.Pubmed.Pubmed_ResultsPanel.Pubmed_RVAbstract)** .

Department of Nursing, National Tainan Institute of Nursing.

Fatigue and depressive mood are the most significant symptoms experienced by patients with
end-stage renal disease. The purpose of this study was to examine the effectiveness of
acupressure with massage in fatigue and depression in patients with end-stage renal disease
(ESRD) receiving hemodialysis treatment. The study applied an experimental pretest and posttest
design. Sixty-two hemodialysis patients participated in the study. Data were collected from two
hemodialysis clinics in major hospitals in southern Taiwan. Following consent to the study,
subjects were randomly assigned to an acupressure group or a control group. Patients in the
acupressure group received acupoint massage for 12 minutes per day, three days per week, for
four weeks. Subjects in the control group only received routine unit care. The measures included
the Revised Piper Fatigue Scale, and Beck ' s Depression Inventory. Descriptive statistics, chi 2
tests, t-test and analyses of covariance were used for data analysis. The results indicate that
subjects experienced a moderate level of fatigue. Nearly 65 % of hemodialysis patients had a
depressed mood. ANCOVA results indicated that fatigue (F((1.54)) = 9.05, p =.004) and
depression (F((1.54)) = 4.20, p =.045) among patients in the acupressure group showed
significantly greater improvement than patients in the control group. The findings of this study
provide an interventional model for nurses taking care of ESRD patients.


[Int J Nurs Stud.];) 2004 Jan;41(1):99-106.

## **Acupressure and fatigue in patients with end-stage renal disease-a** **randomized controlled trial.**


**[Tsay SL](http://www.ncbi.nlm.nih.gov/sites/entrez?Db=pubmed&Cmd=Search&Term=%22Tsay%20SL%22%5BAuthor%5D&itool=EntrezSystem2.PEntrez.Pubmed.Pubmed_ResultsPanel.Pubmed_RVAbstract)** .

Graduate Institute of Nursing, National Taipei College of Nursing, Pei-Tou, Taipei,
Taiwan, ROC. sltsay@ntcn.edu.tw

The purpose of the study is to investigate the **effectiveness of acupressure on fatigue**
in patients with end-stage renal-disease (ESRD). The study was a randomized control
trial; qualified patients were randomly assigned into acupressure group, sham group or
control group. A total of 106 participants were included in the study. The measures
included the revised Piper Fatigue Scale (PFS), VAS of Fatigue, the Pittsburgh Sleep
Quality Index and the Beck Depression Inventory. Data of fatigue measures were
collected at pretreatment and a week following treatment. Sleep quality and depression
were collected during post-test only. The statistical methods included the descriptive
statistics, one-way ANOVA, ANCOVA, and repeated-measures ANOVA. ANCOVA
that adjusted for differences in baseline fatigue scores (PFS), post-test of depression and
sleep quality, result was significant, F(2,100)=3.99, p=0.02. Post-hoc tests revealed that
patients in the acupressure group were significantly having lower scores of fatigue than
patients in the control group. ANCOVA results also significant for VAS of Fatigue
among groups, F(2,100)=5.63, p=0.003. Comparisons indicated that there were
significant differences between the acupressure group and the control group (p=0.01)
and between the sham group and control group (p=0.003). Predialysis fatigue was
assessed routinely by using a rating of 0-10. Repeated-measures ANOVA results
demonstrate the group main effect was significant in the perceived fatigue
(F(2,88)=19.46, ``p < 0.001``). Follow-up tests indicated there were significant differences
between the acupressure group and the control group (``p < 0.001``) and between the sham
group and control group (``p < 0.001``).The study provided an alternative method for health
care providers to managing ESRD patients with fatigue.",2025-08-29 21:04:52.081033+00
acupressure-and-antioxidants,"# **Antioxidants may increase with acupressure stimulation**

[J Altern Complement Med.];) 2008 Apr;14(3):303-7.

## **Effect of auricular pellet acupressure on antioxidative systems in high-** **risk diabetes mellitus.**


**[Liu CF](http://www.ncbi.nlm.nih.gov/sites/entrez?Db=pubmed&Cmd=Search&Term=%22Liu%20CF%22%5BAuthor%5D&itool=EntrezSystem2.PEntrez.Pubmed.Pubmed_ResultsPanel.Pubmed_RVAbstract)**, **[Yu LF](http://www.ncbi.nlm.nih.gov/sites/entrez?Db=pubmed&Cmd=Search&Term=%22Yu%20LF%22%5BAuthor%5D&itool=EntrezSystem2.PEntrez.Pubmed.Pubmed_ResultsPanel.Pubmed_RVAbstract)**, **[Lin CH](http://www.ncbi.nlm.nih.gov/sites/entrez?Db=pubmed&Cmd=Search&Term=%22Lin%20CH%22%5BAuthor%5D&itool=EntrezSystem2.PEntrez.Pubmed.Pubmed_ResultsPanel.Pubmed_RVAbstract)**, **[Lin SC](http://www.ncbi.nlm.nih.gov/sites/entrez?Db=pubmed&Cmd=Search&Term=%22Lin%20SC%22%5BAuthor%5D&itool=EntrezSystem2.PEntrez.Pubmed.Pubmed_ResultsPanel.Pubmed_RVAbstract)** .

National Taipei College of Nursing, Taipei, Pei Tou 112, Taiwan. chifeng@ctcn.edu.tw

OBJECTIVES: Free radicals and lipid peroxides, both of which are easily formed in the
diabetic state, play an important role in the development of diabetic complications.
Antioxidative therapy may help prevent diabetic complications caused by
lipoperoxidation and free-radical formation in diabetes mellitus (DM). A number of
findings suggest that oxidative stress exists in persons with high-risk DM. Auricular
pellet acupressure has reportedly been an effective treatment method for a variety of
medical conditions, including anxiety, juvenile myopia, essential hypertension, and
senile vascular dementia. However, its effects on antioxidative enzymes have not been
elucidated. We therefore evaluated the impact of auricular pellet acupressure on
antioxidative status in persons with high-risk DM. SUBJECTS: Our study involved 69
persons with high-risk DM, who were allocated either to undergo acupressure as active
treatment for the experimental group or to a control group. INTERVENTIONS: The
experimental group in the study received auricular pellet acupressure three times daily
for 5 consecutive days. After a 2-day rest period, the procedure was performed on the
contralateral ear. Acupressure was performed twice on each ear, with each application
followed by its application to the contralateral ear, over a total treatment period of 20
days. The control groups did not undergo auricular pellet acupressure. DESIGN AND
OUTCOME MEASURES: At the end of the 20-day period of treatment of the
experimental group, blood was collected from all of the study participants for assay of
serum superoxide dismutase (SOD) and catalase concentrations, as was also done for
the control group. RESULTS: Serum concentrations of SOD (`p < 0.05`) and catalase (`p < 0.0001`) were significantly higher in the experimental group than in the control group.
CONCLUSIONS: Our findings suggest that auricular pellet acupressure can increase the
concentration of antioxidative enzymes in persons with high-risk DM.


## **Anxiety reduction with acupressure and acupuncture on the same acupoint**

[Anesth Analg.];) 2008 Sep;107(3):811-6.

## **Extra-1 acupressure for children undergoing anesthesia.**


**[Wang SM](http://www.ncbi.nlm.nih.gov/sites/entrez?Db=pubmed&Cmd=Search&Term=%22Wang%20SM%22%5BAuthor%5D&itool=EntrezSystem2.PEntrez.Pubmed.Pubmed_ResultsPanel.Pubmed_RVAbstract)**, **[Escalera S](http://www.ncbi.nlm.nih.gov/sites/entrez?Db=pubmed&Cmd=Search&Term=%22Escalera%20S%22%5BAuthor%5D&itool=EntrezSystem2.PEntrez.Pubmed.Pubmed_ResultsPanel.Pubmed_RVAbstract)**, **[Lin EC](http://www.ncbi.nlm.nih.gov/sites/entrez?Db=pubmed&Cmd=Search&Term=%22Lin%20EC%22%5BAuthor%5D&itool=EntrezSystem2.PEntrez.Pubmed.Pubmed_ResultsPanel.Pubmed_RVAbstract)**, **[Maranets I](http://www.ncbi.nlm.nih.gov/sites/entrez?Db=pubmed&Cmd=Search&Term=%22Maranets%20I%22%5BAuthor%5D&itool=EntrezSystem2.PEntrez.Pubmed.Pubmed_ResultsPanel.Pubmed_RVAbstract)**, **[Kain ZN](http://www.ncbi.nlm.nih.gov/sites/entrez?Db=pubmed&Cmd=Search&Term=%22Kain%20ZN%22%5BAuthor%5D&itool=EntrezSystem2.PEntrez.Pubmed.Pubmed_ResultsPanel.Pubmed_RVAbstract)** .

Department of Anesthesiology, Yale University School of Medicine, 333 Cedar Street, New
Haven, CT 06510, USA. shu-ming.wang@yale.edu

BACKGROUND: Acupuncture and related techniques have been used as adjuncts for
perioperative anesthesia management. We examined whether acupressure in the Extra-1 (YinTang) point would result in decreased preprocedural anxiety and reduced intraprocedural
propofol requirements in a group of children undergoing endoscopic procedures. METHODS:
Fifty-two children were randomized to receive acupressure bead intervention either at the Extra1 acupuncture point or at a sham point. A Bispectral Index (BIS) monitor was applied to all
children before the onset of the intervention. Anxiety was assessed at baseline and before
entrance to the operating room. Anesthetic techniques were standardized and maintained with IV
propofol infusion titrated to keep BIS values of 40-60. RESULTS: We found that after the
intervention, children in the Extra-1 group experienced reduced anxiety whereas children in the
sham group experienced increased anxiety (-9% [-3 to -15] vs 2% [-6 to 7.4], P = 0.012). In
contrast, no significant changes in BIS values were observed in the preprocedural waiting period
between groups (P = ns). We also found that total intraprocedural propofol requirements did not
differ between the two study groups (214 +/- 76 microg x kg(-1) x min(-1) vs 229 +/- 95 microg
x kg(-1) x min(-1), P = 0.52). CONCLUSIONS: We conclude that acupressure bead intervention
at Extra-1 acupoint **reduces preprocedural anxiety** in children undergoing endoscopic
procedures. This intervention, however, has no impact on BIS values or intraprocedural propofol
requirements.


[Am J Chin Med.];) 2004;32(5):789-94.

## **Needling of the extra 1 point decreases BIS values and preoperative anxiety.**


**[Paraskeva A](http://www.ncbi.nlm.nih.gov/sites/entrez?Db=pubmed&Cmd=Search&Term=%22Paraskeva%20A%22%5BAuthor%5D&itool=EntrezSystem2.PEntrez.Pubmed.Pubmed_ResultsPanel.Pubmed_RVAbstract)**, **[Melemeni A](http://www.ncbi.nlm.nih.gov/sites/entrez?Db=pubmed&Cmd=Search&Term=%22Melemeni%20A%22%5BAuthor%5D&itool=EntrezSystem2.PEntrez.Pubmed.Pubmed_ResultsPanel.Pubmed_RVAbstract)**, **[Petropoulos G](http://www.ncbi.nlm.nih.gov/sites/entrez?Db=pubmed&Cmd=Search&Term=%22Petropoulos%20G%22%5BAuthor%5D&itool=EntrezSystem2.PEntrez.Pubmed.Pubmed_ResultsPanel.Pubmed_RVAbstract)**, **[Siafaka I](http://www.ncbi.nlm.nih.gov/sites/entrez?Db=pubmed&Cmd=Search&Term=%22Siafaka%20I%22%5BAuthor%5D&itool=EntrezSystem2.PEntrez.Pubmed.Pubmed_ResultsPanel.Pubmed_RVAbstract)**, **[Fassoulaki A](http://www.ncbi.nlm.nih.gov/sites/entrez?Db=pubmed&Cmd=Search&Term=%22Fassoulaki%20A%22%5BAuthor%5D&itool=EntrezSystem2.PEntrez.Pubmed.Pubmed_ResultsPanel.Pubmed_RVAbstract)** .

Department of Anesthesiology, St Savas Hospital, Athens, Greece.

**Acupuncture has anxiolytic effects** . We investigated the effect of acupuncture on the Bispectral
Index (BIS) values and anxiety. Fifty patients were randomly assigned to group A to receive
acupuncture for 15 minutes on the extra 1 point (yintang) or to group C, where they received the
same treatment on a control point located 2 cm lateral to the end of the right eyebrow. BIS values
were recorded before acupuncture; during acupuncture every 30 seconds for 15 minutes and
every 30 seconds for 90 seconds when the acupuncture treatment was accomplished. Anxiety
level was assessed before and after acupuncture by a verbal score scale (VSS) (0 = no anxiety, 10
= worst anxiety). BIS values were **significantly decreased during acupuncture when applied**
**on the extra 1 point (p = 0.0001) but not on the control point** . Acupuncture application
significantly decreased the VSS values within the A group (p = 0.027) and in the C group (p =
0.0001), when compared to the baseline (pre-acupuncture) VSS values. However, no differences
were found between the two groups regarding BIS or VSS values. In conclusion, needling the
extra 1 point preoperatively significantly decreases the BIS values and the VSS for anxiety but
needling of a control point decrease only VSS values.


## **Brain wave EEG shows sedation produced by acupressure also acupressure** **can produce a calming effect on the autonomic nervous system as measured** **by HRV**

[Eur J Anaesthesiol.];) 2004 Jan;21(1):13-9.

## **Effects of acupressure, manual acupuncture and Laserneedle acupuncture on** **EEG bispectral index and spectral edge frequency in healthy volunteers.**


**[Litscher G](http://www.ncbi.nlm.nih.gov/sites/entrez?Db=pubmed&Cmd=Search&Term=%22Litscher%20G%22%5BAuthor%5D&itool=EntrezSystem2.PEntrez.Pubmed.Pubmed_ResultsPanel.Pubmed_RVAbstract)** .

University of Graz, Department of Biomedical Engineering and Research in Anesthesia and
Intensive Care, Graz, Austria. gerhard.litscher@uni-graz.at

BACKGROUND AND OBJECTIVE: The main purpose of this study was to investigate the
effects of sensory (acupressure and acupuncture) and optical stimulation (Laserneedle
acupuncture) on electroencephalographic bispectral index, spectral edge frequency and a verbal
sedation score. METHODS: Twenty-five healthy volunteers (mean age +/- SD: 25.5 +/- 4.0yr)
were investigated during the awake state. The acupuncture point Yintang and a placebo control
point were stimulated. The study was performed as a randomized, controlled and partly blinded
cross-over trial. RESULTS: Bispectral index and spectral edge frequency values both decreased
significantly (`P < 0.001`) during acupressure on Yintang to values of 62.9 (minimum 35) +/- 13.9
bispectral index and to 13.3 (minimum 2.9) +/- 8.1 Hz (spectral edge frequency right) and 13.8
(minimum 2.7) +/- 7.3 Hz (spectral edge frequency left), respectively. Bispectral index was also
significantly (`P < 0.05`) affected by Laserneedle acupuncture and acupressure on the control point
but the changes were not clinically relevant, 95.4 +/- 4 and 94.2 +/- 4.8, respectively. All
interventions significantly (Yintang: `P < 0.001`; control point: `P < 0.012`) reduced verbal sedation
score. CONCLUSIONS: The study highlights the electroencephalographic similarities of
**acupressure induced sedation** and general anaesthesia as assessed by bispectral index and
spectral edge frequency.


[Evid Based Complement Alternat Med.];) 2008 Sep 30. [Epub ahead of print]

## **The Influence of Acupressure at Extra 1 Acupuncture Point on the Spectral** **Entropy of the EEG and the LF/HF Ratio of Heart Rate Variability.**


**[Arai YC](http://www.ncbi.nlm.nih.gov/sites/entrez?Db=pubmed&Cmd=Search&Term=%22Arai%20YC%22%5BAuthor%5D&itool=EntrezSystem2.PEntrez.Pubmed.Pubmed_ResultsPanel.Pubmed_RVAbstract)**, **[Ushida T](http://www.ncbi.nlm.nih.gov/sites/entrez?Db=pubmed&Cmd=Search&Term=%22Ushida%20T%22%5BAuthor%5D&itool=EntrezSystem2.PEntrez.Pubmed.Pubmed_ResultsPanel.Pubmed_RVAbstract)**, **[Matsubara T](http://www.ncbi.nlm.nih.gov/sites/entrez?Db=pubmed&Cmd=Search&Term=%22Matsubara%20T%22%5BAuthor%5D&itool=EntrezSystem2.PEntrez.Pubmed.Pubmed_ResultsPanel.Pubmed_RVAbstract)**, **[Shimo K](http://www.ncbi.nlm.nih.gov/sites/entrez?Db=pubmed&Cmd=Search&Term=%22Shimo%20K%22%5BAuthor%5D&itool=EntrezSystem2.PEntrez.Pubmed.Pubmed_ResultsPanel.Pubmed_RVAbstract)**, **[Ito H](http://www.ncbi.nlm.nih.gov/sites/entrez?Db=pubmed&Cmd=Search&Term=%22Ito%20H%22%5BAuthor%5D&itool=EntrezSystem2.PEntrez.Pubmed.Pubmed_ResultsPanel.Pubmed_RVAbstract)**, **[Sato Y](http://www.ncbi.nlm.nih.gov/sites/entrez?Db=pubmed&Cmd=Search&Term=%22Sato%20Y%22%5BAuthor%5D&itool=EntrezSystem2.PEntrez.Pubmed.Pubmed_ResultsPanel.Pubmed_RVAbstract)**, **[Wakao Y](http://www.ncbi.nlm.nih.gov/sites/entrez?Db=pubmed&Cmd=Search&Term=%22Wakao%20Y%22%5BAuthor%5D&itool=EntrezSystem2.PEntrez.Pubmed.Pubmed_ResultsPanel.Pubmed_RVAbstract)**, **[Komatsu T](http://www.ncbi.nlm.nih.gov/sites/entrez?Db=pubmed&Cmd=Search&Term=%22Komatsu%20T%22%5BAuthor%5D&itool=EntrezSystem2.PEntrez.Pubmed.Pubmed_ResultsPanel.Pubmed_RVAbstract)** .

Multidisciplinary Pain Centre, Aichi Medical University, School of Medicine, 21 Karimata,
Nagakutecho, Aichigun, Aichi, 480-1195, Japan. arainon@aichi-med-u.ac.jp.

**Acupressure applied on the Extra 1 acupuncture point results in sedation**, thereby reducing
bispectral index (BIS) values. Mental status and hypnotic agents influence the autonomic
nervous system. We hypothesized that acupressure at the Extra 1 point would **induce sedation**
**and change sympatho-parasympathetic nerve balance** . We investigated the effect of
acupressure at the Extra 1 point on the EEG spectral entropy values and heart rate variability
(HRV). Forty-eight volunteers (24 males and 24 females) were randomly assigned to the control
or Extra 1 group. The control group received acupressure at a sham point and the Extra 1 group
received acupressure at the Extra 1 point. Acupressure was applied for 5 min. The record of the
EEG spectral entropy values and HRV started 5 min before acupressure and stopped 5 min after
acupressure. Acupressure significantly reduced the EEG spectral entropy values in both groups,
but the values of the Extra 1 group were significantly smaller than those of the control group (`P < 0.01`). Acupressure significantly decreased the LF/HF ratio of HRV in both groups (`P < 0.05`).
When divided upon gender, although acupressure tended to decrease the LF/HF ratio, the ratio
significantly decreased during and after acupressure only in females of the Extra 1 group (`P < 0.05`). We concluded that acupressure on the Extra 1 point significantly reduced the EEG spectral
entropy in both the genders, but affected the LF/HF ratio of HRV only in females.


[Anesth Analg.];) 2008 Aug;107(2):661-4.

## **The effect of acupressure at the extra 1 point on subjective and autonomic** **responses to needle insertion.**


**[Arai YC](http://www.ncbi.nlm.nih.gov/sites/entrez?Db=pubmed&Cmd=Search&Term=%22Arai%20YC%22%5BAuthor%5D&itool=EntrezSystem2.PEntrez.Pubmed.Pubmed_ResultsPanel.Pubmed_RVAbstract)**, **[Ushida T](http://www.ncbi.nlm.nih.gov/sites/entrez?Db=pubmed&Cmd=Search&Term=%22Ushida%20T%22%5BAuthor%5D&itool=EntrezSystem2.PEntrez.Pubmed.Pubmed_ResultsPanel.Pubmed_RVAbstract)**, **[Osuga T](http://www.ncbi.nlm.nih.gov/sites/entrez?Db=pubmed&Cmd=Search&Term=%22Osuga%20T%22%5BAuthor%5D&itool=EntrezSystem2.PEntrez.Pubmed.Pubmed_ResultsPanel.Pubmed_RVAbstract)**, **[Matsubara T](http://www.ncbi.nlm.nih.gov/sites/entrez?Db=pubmed&Cmd=Search&Term=%22Matsubara%20T%22%5BAuthor%5D&itool=EntrezSystem2.PEntrez.Pubmed.Pubmed_ResultsPanel.Pubmed_RVAbstract)**, **[Oshima K](http://www.ncbi.nlm.nih.gov/sites/entrez?Db=pubmed&Cmd=Search&Term=%22Oshima%20K%22%5BAuthor%5D&itool=EntrezSystem2.PEntrez.Pubmed.Pubmed_ResultsPanel.Pubmed_RVAbstract)**, **[Kawaguchi K](http://www.ncbi.nlm.nih.gov/sites/entrez?Db=pubmed&Cmd=Search&Term=%22Kawaguchi%20K%22%5BAuthor%5D&itool=EntrezSystem2.PEntrez.Pubmed.Pubmed_ResultsPanel.Pubmed_RVAbstract)**, **[Kuwabara C](http://www.ncbi.nlm.nih.gov/sites/entrez?Db=pubmed&Cmd=Search&Term=%22Kuwabara%20C%22%5BAuthor%5D&itool=EntrezSystem2.PEntrez.Pubmed.Pubmed_ResultsPanel.Pubmed_RVAbstract)**, **[Nakao](http://www.ncbi.nlm.nih.gov/sites/entrez?Db=pubmed&Cmd=Search&Term=%22Nakao%20S%22%5BAuthor%5D&itool=EntrezSystem2.PEntrez.Pubmed.Pubmed_ResultsPanel.Pubmed_RVAbstract)**
**[S](http://www.ncbi.nlm.nih.gov/sites/entrez?Db=pubmed&Cmd=Search&Term=%22Nakao%20S%22%5BAuthor%5D&itool=EntrezSystem2.PEntrez.Pubmed.Pubmed_ResultsPanel.Pubmed_RVAbstract)**, **[Hara A](http://www.ncbi.nlm.nih.gov/sites/entrez?Db=pubmed&Cmd=Search&Term=%22Hara%20A%22%5BAuthor%5D&itool=EntrezSystem2.PEntrez.Pubmed.Pubmed_ResultsPanel.Pubmed_RVAbstract)**, **[Furuta C](http://www.ncbi.nlm.nih.gov/sites/entrez?Db=pubmed&Cmd=Search&Term=%22Furuta%20C%22%5BAuthor%5D&itool=EntrezSystem2.PEntrez.Pubmed.Pubmed_ResultsPanel.Pubmed_RVAbstract)**, **[Aida E](http://www.ncbi.nlm.nih.gov/sites/entrez?Db=pubmed&Cmd=Search&Term=%22Aida%20E%22%5BAuthor%5D&itool=EntrezSystem2.PEntrez.Pubmed.Pubmed_ResultsPanel.Pubmed_RVAbstract)**, **[Ra S](http://www.ncbi.nlm.nih.gov/sites/entrez?Db=pubmed&Cmd=Search&Term=%22Ra%20S%22%5BAuthor%5D&itool=EntrezSystem2.PEntrez.Pubmed.Pubmed_ResultsPanel.Pubmed_RVAbstract)**, **[Takagi Y](http://www.ncbi.nlm.nih.gov/sites/entrez?Db=pubmed&Cmd=Search&Term=%22Takagi%20Y%22%5BAuthor%5D&itool=EntrezSystem2.PEntrez.Pubmed.Pubmed_ResultsPanel.Pubmed_RVAbstract)**, **[Watakabe K](http://www.ncbi.nlm.nih.gov/sites/entrez?Db=pubmed&Cmd=Search&Term=%22Watakabe%20K%22%5BAuthor%5D&itool=EntrezSystem2.PEntrez.Pubmed.Pubmed_ResultsPanel.Pubmed_RVAbstract)** .

Multidisciplinary Pain Center, Aichi Medical University, 21 Karimata, Nagakutecho, Aichigun,
Aichi 480-1195, Japan. arainon@aichi-med-u.ac.jp

BACKGROUND: Premedication with sedatives can decrease the discomfort associated with
invasive anesthetic procedures. **Some researchers have shown that acupressure on the**
**acupuncture extra 1 point is effective for sedation** . We investigated whether acupressure on
the extra 1 point could alleviate the pain of needle insertion. METHODS: We investigated the
effect of acupressure at the extra 1 point or a sham point on needle insertion using verbal rating
scale (VRS) pain scores and heart rate variability (HRV). Twenty-two healthy female volunteers
were randomly allocated to two groups: the extra 1 group received acupressure at the extra 1
point, and the sham group received acupressure at a sham point. After starting the
electrocardiogram record, a 27-gauge needle was inserted into the skin of a forearm. Thereafter,
another needle was inserted into the skin of the other forearm during acupressure. RESULTS:
Acupressure at the extra 1 point significantly reduced the VRS, but acupressure at the sham
increased the VRS. Acupressure at the extra 1 significantly reduced the low frequency/high
frequency ratio of HRV responding to needle insertion. CONCLUSIONS: Acupressure at the
extra 1 point significantly reduced needle insertion pain compared with acupressure at the sham
point. Also, acupressure at the extra 1 point significantly reduced the low frequency/high
frequency ratio of HRV responding to needle insertion, which implies **a reduction in**
**sympathetic nervous system activity.**


## **Both acupressure and acupuncture improve energy and reduce fatigue in** **cancer patients after chemotherapy**

[Complement Ther Med.];) 2007 Dec;15(4):228-37. Epub 2006 Nov 13.

## **The management of cancer-related fatigue after chemotherapy with acupuncture** **and acupressure: a randomised controlled trial.**


**[Molassiotis A](http://www.ncbi.nlm.nih.gov/sites/entrez?Db=pubmed&Cmd=Search&Term=%22Molassiotis%20A%22%5BAuthor%5D&itool=EntrezSystem2.PEntrez.Pubmed.Pubmed_ResultsPanel.Pubmed_RVAbstract)**, **[Sylt P](http://www.ncbi.nlm.nih.gov/sites/entrez?Db=pubmed&Cmd=Search&Term=%22Sylt%20P%22%5BAuthor%5D&itool=EntrezSystem2.PEntrez.Pubmed.Pubmed_ResultsPanel.Pubmed_RVAbstract)**, **[Diggins H](http://www.ncbi.nlm.nih.gov/sites/entrez?Db=pubmed&Cmd=Search&Term=%22Diggins%20H%22%5BAuthor%5D&itool=EntrezSystem2.PEntrez.Pubmed.Pubmed_ResultsPanel.Pubmed_RVAbstract)** .

University of Manchester, School of Nursing, Midwifery & Social Work, Coupland III,
Coupland Street, Manchester M13 9PL, UK. alex.molassiotis@manchester.ac.uk

BACKGROUND: Cancer-related fatigue after chemotherapy is a difficult symptom to manage in
practice and the most disruptive symptom in patients' lives. Acupuncture is a popular
complementary therapy among cancer patients and some evidence exists that it could potentially
alleviate fatigue by stimulating 'energy' points in the body. Hence, this study was carried out to
assess the effects of acupuncture and acupressure in managing cancer-related fatigue and the
feasibility of running a randomised trial with these two complementary therapies in preparation
for a large trial. METHODS: This study was a randomised controlled trial. Forty-seven patients
with cancer who experienced moderate to severe fatigue were randomised either to an
acupuncture group (n=15), an acupressure group (n=16) or a sham acupressure group (n=16).
The acupuncture group received six 20-min sessions over 2 weeks, while the patients in the two
acupressure groups were taught to massage/press the points and did so daily thereafter for 2
weeks on their own. Patients completed the Multidimensional Fatigue Inventory before
randomisation, at the end of the 2-week intervention and again about 2 weeks after the end of the
intervention. RESULTS: Significant improvements were found with regards to General fatigue
(``P < 0.001``), Physical fatigue (P=0.016), Activity (p=0.004) and Motivation (P=0.024). At the end
of the intervention, there was a 36% improvement in fatigue levels in the acupuncture group,
while the acupressure group improved by 19% and the sham acupressure by 0.6%.
Improvements were observed even 2 weeks after treatments, although they were lower (22%,
15%, 7%, respectively). Acupuncture was a more effective method than acupressure or sham
acupressure. Subjects needed a longer treatment period to have more sustained results. The trial
was methodologically feasible. CONCLUSION: Acupuncture shows great potential in the
management of cancer-related fatigue. As a randomised trial with acupuncture is feasible and
preliminary data shows significant improvements, it should be tested further using a large sample
and a multicentre design.


## **Antioxidant levels may increase with acupuncture stimulation or be** **maintained during stress**

[J Tradit Chin Med.];) 2002 Mar;22(1):51-4.

## **Effect of acupuncture on free radicals in rats with early experimental spinal cord** **injury.**


**[Wu Y](http://www.ncbi.nlm.nih.gov/sites/entrez?Db=pubmed&Cmd=Search&Term=%22Wu%20Y%22%5BAuthor%5D&itool=EntrezSystem2.PEntrez.Pubmed.Pubmed_ResultsPanel.Pubmed_RVAbstract)**, **[Sun Z](http://www.ncbi.nlm.nih.gov/sites/entrez?Db=pubmed&Cmd=Search&Term=%22Sun%20Z%22%5BAuthor%5D&itool=EntrezSystem2.PEntrez.Pubmed.Pubmed_ResultsPanel.Pubmed_RVAbstract)**, **[Li Z](http://www.ncbi.nlm.nih.gov/sites/entrez?Db=pubmed&Cmd=Search&Term=%22Li%20Z%22%5BAuthor%5D&itool=EntrezSystem2.PEntrez.Pubmed.Pubmed_ResultsPanel.Pubmed_RVAbstract)**, **[Zhao Y](http://www.ncbi.nlm.nih.gov/sites/entrez?Db=pubmed&Cmd=Search&Term=%22Zhao%20Y%22%5BAuthor%5D&itool=EntrezSystem2.PEntrez.Pubmed.Pubmed_ResultsPanel.Pubmed_RVAbstract)**, **[Sun S](http://www.ncbi.nlm.nih.gov/sites/entrez?Db=pubmed&Cmd=Search&Term=%22Sun%20S%22%5BAuthor%5D&itool=EntrezSystem2.PEntrez.Pubmed.Pubmed_ResultsPanel.Pubmed_RVAbstract)** .

Second Affiliated Hospital, Heilongjiang University of Traditional Chinese Medicine and
Pharmacy, Harbin 150001.

Effect of acupuncture on free radicals after spinal cord injury was observed in rats with
experimental spinal cord injury (SCI). Results indicated that within 24 hours after SCI
malondialdehyde (MDA) increased progressively, 2 hours after SCI it reached the peak; and the
superoxide dismutase (SOD) activity decreased significantly at the same hours, the decrease
being the most marked 2-6 hours after SCI. The MDA content in the acupuncture group was
significantly lower (`P < 0.05`) and the SOD activity higher (`P < 0.01`) than that of the control
group respectively. It is suggested that **acupuncture** inhibits production of MDA and **increases**
**the SOD activity.**


[Zhongguo Zhen Jiu. 2006 Apr;26(4):291-4.];)

## **[Effects of scalp acupuncture on regulative ability of oxidative stress reaction at** **operation stage]**


[Article in Chinese]

**[He BM](http://www.ncbi.nlm.nih.gov/sites/entrez?Db=pubmed&Cmd=Search&Term=%22He%20BM%22%5BAuthor%5D&itool=EntrezSystem2.PEntrez.Pubmed.Pubmed_ResultsPanel.Pubmed_RVAbstract)**, **[Li WY](http://www.ncbi.nlm.nih.gov/sites/entrez?Db=pubmed&Cmd=Search&Term=%22Li%20WY%22%5BAuthor%5D&itool=EntrezSystem2.PEntrez.Pubmed.Pubmed_ResultsPanel.Pubmed_RVAbstract)**, **[Li WS](http://www.ncbi.nlm.nih.gov/sites/entrez?Db=pubmed&Cmd=Search&Term=%22Li%20WS%22%5BAuthor%5D&itool=EntrezSystem2.PEntrez.Pubmed.Pubmed_ResultsPanel.Pubmed_RVAbstract)**, **[Zhao WX](http://www.ncbi.nlm.nih.gov/sites/entrez?Db=pubmed&Cmd=Search&Term=%22Zhao%20WX%22%5BAuthor%5D&itool=EntrezSystem2.PEntrez.Pubmed.Pubmed_ResultsPanel.Pubmed_RVAbstract)** .

Guangdong Provincial Hospital of TCM, Guangzhou 510120, China. hebimei02@163.com

OBJECTIVE: To study on regulative action of scalp acupuncture on oxidative stress reaction at
operation stage. METHODS: Fifty two cases selected for radical operation of intestinal cancer
were randomly divided into a scalp acupuncture plus general anesthesia (scalp acupuncture
group) and a simple general anesthesia group (general anesthesia group), 26 cases in each group.
The scalp acupuncture group were treated first with scalp acupuncture for 20 min, followed by
general anesthesia, with scalp acupuncture lasted till the end of operation. The general anesthesia
group were treated only with simple intratracheal anesthesia. Effects of scalp acupuncture on
malondialdehyde (MDA) level and superoxide dismutase (SOD) activity at the operation stage
were observed. RESULTS: After operation, MDA levels decreased significantly (`P < 0.05`) in the
two groups, but with no difference between the two groups in the different values of MDA
before and after treatment (P > 0.05); there was no significant change in SOD before and after
treatment in the scalp acupuncture group, and significantly decreased in the general anesthesia
group (`P < 0.05`). There was a significant difference between the two groups in the different
value of SOD before and after the operation (`P < 0.05`). CONCLUSION: **Scalp acupuncture**
**can inhibit the decrease of SOD activity, reducing oxidative stress reaction at operation**
**stage.**


[Zhongguo Zhen Jiu. 2006 Apr;26(4):240-2.];)

## **[Effects of head point-through-point electroacupuncture on SOD and LPO in the** **patient of Parkinson's disease]**


[Article in Chinese]

**[Wang S](http://www.ncbi.nlm.nih.gov/sites/entrez?Db=pubmed&Cmd=Search&Term=%22Wang%20S%22%5BAuthor%5D&itool=EntrezSystem2.PEntrez.Pubmed.Pubmed_ResultsPanel.Pubmed_RVAbstract)**, **[Cai YY](http://www.ncbi.nlm.nih.gov/sites/entrez?Db=pubmed&Cmd=Search&Term=%22Cai%20YY%22%5BAuthor%5D&itool=EntrezSystem2.PEntrez.Pubmed.Pubmed_ResultsPanel.Pubmed_RVAbstract)**, **[Shang YJ](http://www.ncbi.nlm.nih.gov/sites/entrez?Db=pubmed&Cmd=Search&Term=%22Shang%20YJ%22%5BAuthor%5D&itool=EntrezSystem2.PEntrez.Pubmed.Pubmed_ResultsPanel.Pubmed_RVAbstract)**, **[Jin-rong L](http://www.ncbi.nlm.nih.gov/sites/entrez?Db=pubmed&Cmd=Search&Term=%22Jin-rong%20L%22%5BAuthor%5D&itool=EntrezSystem2.PEntrez.Pubmed.Pubmed_ResultsPanel.Pubmed_RVAbstract)** .

Heilongjiang Province Academy of TCM, Harbin 150036, China. hljwang@yahoo.com.cn

OBJECTIVE: To observe clinical therapeutic effect of head point-through-point
electroacupuncture on Parkinson's disease and the mechanism. METHODS: Seventy-six cases of
Parkinson's disease were randomly divided into a treatment group (n=37) treated with head
point-through-point electroacupuncture and oral administration of madopa, and a control group
(n=39) with only oral administration of madopa. Superoxide dismutase (SOD) and lipids
peroxides (LPO) were determined before and after treatment. RESULTS: The effective rate was
97.3% in the treatment group and 61.5% in the control group with a very significant difference
between the two groups (`P < 0.01`). SOD activity and LPO content were significantly improved
after treatment in the treatment group (`P < 0.01`), with a significant difference between the two
groups (`P < 0.01`). CONCLUSION: **Head point-through-point electroacupuncture can**
**improve SOD activity and LPO content in the body.**


[Neurosci Lett.];) 2006 Jan 23;393(1):45-50. Epub 2005 Oct 19.

## **Acupuncture prevents cognitive deficits and oxidative stress in cerebral multi-** **infarction rats.**


**[Liu CZ](http://www.ncbi.nlm.nih.gov/sites/entrez?Db=pubmed&Cmd=Search&Term=%22Liu%20CZ%22%5BAuthor%5D&itool=EntrezSystem2.PEntrez.Pubmed.Pubmed_ResultsPanel.Pubmed_RVAbstract)**, **[Yu JC](http://www.ncbi.nlm.nih.gov/sites/entrez?Db=pubmed&Cmd=Search&Term=%22Yu%20JC%22%5BAuthor%5D&itool=EntrezSystem2.PEntrez.Pubmed.Pubmed_ResultsPanel.Pubmed_RVAbstract)**, **[Zhang XZ](http://www.ncbi.nlm.nih.gov/sites/entrez?Db=pubmed&Cmd=Search&Term=%22Zhang%20XZ%22%5BAuthor%5D&itool=EntrezSystem2.PEntrez.Pubmed.Pubmed_ResultsPanel.Pubmed_RVAbstract)**, **[Fu WW](http://www.ncbi.nlm.nih.gov/sites/entrez?Db=pubmed&Cmd=Search&Term=%22Fu%20WW%22%5BAuthor%5D&itool=EntrezSystem2.PEntrez.Pubmed.Pubmed_ResultsPanel.Pubmed_RVAbstract)**, **[Wang T](http://www.ncbi.nlm.nih.gov/sites/entrez?Db=pubmed&Cmd=Search&Term=%22Wang%20T%22%5BAuthor%5D&itool=EntrezSystem2.PEntrez.Pubmed.Pubmed_ResultsPanel.Pubmed_RVAbstract)**, **[Han JX](http://www.ncbi.nlm.nih.gov/sites/entrez?Db=pubmed&Cmd=Search&Term=%22Han%20JX%22%5BAuthor%5D&itool=EntrezSystem2.PEntrez.Pubmed.Pubmed_ResultsPanel.Pubmed_RVAbstract)** .

Gerontological Department, The First Hospital affiliated to Tianjin College of Traditional
Chinese Medicine, 314 West Anshan Avenue, China. lcz623780@eyou.com

The aim of this study is to investigate the effects of acupuncture on cognitive deficits and
oxidative stress in cerebral multi-infarction rats. The results showed that acupunctural treatment
attenuated memory impairment induced by cerebral multi-infarction, as evaluated by shortened
escape latency and increased swimming time of rats with memory impairment in the target
quadrant. The data additionally suggested that acupunctural treatment ameliorated oxidative
injuries induced by cerebral multi-infarction by increasing the activities of superoxide dismutase
(SOD) and glutathione peroxidase (GSH-Px) in the hippocampus. Further investigation by in situ
hybridization and immunohistochemistry revealed that acupunctural treatment significantly
increased the expression of CuZnSOD mRNA and protein in the hippocampus of the impaired
rats. The findings demonstrate that **acupuncture can exert beneficial effects on spatial**
**memory and antioxidant status** of cerebral multi-infarction rats.


[Bull Exp Biol Med.];) 2004 Jul;138(1):26-9.

## **Antioxidant status of erythrocytes after acupuncture treatment.**


**[Pogosyan AS](http://www.ncbi.nlm.nih.gov/sites/entrez?Db=pubmed&Cmd=Search&Term=%22Pogosyan%20AS%22%5BAuthor%5D&itool=EntrezSystem2.PEntrez.Pubmed.Pubmed_ResultsPanel.Pubmed_RVAbstract)**, **[Venediktova NI](http://www.ncbi.nlm.nih.gov/sites/entrez?Db=pubmed&Cmd=Search&Term=%22Venediktova%20NI%22%5BAuthor%5D&itool=EntrezSystem2.PEntrez.Pubmed.Pubmed_ResultsPanel.Pubmed_RVAbstract)**, **[Kosenko EA](http://www.ncbi.nlm.nih.gov/sites/entrez?Db=pubmed&Cmd=Search&Term=%22Kosenko%20EA%22%5BAuthor%5D&itool=EntrezSystem2.PEntrez.Pubmed.Pubmed_ResultsPanel.Pubmed_RVAbstract)**, **[Kaminskii YG](http://www.ncbi.nlm.nih.gov/sites/entrez?Db=pubmed&Cmd=Search&Term=%22Kaminskii%20YG%22%5BAuthor%5D&itool=EntrezSystem2.PEntrez.Pubmed.Pubmed_ResultsPanel.Pubmed_RVAbstract)** .

Hospital of Pushchino Research Center, Russian Academy of Sciences, Pushchino.

A course of acupuncture therapy in patients with locomotor, peripheral nervous system,
gynecological, and bronchopulmonary diseases led to complete or partial normalization of
nonspecifically changed MDA content, catalase and glutathione peroxidase activities in
erythrocytes. SOD activity increased after therapy and did not differ from the control.
**Acupuncture stabilized disordered LPO processes and improved the antioxidant status of**
**erythrocytes.**


## **Acupuncture has a relaxing effect and may help insomnia**

[J Neuropsychiatry Clin Neurosci.];) 2004 Winter;16(1):19-28.

## **Acupuncture increases nocturnal melatonin secretion and reduces insomnia and** **anxiety: a preliminary report.**


**[Spence DW](http://www.ncbi.nlm.nih.gov/sites/entrez?Db=pubmed&Cmd=Search&Term=%22Spence%20DW%22%5BAuthor%5D&itool=EntrezSystem2.PEntrez.Pubmed.Pubmed_ResultsPanel.Pubmed_RVAbstract)**, **[Kayumov L](http://www.ncbi.nlm.nih.gov/sites/entrez?Db=pubmed&Cmd=Search&Term=%22Kayumov%20L%22%5BAuthor%5D&itool=EntrezSystem2.PEntrez.Pubmed.Pubmed_ResultsPanel.Pubmed_RVAbstract)**, **[Chen A](http://www.ncbi.nlm.nih.gov/sites/entrez?Db=pubmed&Cmd=Search&Term=%22Chen%20A%22%5BAuthor%5D&itool=EntrezSystem2.PEntrez.Pubmed.Pubmed_ResultsPanel.Pubmed_RVAbstract)**, **[Lowe A](http://www.ncbi.nlm.nih.gov/sites/entrez?Db=pubmed&Cmd=Search&Term=%22Lowe%20A%22%5BAuthor%5D&itool=EntrezSystem2.PEntrez.Pubmed.Pubmed_ResultsPanel.Pubmed_RVAbstract)**, **[Jain U](http://www.ncbi.nlm.nih.gov/sites/entrez?Db=pubmed&Cmd=Search&Term=%22Jain%20U%22%5BAuthor%5D&itool=EntrezSystem2.PEntrez.Pubmed.Pubmed_ResultsPanel.Pubmed_RVAbstract)**, **[Katzman MA](http://www.ncbi.nlm.nih.gov/sites/entrez?Db=pubmed&Cmd=Search&Term=%22Katzman%20MA%22%5BAuthor%5D&itool=EntrezSystem2.PEntrez.Pubmed.Pubmed_ResultsPanel.Pubmed_RVAbstract)**, **[Shen J](http://www.ncbi.nlm.nih.gov/sites/entrez?Db=pubmed&Cmd=Search&Term=%22Shen%20J%22%5BAuthor%5D&itool=EntrezSystem2.PEntrez.Pubmed.Pubmed_ResultsPanel.Pubmed_RVAbstract)**, **[Perelman B](http://www.ncbi.nlm.nih.gov/sites/entrez?Db=pubmed&Cmd=Search&Term=%22Perelman%20B%22%5BAuthor%5D&itool=EntrezSystem2.PEntrez.Pubmed.Pubmed_ResultsPanel.Pubmed_RVAbstract)**,
**[Shapiro CM](http://www.ncbi.nlm.nih.gov/sites/entrez?Db=pubmed&Cmd=Search&Term=%22Shapiro%20CM%22%5BAuthor%5D&itool=EntrezSystem2.PEntrez.Pubmed.Pubmed_ResultsPanel.Pubmed_RVAbstract)** .

Centre for Addiction and Mental Health, Toronto, Ontario, Canada.

The response to acupuncture of 18 anxious adult subjects who complained of insomnia was
assessed in an open prepost clinical trial study. Five weeks of acupuncture treatment was
associated with a significant (p = 0.002) nocturnal increase in endogenous melatonin secretion
(as measured in urine) and significant improvements in polysomnographic measures of sleep
onset latency (p = 0.003), arousal index (p = 0.001), total sleep time (p = 0.001), and sleep
efficiency (p = 0.002). Significant reductions in state (p = 0.049) and trait (p = 0.004) anxiety
scores were also found. These objective findings are consistent with clinical reports of
**acupuncture's relaxant effects. Acupuncture treatment may be of value for some categories**
**of anxious patients with insomnia.**",2025-08-29 21:04:52.717181+00
changes-in-ghk-and-ghk-cu-in-blood-produced-by-the-lifewave-x39-patch,"**Changes in GHK and GHK-CU in blood** **produced by the** **LifeWave X39 Patch**


**Caitlin A. Connor, MAcOM, DAOM**
**Adjunct Professor, Arizona School of Acupuncture and Oriental Medicine**


**Melinda H. Connor, D.D., Ph.D., AMP, FAM**
**Research Professor, Arizona School of Acupuncture and Oriental Medicine**


**David Yue, Ph.D.**
**Director, Axis Pharm**


**Susan Wagner, DAOM, LAc, BCIM**
**Professor, Arizona School of Acupuncture and Oriental Medicine**


**Jens Eickhoff, Ph.D.**
**Senior Scientist, Statistics, University of Wisconsin Madison**


**Chiu-An Chang, D.O., LAc**
**Academic Dean, Arizona School of Acupuncture and Oriental Medicine**


**Keywords: Photobiology, Phototherapy, Meridian**

**Corresponding Author:**
Melinda H. Connor, D.D., Ph.D., AMP, FAM
31907 South Davis Ranch Rd

Marana, AZ 85658
melinda_connor@mindspring.com
(520)609-1765


**Abstract**


**Changes in GHK and GHK-CU in blood** **produced by the** **Lifewave X39 Patch**

**Connor, C., Connor, M., Yue, D., Wagner, S., Eickhoff, J., Chang, J.**


**Purpose**

**Materials**

**Method**

**Results**

**Discussion**

**Conclusion**


**Changes in GHK and GHK-CU in blood** **produced by the** **Lifewave X39 Patch**

**Caitlin A. Connor, MAcOM, DAOM**
**Melinda H. Connor, D.D., Ph.D., AMP, FAM**

**David Yue, Ph.D.**
**Susan Wagner, DAOM, LAc**

**Jens Eickhoff, Ph.D.**
**Chiu-An Chang, D.O., LAc**


**Introduction**

This study explores the impact of wearing the Lifewave X39 patch over the


period of one week on levels of GHK and GHK-CU levels in the blood as a result. Blood


samples were taken at baseline, 24 hours and at 7 days of wearing the patch. A sample of


convenience of 10 subjects made up of both men and women aged 40-81 were selected to


participate in this study.


**Background**

The Lifewave X39 patch uses phototherapy to stimulates a rebalancing of the


body. Based on both observation and data from other studies, it was felt that a possible


change in the both the tripeptide GHK and the copper tripeptide GHK- Cu might be a


factor in the effects produced by the patch. The tripeptide has been demonstrated to


improve tissue remodeling. “It increases keratinocyte proliferation and normal collagen


synthesis, improves skin thickness, skin elasticity and firmness, improves wrinkles,


photodamage and uneven pigmentation, improves skin clarity, and tightens protective


barrier proteins.” (DeHaven, C., 2014) Research has identified that the peptide is used to


signal the beginning of the natural repair process.


**The Tripeptide**


“Copper tripeptide-1(GHK-Cu) is a small protein composed of the three amino


acids (protein building blocks) glycine, histidine, and lysine combined in a specific


geometric configuration with the physiologically beneficial mineral (copper)” (DeHaven,


C., 2014). This tripeptide was first isolated from human plasma albumin in 1973 by Dr.


Loren Pickart. Additional research has established the strong affinity the GHK peptide


has for copper, and exists in two forms, as this was not covered in the initial experiment.


These two forms are GHK and GHK-Cu. It is also important to mention that none of the


research around GHK has ever found it to cause an issue. (DeHaven, C., 2014)


**Non-transdermal Patch**


All X39 patches are sealed so that none of the substances in the patch actually


penetrate the skin. This allows for consistent patch promotion of the light flow


throughout the time the patch is worn. Patches are calibrated to support the flow of


infarred, near infared, and visible light frequencies in addition to ultraviolet light. Using


the same adhesives as band-aids, this limits the level of irritation which might be


developed through consistent daily use of the patch.


**Phototherapy**


Phototherapy in various forms have been used for over 100 years. In that time


there has been little evidence of negative side effects. There is a theoretical concern about


an increase in cancer rates, but “there was no significant association found with basal cell


carcinoma, squamous cell carcinoma or melanoma.” (Kakimoto, C., 2017) This suggests


that this is a relatively untapped option for healing with relatively few risks.


**Meridian Implications and Patch placement**


The Lifewave patches are placed on specific meridian points to maximize


effectiveness. The theory of balancing the body based on the Chinese meridian system is


over 3000 years old. Current information now maps the meridian system to parts of the


lymphatic system. The concept of the release of “Qi” on an area of the lymphatic system


is consistent with the evidence that the body has a variety of electrical-dermal potentials


across its surface (Becker & Selden, 1985, Flick, 2004) and that acupuncture points are


(at least in part) strategic conductors of electromagnetic signals (Feinstein, 2010).


There are two options for patch placement which have been defined for the X39


patch. The first is a point on the back, also known as GV14, Du-14, or Tao Dao. It is a


meeting point of the Governing vessel with all of the Yang meridians. This means that


point would have a ""direct impact on the Yang meridians of the body"" (Deadman, P.,


2001), and both generally Qi and Yang in the body.


The second is a point on the lower abdomen, also known as CV-6, Ren 6, or Qi


Hai. This point fosters Original Qi (Deadman, P., 2001). Between these two points most,


if not all, of the previously noted impacts in studies of the X39 patch are supported.


**Purpose**


This study focused on the impact of patch usage on GHK and GHK-CU levels in


the blood, with data taken at baseline, 24 hours and 7 days of patch placement. Half the


participants used the CV6 point and half using the GV14 point.


**Procedure**


Once human research studies ethics board approval was received (NFFEH *****)


recruitment was begun. Flyers advertising for interested research participants were posted


at various local sites. Participants would call into the main study phone number and were


assessed for inclusion and exclusion criterion. If appropriate they were scheduled for


consenting. At the time of arrival at the study site, each participant was consented.


Individual participants were then taken into the exam room and a blood sample


was taken using BD Vacutainer Safety Loc Blood Collection set with Pre-attached holder


sized 21GX0.75 or 23GX0.75 and placed in lavender top tubes. Each blood sample was


then placed in the centrifuge, spun for 10 minutes to separate the plasma, which was then


placed in the cryo tubes, and then flash frozen using dry ice. Samples were then placed in


2"" thick polystyrene containers, wrapped in thermal box liners and placed in double


walled boxed for overnight shipping. Samples were sent to Axis Pharm's lab in San


Diego, CA.


**Analysis of Blood Samples**


*********Dr. Yue please write this section of the paper.

**Statistical Analysis**

*********Dr. Eickhoff please write this section of the paper

**Results**

A sample of convenience of individuals consisted of 10 individuals. There were


four men and six women in the study which had a mean age of 64.2. Significant results


of the Lifewave X39 patch testing are as follows:


Table 1: Absolute changes from R1 (baseline) to R2 and R3

|Col1|Col2|N|Mean (SD)|Median (Range)|p-value|
|---|---|---|---|---|---|
|GCH concentration (ng/ml)|R2|10|9.5 (9.0)|6.9 (-3.4-27.5)|0.0098|
|GHC-CU concentration(ng/ml)|R3|10|4.2 (4.3)|4.0 (-2.6-11.5)|0.0137|



The blood analysis of GHK showed an increase at levels at a value of `p < 0.0098` within


24 hours and GHK-CU also showed an increase at ``p < 0.01`` within 7 days.


**Discussion**

It is important to recognize that this was both a sample of convenience with a


small sample size and a pilot study. However, there was a significant change in the levels


of both GHK at 24 hours and GHK-CU in 7 days. This implies promotion of positive


benefits to the body. Further study will need to be done with larger sample sizes to


determine if there is a consistency of results over repeated trials.


**Conclusion**

This study explored the changes in amounts of GHK and GHK-CU present in the


blood as a result of wearing the Lifewave X39 patch for 1 week. There was a significant


increase in GHK in the blood which was seen at 24 hours, at the level of ``p < 0.0098``. A


significant increase in GHK-CU in the blood was also seen at 7 days at the level of


``p < 0.0137``.


**References**

Becker, R., Selden, G., “The Body Electric”, William Morrow Pub., New York, NY, 1985.

Deadman, P., Al-Khafaji, M., Baker, K., (2001) A Manual of Acupuncture. Eastland Press.
1240 Activity Dr., #D Vista, CA, 92083.

DeHaven, C., (2014) Copper Tripeptide-1. Science of Skincare.

Feinstein, D., “Rapid Treatment of PTSD: Why Psychological Exposure with Acupoint
Tapping May Be Effective”, Psychotherapy: Theory, Research, Practice, Training. 47(3),
385-402, 2010, American Psychological Association.

Flick, A. B., “Silver and Wound Healing”, CAM Research Symposium, Hershey Medical
School, Hershey PA, July 2004.

Geo Peptides Staff. (2015) What are Copper Peptides? Retrieved August 5, 2018.
https://www.geopeptides.com/copperpep.html

Kakimoto, C., (2017) What is phototherapy, and how does it work?
https://www.dermatologistoncall.com/blog/what-is-phototherapy-and-how-does-it-work/
Pickart, L., Vasquez-Soltero, J., Margolina, A. (2014)GHK and DNA: resetting the human
genome to health. BioMed Research International, vol. 2014,Article ID 151479, 10 pages.

Pickart, L., Vasquez-Soltero, J., Margolina, A. (2015) GHK Peptide as a Natural Modulator
of Multiple Cellular Pathways in Skin Regeneration. Hindawi Publishing Corporation
BioMed Research International Volume 2015, Article ID 648108, 7 pages
http://dx.doi.org/10.1155/2015/648108.",2025-08-29 21:04:53.463005+00
world-anti-doping-agency,"Montreal, May 30 [th], 2005

Steve Haltiwanger MD, CCN
6116 Via Aventura Dr.

El Paso, TX 79912

Dear Dr Haltiwanger,

I would like to inform you that the WADA List Committee reviewed the information
pertaining to the LifeWave patch technology. Based on the information reviewed,
including the patch testing conducted by USADA, the Committee considers that this
technology is not a method falling under the WADA List of Prohibited Substances and
Methods.

This statement by no means constitutes a WADA endorsement of the LifeWave
Technology. WADA continues to draw the attention of the athletes to their strict
responsibility for everything they absorb or apply to their body. This in no way
constitutes an authorization for LifeWave to advertise or indicate on its product or
advertisement that this product is authorized by WADA.

I trust this information is helpful.

Yours sincerely,

Olivier Rabin.


Dr. Olivier Rabin

Science Director
World Anti-Doping Agency

PS: Thank you for forwarding this response to Mr Pat Galasso, as I do not have his email address.",2025-08-29 21:04:54.192813+00
phototherapy,"**International Journal of Research Studies in Medical and Health Sciences**
**Volume 6, Issue 5, 2021, PP 08-14**
**ISSN : 2456-6373**
**DOI: https://doi.org/10.22259/ijrsmhs.0605002**

# **Phototherapy Induced Metabolism Change Produced by the** **LifeWave X39 Non-transdermal Patch**


**Melinda H. Connor, D.D., Ph.D., AMP, FAM** **[*1]** **, Caitlin A. Connor, MAcOM, DAOM** **[2]** **,**


**Naran Gombusuren, Ph.D.** **[3]** **, Jens Eickhoff, Ph.D.** **[4]** **, Nathan Anderson, MACOM, LAc.** **[5]** **,**


**Marsha Perry, RN, MA** **[6]** **, Leonard Peugh, MAcOM** **[7]**


_1_ _Founder, Earth Songs Holistic Consulting_
_2_ _Post Doctoral Diploma Candidate, Health Sciences Research, Rewley House, Oxford University, UK_

_3_ _Global Operations Manager, Serametrix/Caprion_
_4_ _Senior Scientist, Biostatistics & Medical Informatics, University of Wisconsin Madison_

_5_ _Dean of Clinical Education, Arizona School of Acupuncture and Oriental Medicine_

_6_ _Study Manager, Earth Songs Holistic Consulting_
_7_ _Senior Research Assistant, Earth Songs Holistic Consulting_


_***Corresponding Author:**_ _Melinda H. Connor, D.D., Ph.D., AMP, FAM, Earth Songs Holistic_
_Consulting, 31907 South Davis Ranch Rd. Marana, AZ 85658, USA_


**ABSTRACT**


**Purpose:** _To determine X-39 patch impact in stimulation of Copper peptide biosynthesis and bio-available_
_amino acid levels, neurotransmitters production, memory, sleep quality, vitality, muscle relaxation and_
_blood pressure._


**Materials:** _Biography Infinity physiology suite: Heart rate variability (HRV), GSR, EMG, EKG, blood_
_volume pulse (BVP), temperature and respiration. Questionnaires: Marlow-Crowne, Global Mood Scale,_
_Pittsburg Sleep Quality Index, Arizona Integrative Outcomes scale. WAIS III memory test. Amino acid and_
_neurotransmitters testing of urine._


**Method:** _Subjects were recruited (age 40 - 81), consented, randomized and scheduled. Data taken day 1,_
_day 2, and day 7 except Marlow-Crowne taken day 1 and day 7._


**Results:** _Improvements in short term memory ``p < 0.001``, sleep quality ``p < 0.04``, vitality ``p < 0.03`` day 2 and_
_p<0.08 at day 7. Blood pressure change in VLF on day 7 at ``p < 0.02``, respiration on day 7 at ``p < 0.04``._
_Increase in amino acids: Creatinine, Normetanephrine, methionine, homocystine, isoleucine, glutamine,_
_cysteine, 5-hydroxytrytophane, β-aminobutyric-acid._


**Conclusion:** _The results of the double blind randomized controlled trial of 50 subjects with mean age 63_
_years, using the LifeWave non-transdermal X-39 phototherapy patch worn 8-12 hours per day for seven_
_days produced an increase in 8 amino acids at significant levels. The study showed, there was an_
_improvement in short term memory as measured by the WAIS III memory test at significant levels over 7_
_days, in Quality of Sleep at significant levels within 24 hours and a self reported increase in vitality at near_
_significant levels in 7 days as measured by the Arizona Integrative Outcomes scale._


_Our findings suggest this patch is not only stimulating the biosynthesis of copper-peptide production, but_
_also increases neurotransmitters production and improves metabolism. Additional studies could address_
_underlying mechanisms of action to the phototherapy process and longer periods of study might be explored_
_for additional potential physical changes and longevity of the demonstrated changes._


**Keywords:** _Photobiology, Photobiomodulation, Amino Acid, Metabolism_



**I** **NTRODUCTION**


The Lifewave X39 non-transdermal patch
focuses on stimulating the copper tripeptide
GHK- Cu [1,2,3]. “Copper tripeptide-1(GHKCu) is a small protein composed of the three
amino acids glycine, histidine, and lysine



combined in a specific geometric configuration
with the physiologically beneficial mineral
(copper)” [4]. The goal of this research was to
determine X-39 patch impact in stimulation of
Copper peptide biosynthesis and bio-available
amino acid levels, neurotransmitters production,
memory, sleep quality, vitality, muscle



**International Journal of Research Studies in Medical and Health Sciences V6 ● I5 ● 2021             8**


**Phototherapy Induced Metabolism Change Produced by the LifeWave X39 Non-transdermal Patch**



relaxation and blood pressure. This tripeptide
was first isolated from human plasma albumin
in 1973 by Dr. Loren Pickart. Pickart, noticed
differences in the levels of fibrinogen based on
age. He additionally noticed that these
differences stopped when the older liver cells
were incubated in blood from younger
individuals. “In 1977, David Schlesinger of the
Harvard University Chemistry Department
confirmed that the growth modulating peptide
isolated by Pickart was a glycyl-L-histidyl-Llysine peptide”[5]. It is interesting to note that
this peptide has also been found in saliva, urine,
and collagen. Additional research has
established the strong affinity the GHK peptide
has for copper, and exists in two forms, as this was
not covered in the initial experiment. These two
forms are GHK and GHK-Cu. It is also important
to mention that none of the research around GHK

has ever found it to cause an issue [4].


Research has identified that the peptide is used
to signal the beginning of the natural repair
process. This benefit has specifically been
documented through research for post-laser or
surgical wounds, ischemic, burns, skin or hair
transplants, and diabetic ulcers. “Diabetic
wounds healed three times faster in the presence
of Copper tripeptide-1. Time to reepithelialization is shortened” [4]. The tripeptide
has also been demonstrated to improve tissue
remodeling. “It increases keratinocyte
proliferation and normal collagen synthesis,
improves skin thickness, skin elasticity and
firmness, improves wrinkles, photodamage and
uneven pigmentation, improves skin clarity, and
tightens protective barrier proteins” [4]. This has
an impact on both scars and other effects of
damage to the skin, and natural aging processes.
The effects of tissue remodeling also appear to
have an impact on cancerous cells. “The fact
that GHK was able to suppress 70% of genes
involved in the development of an aggressive
metastatic form of colon cancer indicates that

GHK is capable of the regulation of various
biochemical pathways on a gene level and it
seems to be resetting the gene activity back to
health, which leads to the improvement of tissue
repair” [6].


GHK-Cu also has a demonstrated impact on
other organs in the body after they have been
damaged. “A collaborative study conducted by
scientists from Boston University, University of
Groningen, University of British Columbia, and
University of Pennsylvania established that the
GHK peptide reverses the gene expression
signature of COPD, which is manifested by



emphysema, inflammation, lung tissue
destruction, and significant reduction of lung
capacity” [6]. It is also important to note that
“…the level of GHK is about 200
ng/mL(10−7M) at age 20 and it declines to 80
ng/mL by age 60” [6]. This likely explains the
increasing effects of aging. It would also
suggest that increased levels over time of GHKCu would have a positive effect on both life
expectancy and aging.


While phototherapy has been defined as “the use
of ultraviolet (UV) light for its healing effects”

[7], the LifeWave patches have been
specifically developed to reflect light in the
infrared and visible light bands back onto the
skin where the patch has been placed. Supported
by normal electro-dermal skin conductance

[8,9], the human body gives off a number of
materials biochemically including particulate
release, gas emission, ultraviolet, infrared, near
infrared, and visible spectrum light. This then
stimulates the area of skin, producing improved
physiological effects. Variations on
phototherapy have been used for at least 100
years. In that time there has been little evidence
of negative side effects. This suggests that this is
a relatively untapped option for healing with
relatively few risks.


**M** **ATERIALS AND** **M** **ETHODS**


This study was done as a whole systems
research randomized controlled double blind

trial of 50 participants. Human studies ethics
approval for this research was given NFFEH 0331-19-02. Participants were recruited using
flyers, emails and radio announcements. A
sample of convenience drawn from those who
responded and met inclusion/exclusion criterion
of men and women age 40-81 with no major
mental health issues who were then randomized

into control and active groups via computer and
to patch placements (GV14, CV6). Patches used
in the trial were mailed prepackaged as groups
A and B and the blind was not broken until after

the statistical analysis was done. Participants
were scheduled for the same time each day for
each of the data points (day1/baseline, day2/24
hours, day 7). Participants were consented, and
data was taken in the following order:
questionnaires, urine sample, physiology
measures. On day one the participant was given
9 days supply of the patches for use in the study.
A one month supply of the active patch was
given at the end of the week's participation and
$20 toward the participants time and gasoline.



**9            International Journal of Research Studies in Medical and Health Sciences V6 ● I5 ● 2021**


**Phototherapy Induced Metabolism Change Produced by the LifeWave X39 Non-transdermal Patch**



The trial was conducted at the Arizona School

of Acupuncture and Oriental Medicine clinic in
Tucson, AZ.


**Non-transdermal Patch and Patch Placement**


All X39 patches are sealed so that none of the
substances in the patch actually penetrate the
skin. This allows for consistent patch promotion
of the light flow during the period of patch
application. There is sufficient evidence of
electrical-dermal response in orthopedic
research to use previously measured
acupuncture points as ""strategic conductors of
electromagnetic signals"" [10]. Two points were
selected for this research so the process of patch
placement could be standardized across the
participant population. Earlier studies of this
patch selected acupuncture/acupressure points
designated GV14 and CV6 [2, 3] and based on
pilot results, the same patch placement was
selected for consistency. Participants were
randomized by computer into groups and the
point usage was selected based on the
randomization.


**Metabolic Suite**


Sabre Sciences Inc. conducted the urine analysis
using their HPA1 metabolic panel using LCMS/MS tandem mass spectrometry. The
metabolic panel measures excreditory level of
amino acids and their metabolites, including
catecholaminergic, serotonergic, glutamatergic
pathways and metabolites, and trans-sulfuration
and histidine pathways. Three urine data points
were taken on each subject before 10am each of
baseline/day1, at 24 hours/day 2 and on day 7.
Samples were frozen and then shipped to the
Sabre Science laboratory in Carlsbad, CA each
day for analysis.


**Physiology Suite**


The Thought Technology Biography Infinity
physiology suite was used for six minute
measures of heart rate variability (HRV),
galvanic skin response (GSR), EMG, EKG,
blood volume pulse (BVP), temperature and
respiration at each data point.


**Questionnaires**


Questionnaires and memory test were
administered at each data point with the
exception of the Marlow-Crowne which was
administered day one and day seven.


_**Marlowe Crowne**_


The Marlowe Crowne is a 13 Item true/false

short likert scale that measures political



correctness. This instrument was selected to

confirm accuracy of the data. The instrument
takes about 2 minutes to do for most

participants. (Norming: [11].)


_**Pittsburg Sleep Quality Index**_


Normed by Cole et al (2006) this scale is a mix
of quantitative questions and five likert scale
questions 0-3 addressing the participants quality
of sleep.


_**Arizona Integrative Outcome Scale, Visual**_
_**Analogue Scale (AIOS-VAS)**_ _**for Vitality**_


The AIOS- VAS (Normed: [12]) rates subject’s
“overall sense of well-being and vitality.” It
uses a 100mm one-line visual analogue scale on
which the participant notes their sense of well
being with an x on the line.


_**WAS III memory sub-test**_


A subsection of the WAS III was administered

which looks at the level of short, mid and longer
term memory. The test was administered
concurrent to the filling out of other
questionnaires. Ten numbers which were taken
from a randomized list were repeated without
inflection three times to each participant.
Participants were asked to immediately repeat
the numbers back at the end of the third

repetition, then again asked to repeat the
numbers back at 10 minutes and at twenty
minutes. Count was taken of the number of

correct digits in the order originally given.
Count was stopped when an error in the order
was made.


_**Global Mood Scale**_


Denollet normed the Global Mood Scale in

1993. It includes a twenty item, five factor likert
scale that assesses participants current mood and
a one item, ten factor likert scale assessing well
being at the current moment. It was selected
both as a redundant measure comparison to the
AIOS-VAS and an overall assessment of mood.


**Statistical Analysis**


All data results were entered into spread sheets
and they were then analyzed for significant
results. Questionnaires were analyzed for mean
and standard deviation and stratified by
assessment time point. Paired t-test or
nonparametric Wilcoxon Signed Rank tests
were then done. Physiology measures were
summarized stratified across the 6 study epochs
looking at means and standard deviation. Pre post changes were evaluated using a paired ttest. Distribution assumptions were then verified



**International Journal of Research Studies in Medical and Health Sciences V6 ● I5 ● 2021            10**


**Phototherapy Induced Metabolism Change Produced by the LifeWave X39 Non-transdermal Patch**



using normal probability plots. The values for p
are two-sided and statistical significance was
defined as ``p < 0.05``. The metabolic analysis
included stratification by assessment point and
summary means and standard deviation.
Analysis was done including changes from
baseline to day 2, day 2 to day 7 and day 1 to
day 7. These were evaluated using Paired t-test
or nonparametric Wilcoxon Signed Rank tests.


**R** **ESULTS AND** **D** **ISCUSSION**


This was a double blind randomized controlled

trial with a sample of convenience and which
had a seven day intervention period. While this
was a sample of convenience participants were
recruited through five different methods
including: radio announcements, email, posting
in cafe's and at university center's, prior study
participant announcement lists and through area
community groups. So while this could be
considered a study weakness, the range of
recruiting methods insured a diversity of
population who decided to participate. There
were 26 individuals in the Active group and 24
in the Control group, with an overall mean age
of 63 and a range of 40-81 years. The Active
groups mean age matched the overall mean,
while the Control group was slightly lower at 62
years. Despite the limitations of smaller
participant sample size (N=50) in this study,
there were several interesting significant
changes, as well as some changes of near
significance within the study test results. There
were two adverse events, where two individuals
in the study had headaches while using the
patches. These headaches took place during
monsoon season, and both were individuals who
had a previous history of barometric pressure
triggered migraine headaches. The IRB
reviewed the cases and determined that they
were both consistent with the individuals past



history and had nothing to do with the product.
Two individuals were also dropped from the
study when they did not complete the study

visits.


The specific impact of research location should
also be recognized. Aside from the barometric
pressure effects of monsoon season, this study
largely took place over the summer in Arizona.
This meant that participant hydration was a
constant issue, especially with the necessity of a
urine sample. As such, it was determined that

water had to be available and was offered to

each participant at the beginning of each study
appointment. Included are the significant and
some near significance findings for the
LifeWave non-transdermal X39 phototherapy
patch.


The urine analysis data showed an increase in
amino acids: Creatinine, Normetanephrine,
methionine, homocystine, isoleucine, glutamine,
cysteine, 5-hydroxytrytophane, β-aminobutyricacid. These are important findings as branched
chain amino acids like isoleucine, which is
constantly oxidized in muscle, methionine and
homocystine, are major ingredients of transsulfuration pathway. This pathway is
responsible for methyl donor S-adenosylmethionine (SAMe) production. SAMe is
readily donates methyl groups to other
substances, enabling cardiovascular,
neurological, reproductive and detoxifying
systems. 5-hydroxytrytophane is major building
block of important neurological monoamine
neurotransmitter, serotonin, which later
methylates into melatonin, and is a main
hormone which regulates sleep-wake cycle.
Normetanephrine is a norephinephrine break
down product in dopamine pathway and is
major hormone of neuromodulatory system.



**Table 1:** _Comparisons of amino acid concentrations between Control group vs. Active group at day baseline_
_(1), day 2 (2) and day 7 (7)_ _All amino acids concentration results were summarized in terms of means and_
_standard deviations (SD), stratified by group (Control vs. Active) and assessment time point (1, 2, 7). Absolute_
_changes from baseline (1) to 2 and baseline (1) to 7 were evaluated using a paired t-test or nonparametric_
_Wilcoxon signed rank test. All reported p-values are two-sided._

|Parameter|Unit|Day|Control group Mean (SD)|Active group Mean (SD)|p-value|
|---|---|---|---|---|---|
|Creatinine|mg/ml|1|147.7 (69.7)|88.2 (52.7)|0.002|
|Creatinine|mg/ml|2|159.5 (67.9)|82.7 (50.6)|0.000|
|Creatinine|mg/ml|7|147 (77)|104 (62.2)|0.040|
|Normetanephrine|mg/g-c|2|66.5 (32.4)|93.1 (49.7)|0.036|
|Normetanephrine|mg/g-c|7|68.9 (37)|97.7 (52)|0.036|
|Methionine|mmol/g|1|7.4 (3.6)|10.3 (6.4)|0.066|



**11            International Journal of Research Studies in Medical and Health Sciences V6 ● I5 ● 2021**


**Phototherapy Induced Metabolism Change Produced by the LifeWave X39 Non-transdermal Patch**


**Table 2:** _Comparisons of absolute changes in amino acid concentrations from baseline (1) to day 2 and_
_baseline (1) to day 7 between Control group vs. Active group_

|Col1|Col2|Col3|Control group|Col5|Active group|Col7|Col8|
|---|---|---|---|---|---|---|---|
|**Parameter**|**Unit**|**Day**|**Mean (SD)**|**p-value**~~**1**~~|**Mean (SD)**|**p-value**~~**1**~~|**p-value**~~**2**~~|
|Epinephrine|mg/g-c|2|-1.8 (4.1)|0.054|0.9 (5.9)|0.464|0.083|
|Normetanephrine|mg/g-c|2|-8.2 (32.7)|0.255|9.9 (29.3)|0.097|0.049|
|Homocystine|mmol/g|2|0.1 (0.5)|0.234|0.4 (0.7)|0.010|0.180|
|β-aminobutyric-acid|mmol/g|2|5.5 (40.2)|0.524|14.9 (33.4)|0.032|0.384|
|Isoleucine|mmol/g|2|0.7 (4.9)|0.495|2.2 (5.1)|0.037|0.310|
|Glutamine|mmol/g|2|0.9 (75.9)|0.956|33.4 (83)|0.051|0.166|
|5-hydroxytryptophane|mg/g-c|7|-0.3 (24)|0.954|11.3 (28.3)|0.058|0.140|
|Cysteine|mmol/g|7|0.4 (33.2)|0.953|10.1 (24.2)|0.047|0.255|



_1_ _:p-pvalue for evaluating changes from baseline to 2 and baseline to 7 within each arm_



_2_ _:p-value for comparing changes from baseline to 2 and 7 between arms_

All questionnaire scores were summarized in terms of means and standard deviations (SD), stratified by group (Control vs. Active) and
assessment time point (1, 2, 7). Absolute
changes from baseline (1) to day 2 and baseline
(1) to day 7 were evaluated using a paired t-test significant
or nonparametric Wilcoxon signed rank test. All
reported p-values are two-sided.




- Marlow-Crowne (total score)

- AIOS-VAS (total score)



Questionnaire outcomes:


- WAIS III (three subscales #Short, # Mid,
#Long)

- Global Mood Scale (two subscale: Positive
Affect (PA), Negative Affect (NA))

- Pittsburgh Sleep Quality Index (total score –
higher score indicates worse sleep quality)



Within the questionnaire results the shifts in
sleep were particularly interesting, as they were
significant in both groups, in opposite
directions. The Active group had a significant
improvement in sleep, and the control group had
a significant decline in sleep. Vitality also
showed a particularly interesting shift, with
significant improvement within 24 hours which
dropped slightly at day 7. The Global mood
scale showed a change in negative affect in both
groups. Additionally the Marlow-Crowne
showed no significance so that responses on the
questionnaires were not as a result of the desire
to provide socially correct or desired answers.



**Table 3:** _Significant and almost significant WAIS III scores between baseline (1) and day 7 (7)_

|Subscale|Day|Control group Mean (SD)|Active group Mean (SD)|p-value|
|---|---|---|---|---|
|#Short|7|9 (1.3)|6.5 (2.6)|<0.001|
|#Mid|7|7.3 (2.3)|6 (2.7)|0.098|



**Table 4:** _Comparisons of significant absolute changes in GMS subscale scores (PA-Positive Affect, NA-_
_Negative Affect) from baseline (1) to day 2 and baseline (1) to day 7 between Control group vs. Active group_

|Col1|Col2|Control group|Col4|Active group|Col6|Col7|
|---|---|---|---|---|---|---|
|**Subscale**|**Day**|**Mean (SD)**|**p-value**~~**1**~~|**Mean (SD)**|**p-value**~~**1**~~|**p-value**~~**2**~~|
|GMS-NA|2|-3 (4.7)|0.008|-2.2 (5.3)|0.067|0.576|



_1_ _:p-pvalue for evaluating changes from baseline to 2 and baseline to 7 within each arm_

_2_ _:p-value for comparing changes from baseline to 2 and 7 between arms_

**Table 5:** _Comparisons of significant absolute changes in PSQI total scores from baseline (1) to day 2 and_
_baseline (1) to day 7 between Control group vs. Active group_

|Col1|Col2|Control group|Col4|Active group|Col6|Col7|
|---|---|---|---|---|---|---|
|**Total Score**|**Day**|**Mean (SD)**|**p-value**~~**1**~~|**Mean (SD)**|**p-value**~~**1**~~|**p-value**~~**2**~~|
|PSQI Total Score|2|-1.4 (2.3)|0.049|0.2 (1.6)|0.646|0.042|



_1_ _:p-pvalue for evaluating changes from baseline to 2 and baseline to 7 within each arm_

_2_ _:p-value for comparing changes from baseline to 2 and 7 between arms_


**Table 6:** _Comparisons of Marlow-Crowne scores between Control group vs. Active group at time baseline (1)_
_and day 7 (7)_

|Total Score|Day|Control group Mean (SD)|Active group Mean (SD)|p-value|
|---|---|---|---|---|
|Marlow-Crowne|1|15.8 (6.6)|15.9 (5.4)|0.920|
|Marlow-Crowne|7|14.9 (6.3)|14.7 (6.7)|0.887|



**International Journal of Research Studies in Medical and Health Sciences V6 ● I5 ● 2021            12**


**Phototherapy Induced Metabolism Change Produced by the LifeWave X39 Non-transdermal Patch**


**Table 7:** _Comparisons of AIOS-VAS scores between Control group vs. Active group at time baseline (1), day 2_
_(2) and day 7 (7)_

|Total Score|Day|Control group Mean (SD)|Active group Mean (SD)|p-value|
|---|---|---|---|---|
|AIOS-VAS|1|73.2 (11.3)|58.6 (24.4)|0.039|
|AIOS-VAS|7|76.4 (14.5)|64.5 (24.3)|0.086|



Physiological measures showed significant normalization in blood pressure in VLF ``p < 0.02`` and near
significance in LF ``p < 0.09`` and power ``p < 0.06``. Average respiration became deeper by day 7 at ``p < 0.04``
and neck and shoulder muscles showed improved relaxation effects by day 7 at ``p < 0.08``.


**Table8:** _Summary of significant and near significance physiological parameters, stratified by time (day) and_
_group._ _Since the physiology parameters were non-normally distributed, all parameters were summarized in_
_terms of medians and interquartile ranges (IQR). Changes from run 1 (baseline) to run 3 were evaluated using a_
_nonparametric Wilcoxon signed rank test. Comparisons between groups were conducted using a nonparametric_
_Wilcoxon rank sum test. All reported p-values are two-sided and ``P < 0.05`` was used to define statistical_
_significance._

|Col1|Col2|Col3|Control group|Active group|Col6|
|---|---|---|---|---|---|
|**Source**|**Parameter**|**Day**|**Median (IQ1)**|**Median (IQ1)**|**p-value**~~**2**~~|
|B:BVP|VLF|7|217.9 (65.4-431.4)|57.4 (18.7-147.2)|0.0262|
|B:BVP|LF|7|194.5 (89.1-1122.4)|99.1 (45.5-167.5)|0.0976|
|B:BVP|Power|7|503.9 (295.5-1651.5)|238.1 (132.3-665.1)|0.0677|
|Resp.Rate|Average†|7|14.6 (13.7-14.9)|13.6 (11.9-14.2)|0.0490|
|C:EMG|Average†|7|15.1 (10-40.4)|7.8 (4.9-25.8)|0.0866|



_1_ _: IQR: Interquartile range (25_ _th_ _to 75_ _th_ _percentile)_



_2_ _: P-value for comparison between Control group vs. Active group_

_Average†: Average across Epoch 1-6_

A comparison of this studies results with the
pilot study showed some interesting differences.
The first was the change in the level of
significance in memory improvement. While the
pilot study showed a near significant
improvement in short-term memory, the double
blind showed very clear significance, ``p < 0.001``,

**C**

as well as near significance in mid-term
memory. It would be very interesting to see if
this improvement continued to strengthen with a
longer intervention period or a population with a
mean age of 70+.

Of note, was the difference in which amino
acids were significant between the pilot and the
current study. The amino acids which has
significance were further down the
catecholaminergic, serotonergic, and
glutamatergic pathways that the significant
findings of the pilot study. This may be due to
the difference in median age, with the double
blind having an older median population or may
be due to utilization by the body when higher
concentrations of the amino acids were available

for use. It should also be noted that while we

saw more prevalent amino acid changes tied to
antioxidant events in the pilot study, the data
from the double blind shows an overall

rebalancing of the gut and overall improvement
in gut performance.



It would be interesting to determine how long
and at what continuing rate changes to gut



performance, physiological and overall wellness
support would be produced by wearing the
LifeWave X-39 patch. Longer periods of study
such as six to twelve weeks including
comprehensive blood and metabolism testing
might be considered in the future.


**C** **ONCLUSION**

The results of the double blind randomized
controlled trial of 50 subjects on the LifeWave
non-transdermal X-39 phototherapy patch worn
for 8-12 hours per day for seven days produced
an increase in 8 amino acids at 10 significant
levels over the 3 time periods. There was
additional increase in 3 amino acids at near

significance. These specific changes served to
rebalance the gut toward a positive homeostatic
balance. There was an increase in short term

memory as measured by the WAIS III memory
test at significant levels over 7 days. There was
an improvement in Quality of Sleep at
significant levels within 24 hours and a self
reported increase in vitality at near significant
levels in 7 days as measured by the Arizona
Integrative Outcomes scale. Given the mean age
of the population at 63 years this is a substantial
improvement in overall quality of life.
Additional studies could address underlying
mechanisms of action to the phototherapy
process and longer periods of study might be
explored for additional potential physical
changes.



**13            International Journal of Research Studies in Medical and Health Sciences V6 ● I5 ● 2021**


**Phototherapy Induced Metabolism Change Produced by the LifeWave X39 Non-transdermal Patch**



**A** **CKNOWLEDGMENTS**


Funding for the study was provided by:
LifeWave Corp.


All author salaries for the research were

provided by LifeWave. No author has a
commercial interest in the company of any kind.


**R** **EFERENCES**


[1] Connor, C., Connor, M., Yue, D., Eickhoff, J.,

Wagner, S., et al. (2021) Double-Blind Testing
of the Lifewave X39 Patch to Determine GHKCu Production Levels. Internal Med Res Open J
Volume 6(1):1-3.

[2] Connor, C., Connor, M ., Yue, D., Chang, CL.,

Eickhoff, J., Wagner, S. ""Changes in
Tripeptides Produced by the LifeWave X-39
patch"", International Journal of Healing and
Caring Online, May 3, 2020

[3] Connor, M., Connor, C., Gombosuren, N.,

Eickhoff, J., ""LifeWave X39 Pilot
Demonstrates Light Triggered Changes"",
International Journal of Healing and Caring
Online, May 2020

[4] DeHaven, C., (2014) Copper Tripeptide-1.

Science of Skincare.

[5] Schlesinger, DH; Pickart, L; Thaler, MM

(1977). ""Growth-modulating serum tripeptide is
glycyl-histidyl-lysine"". Cellular and Molecular
Life Sci **33** [(3): 324–325. doi:10.1007/BF0200](https://en-academic.com/dic.nsf/enwiki/238842)
2806.




[6] Pickart, L., Vasquez-Soltero, J., Margolina, A.

(2015) GHK Peptide as a Natural Modulator of
Multiple Cellular Pathways in Skin
Regeneration. Hindawi Publishing Corporation
BioMed Research International Volume 2015,
Article ID 648108, 7 pages
[http://dx.doi.org/10.1155/2015/648108.](http://dx.doi.org/10.1155/2015/648108)

[7] Kakimoto, C., (2017) What is phototherapy,

and how does it work? https://www.
dermatologistoncall. com/blog/what-isphototherapy-and-how-does-it-work/

[8] Flick, A. B., “Silver and Wound Healing”,

CAM Research Symposium, Hershey Medical
School, Hershey PA, July 2004.

[9] Becker, R., Selden, G., “The Body Electric”,

William Morrow Pub., New York, NY, 1985.

[10] Feinstein, D., “Rapid Treatment of PTSD: Why

Psychological Exposure with Acupoint Tapping
May Be Effective”, Psychotherapy: Theory,
Research, Practice, Training. 47(3), 385-402,
2010, American Psychological Association.

[11] Reynolds, W. (1982) Development of reliable

and valid short forms of the Marlowe-Crowne

Social Desirability Scale. Journal of Clinical
Psychology. January 1982.

[12] Bell, I., Cunningham, V., Caspi, O., Meek, P.,

Ferro, L., (2004) “Development and validation
of a new global well-being outcomes rating
scale for integrative medicine research.” BMC
Complementary and Alternative Medicine.
2004; 4: 1.



**Citation:** _Melinda H. Connor et al, “Phototherapy Induced Metabolism Change Produced by the LifeWave_
_X39 Non-transdermal Patch”, International Journal of Research Studies in Medical and Health Sciences._
_2021; 6(5):8-14._ _DOI: https://doi.org/10.22259/ijrsmhs.0605002_


**Copyright:** _© 2021 Melinda H. Connor et al,_ _This is an open-access article distributed under the terms of_
_the Creative Commons Attribution License, which permits unrestricted use, distribution, and reproduction in_
_any medium, provided the original author and source are credited._


**International Journal of Research Studies in Medical and Health Sciences V6 ● I5 ● 2021            14**",2025-08-29 21:04:55.126276+00
double-blind,"# Research Open Internal Medicine Research - Open Journal
#### **Volume 6 Issue 1**

**Research Article**

## Double-Blind Testing of the Lifewave X39 Patch to Determine GHK-Cu Production Levels


**Caitlin A Connor** **[1]** **, Melinda H Connor** **[2]** ***, David Yue** **[3]** **, Jens Eickhoff** **[4]** **, Susan Wagner** **[5]** **and Amy Chang** **[6]**


1 Post-Doctoral Fellow, Rewley House, Oxford University, UK

2 Founder, Earth Songs Holistic Research and Consulting, USA

3 CEO, HT-Labs a division of Axis Pharm, San Diego CA, USA

4 Senior Scientist, Biostatistics & Medical Informatics, University of Wisconsin Madison, USA


5 Professor, Arizona School of Acupuncture and Oriental Medicine, USA

6 Senior Research Associate, HT-Labs a division of Axis Pharm, San Diego CA, USA


_***Corresponding author:**_ Melinda H Connor, Earth Songs Holistic Research and Consulting, 31907 South Davis Ranch Rd, Marana, AZ 85658, USA; **Tel:** (520)6091765; **E-mail:** melinda_connor@mindspring.com


**Received:** February 23, 2021; **Accepted:** March 02, 2021; **Published:** March 07, 2021


**Abstract**


**Purpose:** To determine if the LifeWave X39 non-transdermal photobiomodulation active patch would show improved production of GHK-Cu over

controls in a double blind randomized controlled trial.


**Materials:** BD Vacutainer Safety Loc Blood Collection sets with Pre-attached holder sized 21GX0.75 or 23GX0.75 and lavender top tubes. Kendro Sorvall
Biofuge Centrifuge 75005184+ and AB Sciex API4000 Qtrap. Analysis software included: Qtrap Analyst software 1.6.2 and R software version 3.5.1.
Statistical analyses were conducted using R software (version 3.5.1; http://www.r-project.org/).


**Method:** Sixty people age 40-80 were computer randomized into two groups. One lavender top tube was drawn and then spun in Kendro Sorvall
centrifuge for 10 minutes at 1300 rcf. The plasma was placed in cryo tubes and flash frozen to -22C then shipped in dry ice to laboratory for analysis. The
filtrate was concentrated by speed-vac and reconstituted with de-ionized water to 50 ul and analyzed with AB Sciex API4000 Qtrap. Statistical assessments
were evaluated using a nonparametric Wilcoxon signed rank test, p values are two-sided and pN=30|Col4|Active GroupN=28|Col6|
|---|---|---|---|---|---|
|**Outcome**|**Time**|**Mean**|**SD**|**Mean**|**SD**|
|GHK-CuConcentration(ng/ml)|Day 1|26.83|26.98|28.96|31.52|
|GHK-CuConcentration(ng/ml)|Day 2|32.9|43.16|28.11|31.36|
|GHK-CuConcentration(ng/ml)|Day 7|26.36|33.88|39.09|46.6|
|Total GHK-Cu(ng)|Day 1|43.2|46|48.27|55.45|
|Total GHK-Cu(ng)|Day 2|54.88|72.25|47.43|54.99|
|Total GHK-Cu(ng)|Day 7|43.23|55.94|66.51|83.58|



**Table 2:** Study X39 - Evaluation of Changes in Outcomes from Day 1 to Day 2, Day 1 to
Day 7, and Day 2 to Day 7 within Groups and Comparisons of Changes between Groups.



in the blood of the active group was seen in the p-value for comparing
changes from Day 2 to Day 7 between Group A vs. Group B in GHK-Cu
Concentration (ng/ml) at pN=30|Col4|Col5|Active GroupN=28|Col7|Col8|Col9|
|---|---|---|---|---|---|---|---|---|
|**Outcome**|**Time**|**Mean**|**SD**|**p-value1**|**Mean**|**SD**|**p-value2**|**p-value3**|
|GHK-CuConcentration (ng/ml)|Day 1 toDay 2|6.07|32.75|0.4746|-0.85|28.56|0.5786|0.3465|
|GHK-CuConcentration (ng/ml)|Day 2 toDay 7|-6.55|27.03|0.1328|10.97|36.85|0.1482|0.035|
|Total GHK-Cu (ng)|Day 1 toDay 2|11.68|53.46|0.2972|-0.84|48.69|0.6571|0.237|
|Total GHK-Cu (ng)|Day 2 toDay 7|-11.65|47.87|0.1328|19.08|65.13|0.1916|0.03|



1 p-value for evaluating changes from Day 1 to Day 2, and Day 2 to Day 7 within Control Group.

2 p-value for evaluating changes from Day 1 to Day 2, and Day 2 to Day 7 within Active Group.

3 p-value for comparing changes from Day 1 to Day 2, and Day 2 to Day 7 between Control
Group vs. Active Group.


**Citation:**


Connor CA, Connor MH, Yue D, Eickhoff J, Wagner S, et al. (2021) Double-Blind Testing of the Lifewave X39 Patch to Determine GHK-Cu Production Levels. _Internal_
_Med Res Open J_ Volume 6(1): 1-3.


_Internal Med Res Open J,_ Volume 6(1): 3–3, 2021",2025-08-29 21:04:55.635459+00
acupressure-and-sleep-improvement,"# **Sleep, insomnia and the effectiveness of acupressure**

[Minerva Med.];) 2008 Dec;99(6):539-47.
## **Efficacy of wrists overnight compression (HT 7 point) on insomniacs: possible** **role of melatonin?**

**[Nordio M](http://www.ncbi.nlm.nih.gov/sites/entrez?Db=pubmed&Cmd=Search&Term=%22Nordio%20M%22%5BAuthor%5D&itool=EntrezSystem2.PEntrez.Pubmed.Pubmed_ResultsPanel.Pubmed_RVAbstract)**, **[Romanelli F](http://www.ncbi.nlm.nih.gov/sites/entrez?Db=pubmed&Cmd=Search&Term=%22Romanelli%20F%22%5BAuthor%5D&itool=EntrezSystem2.PEntrez.Pubmed.Pubmed_ResultsPanel.Pubmed_RVAbstract)** .

Department of Medical Physiopathology University of Rome 'Sapienza', Rome, Italy.
maurizionordio1@gmail.com

AIM: Insomnia is a major problem which decreases life quality. Many causes are involved with
it and anxiety is often associated. The underlying mechanism is not completely understood, even
though different factors seem to be associated. Among them melatonin and its circadian rhythm
is thought to have an important role. In addition, acupressure and acupuncture are known to
ameliorate insomnia and anxiety, when a specific wrist point is stimulated (HT 7 Shenmen).
With these bases, the aim of the present study has been to evaluate the efficacy of an acupressure
device, ''H7-insomnia control'', positioned on HT 7 points, during the night, in terms of general
health and anxiety levels, together with the evaluation of sleep quality and the urinary melatonin
metabolite 6-hydroxymelatonin sulphate determination, in a number of insomniacs. METHODS:
Forty patients with insomnia were divided into two groups and randomly received either the H7
or placebo treatments, in a double-blind protocol, for 20 nights. Before and after treatments
every subject answered a series of questionnaires (General Health Questionnaire 28 items; StateTrait Anxiety Inventory; Pittsburgh Sleep Quality Index) and collected 24 h urines, divided into
two samples of 12 h each. Urinary melatonin metabolite was then determined using a RIA

method. RESULTS: Data obtained indicate that the device H7-insomnia control **is efficacious to**

**ameliorate quality of sleep and reduce anxiety levels in insomniacs,** at a higher extent than in
the placebo group. In addition, the 24 hours urinary melatonin metabolite rhythm, obtained at the
end of treatment, was considered as being normal in a higher percentage of H7-treated patients,
with respect to the placebo group. CONCLUSION: It is plausible to hypothesize that the wrist
acupressure device might be considered a valid tool, without adverse effects since it does not
contain pharmaceutical products, that is able to naturally ameliorate sleep quality in insomniacs,
acting through a not jet completely clarified mechanism, that may involve melatonin.


[Minerva Med.];) 2008 Dec;99(6):535-7.,

## **Efficacy of HT 7 point acupressure stimulation in the treatment of** **insomnia in cancer patients and in patients suffering from disorders other** **than cancer.**


**[Cerrone R](http://www.ncbi.nlm.nih.gov/sites/entrez?Db=pubmed&Cmd=Search&Term=%22Cerrone%20R%22%5BAuthor%5D&itool=EntrezSystem2.PEntrez.Pubmed.Pubmed_ResultsPanel.Pubmed_RVAbstract)**, **[Giani L](http://www.ncbi.nlm.nih.gov/sites/entrez?Db=pubmed&Cmd=Search&Term=%22Giani%20L%22%5BAuthor%5D&itool=EntrezSystem2.PEntrez.Pubmed.Pubmed_ResultsPanel.Pubmed_RVAbstract)**, **[Galbiati B](http://www.ncbi.nlm.nih.gov/sites/entrez?Db=pubmed&Cmd=Search&Term=%22Galbiati%20B%22%5BAuthor%5D&itool=EntrezSystem2.PEntrez.Pubmed.Pubmed_ResultsPanel.Pubmed_RVAbstract)**, **[Messina G](http://www.ncbi.nlm.nih.gov/sites/entrez?Db=pubmed&Cmd=Search&Term=%22Messina%20G%22%5BAuthor%5D&itool=EntrezSystem2.PEntrez.Pubmed.Pubmed_ResultsPanel.Pubmed_RVAbstract)**, **[Casiraghi M](http://www.ncbi.nlm.nih.gov/sites/entrez?Db=pubmed&Cmd=Search&Term=%22Casiraghi%20M%22%5BAuthor%5D&itool=EntrezSystem2.PEntrez.Pubmed.Pubmed_ResultsPanel.Pubmed_RVAbstract)**, **[Proserpio E](http://www.ncbi.nlm.nih.gov/sites/entrez?Db=pubmed&Cmd=Search&Term=%22Proserpio%20E%22%5BAuthor%5D&itool=EntrezSystem2.PEntrez.Pubmed.Pubmed_ResultsPanel.Pubmed_RVAbstract)**, **[Meregalli](http://www.ncbi.nlm.nih.gov/sites/entrez?Db=pubmed&Cmd=Search&Term=%22Meregalli%20M%22%5BAuthor%5D&itool=EntrezSystem2.PEntrez.Pubmed.Pubmed_ResultsPanel.Pubmed_RVAbstract)**
**[M](http://www.ncbi.nlm.nih.gov/sites/entrez?Db=pubmed&Cmd=Search&Term=%22Meregalli%20M%22%5BAuthor%5D&itool=EntrezSystem2.PEntrez.Pubmed.Pubmed_ResultsPanel.Pubmed_RVAbstract)**, **[Trabattoni P](http://www.ncbi.nlm.nih.gov/sites/entrez?Db=pubmed&Cmd=Search&Term=%22Trabattoni%20P%22%5BAuthor%5D&itool=EntrezSystem2.PEntrez.Pubmed.Pubmed_ResultsPanel.Pubmed_RVAbstract)**, **[Lissoni P](http://www.ncbi.nlm.nih.gov/sites/entrez?Db=pubmed&Cmd=Search&Term=%22Lissoni%20P%22%5BAuthor%5D&itool=EntrezSystem2.PEntrez.Pubmed.Pubmed_ResultsPanel.Pubmed_RVAbstract)**, **[Gardani G](http://www.ncbi.nlm.nih.gov/sites/entrez?Db=pubmed&Cmd=Search&Term=%22Gardani%20G%22%5BAuthor%5D&itool=EntrezSystem2.PEntrez.Pubmed.Pubmed_ResultsPanel.Pubmed_RVAbstract)** .

Department of Radiotherapy and Oncology, San Gerardo Hospital, Monza, Milan, Italy.

AIM: The induction of sleep would depend on interaction between gabaergic system
and the pineal gland through its main hormone melatonin. Until few years ago
benzodiazepines were the only drugs effective in the treatment of insomnia. Recently,
however, both melatonin and acupressure have appear to be active in sleep disorders.
The aim of study was to evaluate the efficacy of HT 7 point acupressure in insomnia.
METHODS: The study enrolled 25 patients affected by sleep disorders, 14 of whom had
a neoplastic disease. They were treated by HT 7 stimulation for al least two consecutive
weeks using a medical device named H7 Insomnia Control. RESULTS: An
improvement in the quality of sleep was achieved in 15/25 (60%) patients, with a more
evident efficacy in cancer patients (11/14 [79%]). CONCLUSION: This study confirms
previous clinical data showing the efficacy of acupressure in the treatment of sleep
disorders, particularly in cancer-related insomnia.


[J Adv Nurs.];) 2003 Apr;42(2):134-42.

## **Acupoints massage in improving the quality of sleep and quality of life in** **patients with end-stage renal disease.**


**[Tsay SL](http://www.ncbi.nlm.nih.gov/sites/entrez?Db=pubmed&Cmd=Search&Term=%22Tsay%20SL%22%5BAuthor%5D&itool=EntrezSystem2.PEntrez.Pubmed.Pubmed_ResultsPanel.Pubmed_RVAbstract)**, **[Rong JR](http://www.ncbi.nlm.nih.gov/sites/entrez?Db=pubmed&Cmd=Search&Term=%22Rong%20JR%22%5BAuthor%5D&itool=EntrezSystem2.PEntrez.Pubmed.Pubmed_ResultsPanel.Pubmed_RVAbstract)**, **[Lin PF](http://www.ncbi.nlm.nih.gov/sites/entrez?Db=pubmed&Cmd=Search&Term=%22Lin%20PF%22%5BAuthor%5D&itool=EntrezSystem2.PEntrez.Pubmed.Pubmed_ResultsPanel.Pubmed_RVAbstract)** .

Graduate Institute of Nursing, National Taipei College of Nursing, Pei-tou, Taipei, Taiwan.
sltsay@ntcn.edu.tw

BACKGROUND: Traditional Chinese acupressure is a noninvasive technique that employs
pressure and massage to acupoints in order to stimulate the balance of life energy that promotes
health and comfort. Sleep disturbance is common in patients with end-stage renal disease but no
intervention studies have addressed this problem. Aim. The purpose of the present study was to
test the effectiveness of acupoints massage for patients with end-stage renal disease and
experiencing sleep disturbances and diminished quality of life. METHODS: The study was a
randomized control trial. A total of 98 end-stage renal disease patients with sleep disturbances
were randomly assigned into an acupressure group, a sham acupressure group, and a control
group. Acupressure and sham acupressure group patients received acupoints or no acupoints
massage three times a week during haemodialysis treatment for a total of 4 weeks. The measures
included the Pittsburgh Sleep Quality Index, Sleep Log, and the Medical Outcome Study - Short
Form 36. FINDINGS: The results indicated significant differences between the acupressure
group and the control group in Pittsburgh Sleep Quality Index subscale scores of subjective sleep
quality, sleep duration, habitual sleep efficiency, sleep sufficiency, and global Pittsburgh Sleep
Quality Index scores. Sleep log data revealed that the acupressure group significantly decreased
wake time and experienced an improved quality of sleep at night over the control group. Medical
Outcome Study - Short Form 36 data also documented that acupressure group patients
experienced significantly improved quality of life. CONCLUSION: This study supports the
**effectiveness of acupoints massage in improving the quality of sleep** and life quality of endstage renal disease patients, and offers a noninvasive therapy for sleep-disturbed patients.


[J Gerontol A Biol Sci Med Sci.];) 1999 Aug;54(8):M389-94.

## **The effectiveness of acupressure in improving the quality of sleep of** **institutionalized residents.**


**[Chen ML](http://www.ncbi.nlm.nih.gov/sites/entrez?Db=pubmed&Cmd=Search&Term=%22Chen%20ML%22%5BAuthor%5D&itool=EntrezSystem2.PEntrez.Pubmed.Pubmed_ResultsPanel.Pubmed_RVAbstract)**, **[Lin LC](http://www.ncbi.nlm.nih.gov/sites/entrez?Db=pubmed&Cmd=Search&Term=%22Lin%20LC%22%5BAuthor%5D&itool=EntrezSystem2.PEntrez.Pubmed.Pubmed_ResultsPanel.Pubmed_RVAbstract)**, **[Wu SC](http://www.ncbi.nlm.nih.gov/sites/entrez?Db=pubmed&Cmd=Search&Term=%22Wu%20SC%22%5BAuthor%5D&itool=EntrezSystem2.PEntrez.Pubmed.Pubmed_ResultsPanel.Pubmed_RVAbstract)**, **[Lin JG](http://www.ncbi.nlm.nih.gov/sites/entrez?Db=pubmed&Cmd=Search&Term=%22Lin%20JG%22%5BAuthor%5D&itool=EntrezSystem2.PEntrez.Pubmed.Pubmed_ResultsPanel.Pubmed_RVAbstract)** .

Department of Nursing, National Taipei Nursing College, Taiwan.

BACKGROUND: Elderly people often suffer from disturbed sleep. Because traditional Chinese
medicine indicates that acupressure therapy may induce sedation, testing the effectiveness of
acupressure in enhancing the quality of sleep of institutionalized residents with a well-designed
scientific study is needed. METHODS: A randomized block experimental design was used. The
Pittsburgh Sleep Quality Index (PSQI) questionnaire was used as a screening tool to select
subjects with sleep disturbance. By matching the effects of hypertension, hypnosis, naps, and
exercise, subjects were randomly assigned to an acupressure group, a sham acupressure group,
and a control group. Each group had 28 subjects for a total of 84 subjects. The same massage
routine was used in the acupressure group and the sham acupressure group, whereas only
conversation was employed in the control group. RESULTS: There were significant differences
in PSQI subscale scores of the quality, latency, duration, efficiency, disturbances of sleep, and
global PSQI scores among subjects in the three groups before and after interventions.
Furthermore, there was a significant reduction in the frequencies of nocturnal awakening and
night wakeful time in the acupressure group compared to the other two groups.
CONCLUSIONS: This study confirmed the **effectiveness of acupressure in improving the**
**quality of sleep of elderly people** and offered a nonpharmacological therapy method for sleepdisturbed elderly people.",2025-08-29 21:04:56.110846+00
u_s_-anti-doping-agency,"**United States Anti-Doping Agency**

United States Anti-Doping Agency
2550 Tenderfoot Hill Street, Suite 200
Colorado Springs : Colorado
80906-7346

Phone: 719-782000

Fax: 719-785-2001
[usada@usantidoping.org](mailto:usada@usantidoping.org)


Board of Directors
Ralph Hale, MD, Chair
Richard Cohen, MD, Vice Chair
Barry Axelrod, Treasurer
Kate Hendrickson Borg, Secretary
Evelyn Ashford
Peter Breen, ATC/L, MSPT
Lawrence Brown, MD, MPH
Jean Fourcroy, MD, PhD, MPH
Andrew Mecca, Dr. PH, MPH


_Via Facsimile and Overnight Delivery_


August 9, 2004


Cornel Marculescu

Executive Director

Federation Interantionale De Natation

Av. De I' Aventa-Poste 4

1005 Lausanne

Switzerland

Chuck Wielgus
Executive Director
USA Swimming
One Olympic Plaza
Colorado Springs, CO 80909

Dear Mr. Marculescu and Mr. Wielgus,

As you may know, in mid-June 2004, the United States Anti-Doping Agency
(""USADA"") was informed that certain swimmers associated with the women's
swimming program at Stanford were wearing ""patches"" during practice and
competition. USADA was also informed that some of these ""patches"" had been
tested by a private laboratory and allegedly showed the presence of a prohibited
substance. As you know, USADA was requested to look into the information
provided to it concerning these ""patches.""


First, upon initially learning that swimmers were using these patches, which were
alleged to contain prohibited substances, USADA conducted targeted, out-ofcompetition, no-notice testing on athletes associated with the Stanford women's
program. USADA tested several athletes believed to be wearing the patches and
they tested negative. Additionally, these athletes were also subject to regular incompetition testing and none of the swimmers have tested positive.

Additionally, USADA was provided two separate sets of patches. USADA
forwarded these patches for testing to the World Anti-Doping Agency (""WADA"")
accredited laboratory at the University of California at Los Angeles (""UCLA
Laboratory [""] ). The first set of ""patches"" received by USADA apparently came from
the same set as those that the swimmers were wearing at the 2004 U.S. Olympic
Trials. The second set received by USADA was from the set of patches collected
from the swimmers in early April 2004. USADA has no independent evidence that
the patches came from any other source than as reported to it. 1

The UCLA Laboratory conducted a thorough scientific analysis on both sets of
patches. The UCLA Laboratory analysis utilized gaschromatography/massspectrometry methods which are among the most sophisticated and sensitive in
the detection of prohibited substances. The UCLA Laboratory reports that none of
the patches, which it received from USADA, contained any substance on the
prohibited list. Importantly, these test results are necessarily limited to only the
patches tested and should not be interpreted to suggest that any other patches
are free of prohibited substances.

Lastly, USADA has been in contact with the private laboratory which supposedly
tested patches provided to it by a third party. This laboratory, after conducting an
internal search, has no record of performing testing on any patches and states
unequivocally that it does not perform this type of testing. We have received and
analyzed a fax cover sheet and a typed, unsigned paragraph reporting to be the
test results of the patches performed by this private laboratory. The private
laboratory which supposedly generated this report and fax cover sheet denies that
the report and the fax cover sheet originated at its laboratory.2 USADA has been
unable, despite repeated efforts to fully identify or contact the third party who
supposedly provided the patches directly to this private laboratory.

At this time, following extensive information gathering including target testing,
independent laboratory analysis and investigating the alleged positive laboratory
report, USADA does not have any credible information to support that the patches
provided to it contain any prohibited substances. Likewise, USADA has no
credible evidence to believe that the use of the patches by the swimmers
associated with the Stanford women's swimming program was a violation of any
anti-doping rules.

Importantly, USADA warns all athletes, including your swimmers, that they are
strictly responsible for everything that goes into their body by whatever means.
USADA encourages TINA and USAS to continue to take affirmative steps to
ensure that your swimmers are adequately warned of the dangers of
supplements. As you know, all products in the US, falling under the Dietary
Supplement Health and Education Act (""DSHEA"") including vitamins, minerals, herbs,
amino. Acids, and other supplements regardless of their form or administration (powder,


liquid, cream, transdermal administration) are not adequately regulated and often
domain unlisted prohibited substances which may result in doping violations.

If you have any questions or concern, please feel free to contact me.

Travis T. Tygart Director of Legal Affairs


cc: Terry Madden, CEO, USADA
Jeff Benz, General Counsel, USOC

1 None of the patches received by USADA had any identifying marks, packaging, or brand names
on them.
2 The fax cover sheet and letterhead of the private laboratory is not the same as that or the
alleged test result.",2025-08-29 21:04:57.028527+00
metabolic-implications-of-the-lifewave-x39-patch-study-4,"**Metabolic implications**

**of the**

**Lifewave X39 Patch**


**Melinda H. Connor, D.D., Ph.D., AMP, FAM**

**Caitlin A. Connor, MAcOM, DAOM**

**Naran Gombosuren, Ph.D.**

**Jens Eickhoff, Ph.D.**

**Introduction**

This study explores the metabolic implications and physiologic results of wearing


the Lifewave X39 patch over a one week period of time. Measures were taken at


baseline/Day 1, Day 2 and at 1 Week of wearing the patch. 15 subjects were selected to


participate in this study using a sample of convenience. This was made up of both men


and women aged 40-65.


**Background**


The Lifewave X39 patch focuses on stimulating the copper tripeptide GHK- Cu.


“Copper tripeptide-1(GHK-Cu) is a small protein composed of the three amino acids


(protein building blocks) glycine, histidine, and lysine combined in a specific geometric


configuration with the physiologically beneficial mineral (copper)” (DeHaven, C., 2014).


This tripeptide was first discovered by Dr. Loren Pickart in 1973, when he isolated it


from human plasma albumin. Pickart, noticed differences in the levels of fibrinogen


based on age. He additionally noticed that these differences stopped when the older liver


cells were incubated in blood from younger individuals. “In 1977, David Schlesinger of


the Harvard University Chemistry Department confirmed that the growth modulating


peptide isolated by Pickart was a glycyl-L-histidyl-L-lysine peptide.” It is interesting to


note that this peptide has also been found in saliva, urine, and collagen. Later research


also established that GHK has two forms, GHK alone and GHK-CU, in which the GHK


peptide has bound with copper due to the strong affinity the GHK peptide has for it. It is


also of note that none of the research around GHK has ever found it to cause a negative


side effect. (DeHaven, C., 2014)


The “copper tripeptide-1 belongs to a group of emergency response molecules


which are released during injury and come to the body’s aid...” (DeHaven, C., 2014) It is


naturally released by the body when there is any type of injury to tissue. Research has


identified that the peptide is used to signal the beginning of the natural repair process.


This benefit has specifically been documented through research for post-laser or surgical


wounds, ischemic, burns, skin or hair transplants, and diabetic ulcers. “Diabetic wounds


healed three times faster in the presence of Copper tripeptide-1. Time to re

epithelialization is shortened.” (DeHaven, C., 2014) The “copper tripeptide-1 has been


suggested to have a potential therapeutic role in age-related neurodegeneration and


cognitive decline. It improves axon survival and maintenance of nerves.” (DeHaven, C.,


2014)


The tripeptide has also been shown to improve skin repair. “It increases


keratinocyte proliferation and normal collagen synthesis, improves skin thickness, skin


elasticity and firmness, improves wrinkles, photodamage and uneven pigmentation,


improves skin clarity, and tightens protective barrier proteins.” (DeHaven, C., 2014) This


has an impact on both scars and other effects of damage to the skin, and natural aging


processes. The effects of tissue remodeling also appear to have an impact on cancerous


cells. “The fact that GHK was able to suppress 70% of genes involved in the


development of an aggressive metastatic form of colon cancer indicates that GHK is


capable of the regulation of various biochemical pathways on a gene level and it seems to


be resetting the gene activity back to health, which leads to the improvement of tissue


repair.” (Pickart, L., 2015)


GHK-Cu also has a demonstrated impact on other organs in the body after they


have been damaged. “A collaborative study conducted by scientists from Boston


University, University of Groningen, University of British Columbia, and University of


Pennsylvania established that the GHK peptide reverses the gene expression signature of


COPD, which is manifested by emphysema, inflammation, lung tissue destruction, and


significant reduction of lung capacity.” (Pickart, L., 2015) It is also important to note


that “…the level of GHK is about 200 ng/mL(10−7M) at age 20, but declines to 80


ng/mL by age 60.” (Pickart, L., 2015) This likely explains the increasing effects of aging.


It would also suggest that increased levels over time of GHK-Cu would have a positive


effect on both life expectancy and aging.


**Non-transdermal Patch**


The X39 patches are sealed so that nothing in the patch will penetrate the skin.


This produces consistent promotion of the light flow throughout the time the patch is


worn. In this study the initial baseline readings were taken, and then the X39 patch was


applied. The participant was asked to wear the patch 12 hours each day. The participant


removed the patch at night and a fresh patch was applied each morning prior to 8 am.


The patch was worn for a minimum of 1 hour before the additional data measures were


taken. Patches were worn for a total of 7 days. Data taking with the patch applied was


done on day one, day two and day seven.


**Phototherapy**


Phototherapy has been defined as “the use of ultraviolet (UV) light for its healing


effects.” (Kakimoto, C., 2017) Supported by normal electro-dermal skin conductance


(Becker, (1985), Flick, (2004)), the human body gives off a number of materials


biochemically including particulate release, gas emission, ultraviolet light, near infrared


light, and visible spectrum light. The Lifewave patches have been specifically developed


to reflect this light back onto the skin where the patch has been placed. This then


stimulates the area of skin, producing improved physiological effects. Variations on


phototherapy have been used for at least 100 years. In that time there has not been much


evidence of negative side effects, though there is a concern about a potential increase in


cancer rates. It is currently largely theoretical, and “there was no significant association


found with basal cell carcinoma, squamous cell carcinoma or melanoma.” (Kakimoto, C.,


2017) This suggests that phototherapy represents a relatively unexplored option for


healing with reasonably few risks.


**Meridian Implications and Patch placement**


Specific meridian points are chosen for the placement of the Lifewave patches to


maximize effectiveness. The Chinese meridian system is over 3000 years old, with


current information mapping the meridian system to parts of the lymphatic system. Two


points were specifically chosen for the X39 patch. The first is GV14, Du-14, or Tao Dao,


which is a point on the back, and the second is CV-6, Ren 6, or Qi Hai, which is a point


on the lower abdomen. (Deadman, P., 2001)


This study focused on the metabolic impact of patch usage, with half the


participants using the CV6 point and half using the GV14 point.


**Metabolic Suite**


For the purposes of this study the Sabre Sciences HPA2 metabolic suite has been


selected. The HPA 2 Profile includes both urine and saliva collection. The urine


evaluates: 5-HTP, Serotonin, Dopamine, Epinephrine, Norepinephrine, GABA,


Glutamate, Histamine, L-DOPA, Normetanephrine, Metanephrine, and 3

Methoxytyramine. The saliva evaluates: Cortisol and DHEA. Several additional measures


have been added to the HPA2 suite, Glutathione, and a cysteine to cystine ratio will also


be tested using the urine sample. Three measures will be taken: baseline, 24 hours and


7days. (Sabre Sciences Laboratory, http://www.sabresciences.com/):


Metabolic testing consisted of one 10am urine taken at baseline/day one, day two


and day seven. Saliva Testing consisted of a six swabs taken in one day at baseline/day


one, day two and seven. Subjects self-administered the swab under the supervision of Dr.


Connor when in the laboratory, which was then placed back in the shipping container and


labeled with the subject number. Samples were kept in the freezer at -20F and were


shipped with ice by UPS to the Sabre Science lab in Carlsbad, CA on a daily basis.


**Physiology Suite**

All study participants had the following physiological testing done at base line, 24


hours and 7 days: Six minute recordings of EKG, pulse, respiration, heart rate variability


(HRV), temp, blood volume pulse, galvanic skin response, and 2 EMG (muscle) leads


(one on each shoulder area). At baseline testing, participants were checked for any


allergic reactions to the adhesive patches. Allergic reactions to physiological test patches


happen at a rate of 1:100,000 and if an allergic reaction was discovered participants


would be referred to the local urgent care for treatment and then dropped from the study.


No participants in this study had an adverse event of any type. Fresh adhesive patches


were used for each person tested. Adhesive patches are disposed of in bio hazard


containers after use.


**Questionnaires**

A series of questionnaires were administered to support the metabolic findings.


_**Marlowe Crowne**_

The Marlowe Crowne is a 13 Item true/false short form that is a measure of


subjects’ tendencies to give answers that they may perceive are desired by the interviewer


and/or reflect perceived positive social norms. This variable can produce inaccurate or


misleading findings unless properly controlled for in statistical analysis. Estimated


completion time 2 minutes. This instrument was normed by Reynolds in 1982.


_**McGill Pain Scale**_


This scale is comprised of three sections regarding a subject’s pain. Section


number one asks, “What Does Your Pain Feel Like?” and then lists 20 descriptive


categories that are numerically rated as 1 – 5. Section number two asks, “How Does Your


Pain Change with Time?” The first question asks the subject to describe the pattern of


their pain; and this is followed by 22 descriptive terms regarding their effects on


increasing or decreasing pain. The third section reflects upon the strength of the pain and


has six questions that give a context and comparison to the current pain compared to


other types of pain suffered in the past. Again this section is ranked numerically 1-5, with


one being mild and five being excruciating. (Melzack, R., 1975)


_**Pittsburg Sleep Quality Index**_


This scale is comprised of a mix of quantitative questions and five likert scale


questions 0-3. It explores the type and quality of sleep experienced by an individual over


the past month. It was normed by Cole et al. (2006).


_**Arizona Integrative Outcome Scale, Visual Analogue Scale (AIOS-VAS)**_


_**for Vitality**_


The AIOS- VAS rates subject’s “overall sense of well-being and vitality” over the


past 24 hours, using a 100mm one-line visual analogue scale. This instrument was


normed by Bell in 2004.


_**Profile of Mood States (POMS)**_


The POMS is a 37-item 5 factor scale which is a basic measure of affective state


in several dimensions including vigor, mood, anxiety and depression. 8 minutes


maximum completion time. It was normed by McNair et al., 1971/1981; Shacham, 1983.


_**WAS III**_


A subsection of the WAS III will be used to determine level of short and long


term memory and if there is an improvement in memory from baseline to 7 days.


**Statistical Analysis**


Data from questionnaires were collected on standard answer sheets and scored. Then the


data points were entered into an excel spread sheet for statistical evaluation. Standardized tests


were scored and reviewed for data trends and significant results. All questionnaires parameters


were summarized in terms of means and standard deviation, stratified by assessment time point.


Changes between assessment time points were evaluated using a paired t-test or nonparametric


Wilcoxon Signed Rank test. All physiology parameters were summarized in terms of means and


standard deviation, stratified and across the 6 study epochs. Changes from pre-to post patch


administration were evaluated using a paired t-test. Normal probability plots were examined to


verify the distribution assumptions. All reported P-values are two-sided and PFemaleMale|10 (67%)5 (33%)|
|Age (yrs), means ±SD|61.9 ± 9.3|


A sample of convenience of individuals who responded to locally placed flyers


consisted of 15 individuals. There were five men and 10 women in the study which had a


mean age of 61.9 ± 9.3 years.


**Questionnaire Outcomes**


  - Marlowe-Crowne

  - AIOS-VAS

  - WAIS III

  - Profile of Mood States (POMS)

  - Modified Pittsburg Sleep Quality Index

  - McGill Pain Instrument


_Table 2: Summary of Marlowe-Crowne instrument scores, stratified by day_

|Day|N|Mean|SD|
|---|---|---|---|
|1|15|16.0|2.1|
|7|15|15.5|2.4|



_Table 3: Changes in Marlowe-Crowne instrument scores from day 1 to day 7_

|Col1|Mean Change|SD|p-value|
|---|---|---|---|
|Change from day 1 to day 7|-0.47|0.2|0.4614|



The Marlowe-Crowne looks at social desirability. It is used to measure the


reliability of the data. One common confounding variable in research is research subjects


telling the researchers the answers they think the researchers want. The middle range that


is being shown here suggests that this was not an issue with this particular group. It is


also interesting that this group had a non-significant negative mean change, indicating


that the responders became more honest.


_Table 4: Summary of AIOS-VAS instrument scores, stratified by assessment time point_


|Time|N|Mean|SD|
|---|---|---|---|
|Consent|15|62.7|22.8|
|1.2|14|67.1|22.8|
|2|14|71.1|27.3|
|6|15|78.0|23.1|


_Table 5: Changes in AIOS-VAS instrument scores from Consent to 1.2, Consent to day 2, and Consent to day 7_

_assessments_

|Col1|Mean Change|SD|p-value|
|---|---|---|---|
|Change from 1.1 to 2|7.6|15.3|0.0877|
|Change from 1.1 to 7|15.3|20.6|0.0151|



The AIOS-VAS looks at the overall wellness of an individual. In this case there


was a clear, though not quite significant shift established by the second day of testing. It


had increased to significance by day 7 showing clear overall improvement in the feelings


of vitality and wellness.


_Table 6: Summary of WAISIII instrument scores, stratified by assessment time point_











|Time|Outcome|N|Mean|SD|
|---|---|---|---|---|
|Day 1|# Short# Mid# Long|151515|6.25.35.1|1.92.32.3|
|Day 7|# Short# Mid# Long|151515|7.36.16.1|2.32.93.1|


_Table7: Changes in WAISIII instrument scores from day 1 to day 7_










|Col1|Outcome|Mean Change|SD|p-value|
|---|---|---|---|---|
|Change from Day 1 to Day 7|# Short# Mid# Long|1.10.81.1|2.42.93.2|0.08720.30080.2170|



Memory is a common issue for people above age 45. The WAIS III is a well


established intelligence test which includes a standard memory test. There was a clear,


though not significant, improvement in short term memory by day 7. It is likely that this


would get more significant with a larger group of people and a longer intervention period.


It is also interesting that there was improvement in both mid and long term memory as


well, though to a much lower degree. Further research should be done in this specific area


as a non-invasive support to memory as one ages has the potential to be of benefit to


many individuals.


_Table8: Summary of modified PSQI instrument total scores, stratified by assessment time point_

|Time|N|Mean|SD|
|---|---|---|---|
|Day 1|11|6.7|2.8|
|Day 2|11|5.2|2.7|
|Day 7|7|4.6|2.9|



_Table 9: Changes in modified PSQI instrument scores from day 1 to day 2 and from day 1 to day 7_

|Col1|Mean Change|SD|p-value|
|---|---|---|---|
|Change from Day 1 to Day 2|-1.0|1.3|0.0676|
|Change from Day 1 to Day 7|-3.0|2.9|0.0522|



The Pittsburg Sleep Quality Index was used to look at sleep, which is also a


common issue once people get past 45. This questionnaire showed an immediate strong


shift the first night, though it was not quite significant. The shift by day 7 was significant.


This is particularly important as sleep strongly effects everything else related to health


and wellbeing.


There were no significant changes in the Profile of Mood States and the McGill


Pain scores from the baseline (pre-patch) assessment to close of study.


**Metabolic Outcomes**

_Table 10: Change from day 1 (pre-patch) to day 2, day 2 to day 7, and day 1 (pre-patch) to day 7_


|Marker|Change|MeanChange|SD|p-value|
|---|---|---|---|---|
|Alanine|Day 1 to Day 2|-20.17|36.89|0.0526|
|Cystine|Day 2 to Day 7|-16.07|23.86|0.0206|
|Epinephrine|Day 1 to Day 2|-2.09|3.08|0.0197|
|Epinephrine|Day 2 to Day 7|1.59|2.94|0.0552|
|GABA|Day 1 to Day 7|-0.73|1.50|0.0818|
|Glutathione|Day 2 to Day 7|-3.82|6.73|0.0453|
|Glutathione|Day 1 to Day 7|-5.82|10.37|0.0475|
|Glycine|Day 1 to Day 2|-72.54|117.73|0.0317|
|HCys2|Day 1 to Day 2|0.35|0.55|0.0296|


|Histamine|Day 1 to Day 2|-46.32|75.35|0.0320|
|---|---|---|---|---|
|Histamine|Day 1 to Day 7|-46.64|49.35|0.0026|
|Histamine (free)|Day 1 to Day 2|-9.24|20.20|0.0981|
|Hydroxylysine|Day 1 to Day 7|-0.80|1.75|0.0992|
|Leucine|Day 1 to Day 2|-4.84|7.84|0.0313|
|Normetanephrine|Day 2 to Day 7|-13.06|23.32|0.0479|
|PEAPhenylethylamine|Day 1 to Day 7|-0.59|1.12|0.0589|
|Phenylalanine|Day 2 to Day 7|6.33|10.94|0.0418|
|Tryptophan|Day 2 to Day 7|-10.81|18.55|0.0406|
|Alpha-aminobutyricacid|Day 1 to Day 7|-8.90|13.79|0.0256|
|Alpha-aminobutyricacid|Day 2 to Day 7|-5.29|7.79|0.0198|


Amino acids and neurotransmitters play a critical role in the health and wellbeing


of individuals. If an individual’s amino acid and neurotransmitter production is broken,


the individual cannot maintain body health for long. The number of statistically


significant changes demonstrated in this study shows the powerful impact which can be


created by the use of phototherapy products and the clear positive changes produced by


the application of this specific non-transdermal Lifewave product X-39. Key findings are


Glutamate and Histamine as they show a distinct anti-inflammatory trend produced by


the patch.


Of note the amino acids Glycine and Glutamate, which are used in the process to


form Glutathione in a transsulfuration pathway, both showed a drop off at a level of


significance. This is very important. Gluthione is part of the body system which supports


reduction of inflammation pathways in a unique aspect. It specifically acts from the liver


to detoxify the blood. So for example, it clears heavy metals from the body rather than


acting as an anti-inflammatory agent directly. A decrease in the materials that produce the


glutathione as the result of patch usage means that more glutathione is being made. This


results in higher availability of the glutathione in the blood and allows the body to clear


more damaging material faster. This supports the overall reduction in inflammation


which was demonstrated in the data results.


**Physiology Outcomes**
_Table 11: Change from pre-patch to last-patch (day 7) of HF, LF/HF NN50, PNN50,_
_Power, RMSSD, and VLF, stratified by Epoch (1-6)_

|Source|Outcome|Epoch|MeanChange|SD|p-value|
|---|---|---|---|---|---|
|EKG|SDNN|2|-42.89|82.71|0.06430|
|BVP|HF|5|-1085.13|2038.55|0.05830|
|BVP|NN50|1|-3.13|5.34|0.03950|
|BVP|NN50|2|-2.13|4.12|0.06470|
|BVP|NN50|3|-1.73|2.89|0.03580|
|BVP|NN50|5|-2.73|3.03|0.00360|
|BVP|PNN50|1|-0.05|0.08|0.03820|
|BVP|PNN50|2|-0.03|0.07|0.06880|
|BVP|PNN50|3|-0.03|0.04|0.04290|
|BVP|PNN50|5|-0.04|0.04|0.00360|
|BVP|RMSSD|5|-21.13|36.49|0.04160|
|BVP|SDNN|5|-19.42|27.08|0.01480|
|BVP|VLF|5|-382.47|426.65|0.00370|



_Table 12: Change from pre-patch to last-patch (day 7) of HF, LF/HF NN50, PNN50,_
_Power, RMSSD, and VLF, across all 6 Epochs_








|Source|Outcome|MeanChange|SD|p-value|
|---|---|---|---|---|
|EKG|HF|-1115.01|28492.47|0.7113|
|EKG|LF|14424.43|104293.22|0.1929|
|EKG|LF/HF|0.28|1.31|0.0487|
|BVP|HF|-786.72|3852.92|0.0559|
|BVP|LF|205.48|4414.61|0.6599|
|BVP|LF/HF|-0.08|5.93|0.9004|
|BVP|NN50|-1.96|3.80|Change|SD|p-value|
|---|---|---|---|---|---|
|BVPHR|Average|2|4.51|7.83|0.0426|
|BVPHRMaxMin|Average|5|-2.23|3.13|0.0153|
|BVPHRMaxMin|Mode|1|-1.18|2.17|0.0533|
|BVPHRMaxMin|Mode|2|-0.73|1.57|0.0917|
|EKGHRMaxMin|Mode|6|-33.34|67.42|0.0871|
|RespRate|Mode|1|1.92|4.03|0.0868|


_Table 14: Change from pre-patch to last-patch (day 7) of BVP-HR, EMG, Skin-Condition,_
_Temperature and Respiratory Rate for Average, Mode, and Area, across all 6 Epochs_







|Source|Outcome|MeanChange|SD|p-value|
|---|---|---|---|---|
|BVPHR|Average|2.54|8.31|0.0047|
|BVPHR|Mode|2.31|9.60|0.0249|
|BVPHRMaxMin|Average|-1.67|5.50|0.0049|
|EMG|Average|-39.44|124.62|0.0035|
|EMG|Mode|-38.45|128.72|0.0057|
|EMG|Area|-2366.63|7477.30|0.0035|


Reduction in blood pressure and improved muscle relaxation are consistent changes


which are present in the physiology data. Greater flexibility in HRV in the over age 60


population is an important finding.


**Discussion**


It should be remembered that this was both a sample of convenience and a 1 week


study with a sample size of 15 subjects. However, there are several areas that showed


significant change, as well as a few that showed a clear tendency to change, though not


quite to the level of significance. It should also be noted that the shift in sleep is


especially interesting given that the research subjects sleep was being interrupted every


four hours for the saliva testing on the days those questionnaires were administered. This


means that the results may have been stronger without the confounding variable. The lack


of shift in POM, which looks at overall mood, is also interesting. The patch itself was not


expected to shift the research subjects’ mood, but there was a possibility of it being a


secondary effect. Improved sleep and energy often improve people’s mood.


There are several key pieces of information in this data. The first is the


improvement in blood pressure. For a non-invasive process like photo-therapy in


comparison with the challenging side-effects caused by most blood pressure medications


and a more vulnerable population with those who are aging, further exploration of this


parameter should be a priority.


The second is the impact of the metabolic changes shown in amino acid


production. While amino acid production and metabolism changes on a daily basis and is


strongly impacted by what foods we eat and our daily activities, the data taken over


several days gives a snap-shot of change. Key findings are Glutathione and Histamine


results as they show a distinct anti-inflammatory trend produced by the patch. This is


further confirmed when looking at Glycine and Glutamate in combination. They are used


in the metabolic processes to form Glutathione through the transsulfuration pathway.


Since both showed a drop off at a level of significance it shows that they are being used


for the purpose of the production of Glutathione. This is very important. Gluthione is part


of the body system which supports reduction of inflammation pathways in a unique


aspect. It specifically acts from the liver to detoxify the blood.


In addition, the third finding shows that flexibility in the gut systems may be able


to be restored. As one ages there is often less flexibility in all the body systems.


Flexibility is key in human survival. We must be able to adapt moment to moment in


order to survive. This patch triggers change in the gut and what may be determined in


studies of longer duration to be restoring fitness and adaptability to change. It is


important to note as the fourth finding that changes were in most of the types of amino


acids and not limited to a single type of amino acid. We saw changes in essential, non

essential, branched chain essential, aromatic and non- proteinogenic amino acids instead


of a single amino acid or area of amino acid production.


The fifth interesting finding is the almost as significant (0.08) improved short


term memory within a week. Memory loss in aging is a significant issue around the


world. Longer studies of larger size which explore the impact of this phototherapy


product should be explored.


**Summary**

This study explored the metabolic and physiologic aspects of the Lifewave X39


patch. In addition, questionnaires which were administered concurrently cover a range of


previously reported experiences with the X39 patches. These include quality of sleep


improvement, memory improvement, feelings of vitality, reduction of pain and


inflammation, and an overall sense of well-being. This study provides a short term


picture of the lived experience of participants who are wearing the Lifewave X39 patch.


The data results of improvement in blood pressure, 17 statistically significant


amino acid changes over the 7 days, significant improvement in anti-inflammatory


response, improvement in sleep levels, reduction in blood pressure, improvement in short


term memory, improvement in reported feelings of vitality and consistency in reporting


across the study suggest that further research with a larger sample size be done and


confirm the previously reported anecdotal responses in the testing of earlier subjects.


Since this study was done on an aging population it is also important to note that


the patch appears to support the movement back toward fitness of the gut system and


improved adaptability to change. The human body must live on the edge of chaos so that


it can adapt and respond to change moment to moment in order to survive. One of the


first areas of the body that shows a lack of adequate responsiveness to change as we age


is the gut. While this is only a one week period, the oscillatory effect shown in the data


over the three samples taken during that period on each subject, show improved response


promoting fitness and adaptability to change. If one can change in response to the


environment, one can survive longer. Combined with the anti-inflammatory response


shown in this data, there is a potential for impact on longevity. Further longitudinal


studies need to be undertaken to determine if these effects are maintained or improved


over time.


The Lifewave X39 patch shows clear, significant metabolic, blood pressure,


memory improvement, sleep and other changes over the course of one week which


should be explored over longer periods of time in future studies so that a better


understanding of the comprehensive nature and effects of the phototherapy produced by


this patch may be demonstrated.


**References**

Becker, R., Selden, G., “The Body Electric”, William Morrow Pub., New York, NY,
1985.


Bell, I., Cunningham, V., Caspi, O., Meek, P., Ferro, L., (2004) “Development and
validation of a new global well-being outcomes rating scale for integrative medicine
research.” BMC Complementary and Alternative Medicine. 2004; 4: 1.

Deadman, P., Al-Khafaji, M., Baker, K., (2001) A Manual of Acupuncture. Eastland
Press. 1240 Activity Dr., #D Vista, CA, 92083.

DeHaven, C., (2014) Copper Tripeptide-1. Science of Skincare.

Feinstein, D., “Rapid Treatment of PTSD: Why Psychological Exposure with Acupoint
Tapping May Be Effective”, Psychotherapy: Theory, Research, Practice, Training. 47(3),
385-402, 2010, American Psychological Association.

Flick, A. B., “Silver and Wound Healing”, CAM Research Symposium, Hershey Medical
School, Hershey PA, July 2004.

Geo Peptides Staff. (2015) What are Copper Peptides? Retrieved August 5, 2018.
https://www.geopeptides.com/copperpep.html

Kakimoto, C., (2017) What is phototherapy, and how does it work?
https://www.dermatologistoncall.com/blog/what-is-phototherapy-and-how-does-it-work/

Melzack R. (1975) The McGill Pain Questionnaire: Major properties and scoring
methods. Pain. 1: 277-299.

Pickart, L., Vasquez-Soltero, J., Margolina, A. (2015) GHK Peptide as a Natural
Modulator of Multiple Cellular Pathways in Skin Regeneration. Hindawi Publishing
Corporation BioMed Research International Volume 2015, Article ID 648108, 7 pages
[http://dx.doi.org/10.1155/2015/648108.](http://dx.doi.org/10.1155/2015/648108)

Reynolds, W. (1982) Development of reliable and valid short forms of the
Marlowe‐Crowne social desirability scale. Journal of Clinical Psychology. January 1982

                 -                  -                  https://doi.org/10.1002/1097 [4679(198201)38:13.0.CO;2
[I](https://doi.org/10.1002/1097-4679(198201)38:1%3c119::AID-JCLP2270380118%3e3.0.CO;2-I)


**Appendix A: Complete Statistical Results**


**Statistical Analysis Report**


**GHK- CU Study – Questionnaire Data**

Table 1: Demographics (N=15) ................................................................................................................... 20

Table 2: Summary of Marlowe-Crowne instrument scores, stratified by day ........................................... 20

Table 3: Changes in Marlowe-Crowne instrument scores from day 1 to day 7 ........................................ 20

Table 4: Summary of POMS instrument scores, stratified by assessment time point ............................... 20

Table 5: Changes in POMS instrument scores from 1.1 to 1.2, 1.1 to 2, and 1.1 to 7 assessment

time points ................................................................................................................................................. 20

Table 6: Summary of AIOS-VAS instrument scores, stratified by assessment time point ......................... 20

Table 7: Changes in AIOS-VAS instrument scores from Consent to 1.2, Consent to 2, and Consent

to 7 assessments ........................................................................................................................................ 21

Table 8: Summary of WAISIII instrument scores, stratified by assessment time point ............................. 21

Table 9: Changes in WAISIII instrument scores from day 1 to day 7 .......................................................... 21

Table 10: Summary of PSQI instrument total scores, stratified by assessment time point ....................... 21

Table 11: Changes in PSQI instrument scores from day 1 to day 7 ............................................................ 21

Table 12: Summary of modified PSQI instrument total scores, stratified by assessment time

point ........................................................................................................................................................... 21

Table 13: Changes in modified PSQI instrument scores from day 1 to day 2 and from day 1 to day

7 .................................................................................................................................................................. 21

Table 14: Summary of modified McGill total pain scores, stratified by assessment time point ............... 22

Table 15: Changes in modified McGill total pain scores from day 1 to day 2 and from day 1 to

day 7 ........................................................................................................................................................... 22

**Study Design** : Single arm study with 2 – 4 assessment time points.

**Sample Size:** N=15

**Statistical Methods** : All physiology suite parameters were summarized in terms of
means and standard deviation, stratified by assessment time point. Changes between
assessment time points were evaluated using a paired t-test or nonparametric Wilcoxon
Signed Rank test.

Questionnaire Outcomes


  - Marlowe-Crowne

  - AIOS-VAS

  - WAIS III

  - Profile of Mood States (POMS)

  - Pittsburgh Sleep Quality Index (PSQI)

  - Modified PSQI

  - McGill Pain Instrument


_Table 4: Demographics (N=15)_








|Col1|N (%)|
|---|---|
|GenderFemaleMale|10 (67%)5 (33%)|
|Age (yrs), means ±SD|61.9 ± 9.3|



_Table 5: Summary of Marlowe-Crowne instrument scores, stratified by day_

|Day|N|Mean|SD|
|---|---|---|---|
|1|15|16.0|2.1|
|7|15|15.5|2.4|



_Table 6: Changes in Marlowe-Crowne instrument scores from day 1 to day 7_

|Col1|Mean Change|SD|p-value|
|---|---|---|---|
|Change from day 1 to day 7|-0.47|0.2|0.4614|



_Table 7: Summary of POMS instrument scores, stratified by assessment time point_

|Time|N|Mean|SD|
|---|---|---|---|
|1.1|15|28.4|19.3|
|1.2|14|29.3|20.6|
|2|13|30.6|20.0|
|7|14|27.2|19.2|



_Table 8: Changes in POMS instrument scores from 1.1 to 1.2, 1.1 to 2, and 1.1 to 7 assessment time points_

|Col1|Mean Change|SD|p-value|
|---|---|---|---|
|Change from 1.1 to 1.2|4.4|11.2|0.1622|
|Change from 1.1 to 2|4.4|16.2|0.3490|
|Change from 1.1 to 7|1.2|19.2|0.8162|



_Table 9: Summary of AIOS-VAS instrument scores, stratified by assessment time point_


|Time|N|Mean|SD|
|---|---|---|---|
|Consent|15|62.7|22.8|
|1.2|14|67.1|22.8|
|2|14|71.1|27.3|
|7|15|78.0|23.1|


_Table 10: Changes in AIOS-VAS instrument scores from Consent to 1.2, Consent to 2, and Consent to day 7 assessments_

|Col1|Mean Change|SD|p-value|
|---|---|---|---|
|Change from 1.1 to 1.2|2.6|12.8|0.3146|
|Change from 1.1 to 2|7.6|15.3|0.0877|
|Change from 1.1 to 7|15.3|20.6|0.0151|



_Table 11: Summary of WAISIII instrument scores, stratified by assessment time point_











|Time|Outcome|N|Mean|SD|
|---|---|---|---|---|
|Day 1|# Short# Mid# Long|151515|6.25.35.1|1.92.32.3|
|Day 7|# Short# Mid# Long|151515|7.36.16.1|2.32.93.1|


_Table 12: Changes in WAISIII instrument scores from day 1 to day 7_





|Col1|Outcome|Mean Change|SD|p-value|
|---|---|---|---|---|
|Change from Day 1 to Day 7|# Short# Mid# Long|1.10.81.1|2.42.93.2|0.08720.30080.2170|


_Table 13: Summary of PSQI instrument total scores, stratified by assessment time point_







|Time|N|Mean|SD|
|---|---|---|---|
|Day 1|14|6.3|2.8|
|Day 7|11|5.3|2.5|


_Table 14: Changes in PSQI instrument scores from day 1 to day 7_

|Col1|Mean Change|SD|p-value|
|---|---|---|---|
|Change from Day 1 to Day 7|-0.4|1.6|0.5152|



_Table 15: Summary of modified PSQI instrument total scores, stratified by assessment time point_

|Time|N|Mean|SD|
|---|---|---|---|
|Day 1|11|6.7|2.8|
|Day 2|11|5.2|2.7|
|Day 7|7|4.6|2.9|



_Table 16: Changes in modified PSQI instrument scores from day 1 to day 2 and from day 1 to day 7_


|Col1|Mean Change|SD|p-value|
|---|---|---|---|
|Change from day 1 to day 2|-1.0|1.3|0.0676|
|Change from day 1 to day 7|-3.0|2.9|0.0522|


_Table 17: Summary of modified McGill total pain scores, stratified by assessment time point_

|Time|N|Mean|SD|
|---|---|---|---|
|Day 1.1|15|6.2|6.7|
|Day 1.2|15|9.2|16.1|
|Day 2|15|5.9|9.8|
|Day 7|15|6.1|9.0|



_Table 18: Changes in modified McGill total pain scores from day 1 to day 2 and from day 1 to day 7_






|Col1|Mean Change|SD|p-value|
|---|---|---|---|
|Change from Day 1.1 to Day1.2|3.0|16.9|0.8867|
|Change from Day 1.1 to Day2|-0.3|9.5|0.7480|
|Change from Day 1.1 to Day7|-0.1|7.7|0.6328|



There are no changes in the McGill pain scores from the baseline (pre-patch) assessment.


**GHK- CU Study – Physiology Suite Data**

Table 1: Summary statistics for pre- vs. Last-patch (day 7) of HF, LF/HF NN50, PNN50, Power,

RMSSD, and VLF, stratified by Epoch (1-6) ................................................................................................ 23
Table 2: Change from pre-patch to Last-patch (day 7) of HF, LF/HF NN50, PNN50, Power,

RMSSD, and VLF, stratified by Epoch (1-6) ................................................................................................ 26
Table 3: Summary statistics for pre- vs. Last patch (day 7) of HF, LF/HF NN50, PNN50, Power,

RMSSD, and VLF, across all 6 Epochs ......................................................................................................... 29
Table 4: Change from pre-patch to Last-patch (day 7) of HF, LF/HF NN50, PNN50, Power,

RMSSD, and VLF, across all 6 Epochs ......................................................................................................... 29
Table 5: Summary statistics for pre- vs. Last patch (day 7) of BVP-HR, EMG, Skin-Condition,

Temperature and Respiratory Rate for all distribution characteristics outcomes, stratified by

Epoch (1-6) ................................................................................................................................................. 30

Table 6: Change from pre-patch to Last patch (day 7) of BVP-HR, EMG, Skin-Condition,
Temperature and Respiratory Rate for Average,Mode,and Area, stratified by Epoch (1-6) ..................... 37

Table 7: Summary statistics for pre- vs. Last patch (day 7) of BVP-HR, EMG, Skin-Condition,

Temperature and Respiratory Rate for all distribution characteristics outcomes, across all 6

epochs ........................................................................................................................................................ 40
Table 8: Change from pre-patch to Last patch (day 7) of BVP-HR, EMG, Skin-Condition,

Temperature and Respiratory Rate for Average, Mode,and Area, across all 6 Epochs ............................. 42


**Study Design** : Pre-post study comparing physiology suite outcome measures before
patch vs. last (day 7) patch administration.

**Sample Size:** N=15

**Statistical Methods** : All physiology suite parameters were summarized in terms of
means and standard deviation, stratified and across the 6 study epochs. Changes from
pre-to post patch administration were evaluated using a paired t-test. Normal probability
plots were examined to verify the distribution assumptions. All reported P-values are
two-sided and PChange|SD|p-value|
|---|---|---|---|---|---|
|EKG|HF|1|3154.59|29005.20|0.68000|
|EKG|HF|2|-4184.73|12598.21|0.21910|
|EKG|HF|3|6019.14|41214.98|0.58060|
|EKG|HF|4|3415.29|23353.35|0.58010|
|EKG|HF|5|-5091.11|28409.00|0.49900|
|EKG|HF|6|-10669.64|31051.54|0.22100|
|EKG|LF|1|43702.64|188421.31|0.38420|
|EKG|LF|2|3165.08|51770.52|0.81630|
|EKG|LF|3|9239.37|35358.13|0.32870|
|EKG|LF|4|28091.37|104765.04|0.31660|
|EKG|LF|5|3998.41|22850.85|0.50900|
|EKG|LF|6|-2024.20|133453.31|0.95560|
|EKG|LF/HF|1|0.50|1.81|0.30510|
|EKG|LF/HF|2|0.22|1.11|0.45440|
|EKG|LF/HF|3|0.09|0.47|0.44920|
|EKG|LF/HF|4|0.55|1.70|0.23440|
|EKG|LF/HF|5|0.15|0.36|0.11820|
|EKG|LF/HF|6|0.14|1.80|0.77260|
|EKG|NN50|1|-1.87|4.50|0.13060|
|EKG|NN50|2|2.40|5.78|0.13010|
|EKG|NN50|3|-0.13|8.13|0.95030|
|EKG|NN50|4|1.87|6.82|0.30730|
|EKG|NN50|5|2.00|5.96|0.21500|
|EKG|NN50|6|1.14|6.09|0.49480|
|EKG|PNN50|1|-0.01|0.04|0.22480|
|EKG|PNN50|2|0.01|0.03|0.44660|
|EKG|PNN50|3|0.00|0.03|0.95160|
|EKG|PNN50|4|0.00|0.05|0.71980|
|EKG|PNN50|5|-0.01|0.05|0.51460|
|EKG|PNN50|6|-0.01|0.04|0.34490|
|EKG|Power|1|51633.02|253690.12|0.44370|
|EKG|Power|2|-1680.88|72944.30|0.93020|
|EKG|Power|3|20500.80|95031.26|0.41750|
|EKG|Power|4|62442.52|221196.63|0.29270|


|EKG|Power|5|-2636.59|48451.54|0.83610|
|---|---|---|---|---|---|
|EKG|Power|6|4442.72|267301.28|0.95140|
|EKG|RMSSD|1|24.02|241.70|0.70620|
|EKG|RMSSD|2|-47.39|118.28|0.14300|
|EKG|RMSSD|3|17.51|294.04|0.82090|
|EKG|RMSSD|4|1.79|198.97|0.97270|
|EKG|RMSSD|5|-63.85|214.48|0.26820|
|EKG|RMSSD|6|-42.95|211.64|0.46120|
|EKG|SDNN|1|28.08|208.21|0.60960|
|EKG|SDNN|2|-42.89|82.71|0.06430|
|EKG|SDNN|3|20.75|209.31|0.70680|
|EKG|SDNN|4|5.58|147.42|0.88550|
|EKG|SDNN|5|-32.43|145.93|0.40390|
|EKG|SDNN|6|-43.01|148.53|0.29830|
|EKG|VLF|1|4775.80|41081.08|0.65940|
|EKG|VLF|2|-661.23|17028.51|0.88260|
|EKG|VLF|3|5242.29|21025.80|0.35060|
|EKG|VLF|4|30935.86|109560.83|0.29260|
|EKG|VLF|5|-1543.89|3669.04|0.12540|
|EKG|VLF|6|17136.56|120381.27|0.60330|
|BVP|HF|1|-119.00|1129.86|0.68950|
|BVP|HF|2|-2745.42|7692.69|0.18860|
|BVP|HF|3|-396.41|1771.01|0.40060|
|BVP|HF|4|540.54|2849.49|0.47470|
|BVP|HF|5|-1085.13|2038.55|0.05830|
|BVP|HF|6|-969.55|3551.06|0.32560|
|BVP|LF|1|561.24|2192.12|0.33820|
|BVP|LF|2|-933.75|8693.08|0.68370|
|BVP|LF|3|239.78|1035.47|0.38500|
|BVP|LF|4|-95.13|948.78|0.70360|
|BVP|LF|5|457.61|4474.31|0.69800|
|BVP|LF|6|1071.09|4533.33|0.39270|
|BVP|LF/HF|1|0.82|4.23|0.46800|
|BVP|LF/HF|2|-0.29|8.11|0.89130|
|BVP|LF/HF|3|0.71|6.18|0.66280|
|BVP|LF/HF|4|-1.06|8.15|0.62380|
|BVP|LF/HF|5|-0.58|3.98|0.57940|
|BVP|LF/HF|6|-0.27|4.10|0.80980|
|BVP|NN50|1|-3.13|5.34|0.03950|
|BVP|NN50|2|-2.13|4.12|0.06470|
|BVP|NN50|3|-1.73|2.89|0.03580|


|BVP|NN50|4|-0.67|3.60|0.48490|
|---|---|---|---|---|---|
|BVP|NN50|5|-2.73|3.03|0.00360|
|BVP|NN50|6|-1.14|3.37|0.22680|
|BVP|PNN50|1|-0.05|0.08|0.03820|
|BVP|PNN50|2|-0.03|0.07|0.06880|
|BVP|PNN50|3|-0.03|0.04|0.04290|
|BVP|PNN50|4|-0.01|0.06|0.43010|
|BVP|PNN50|5|-0.04|0.04|0.00360|
|BVP|PNN50|6|-0.02|0.05|0.17910|
|BVP|Power|1|545.78|2280.01|0.36960|
|BVP|Power|2|-8328.21|31202.70|0.31880|
|BVP|Power|3|-214.30|1871.40|0.66420|
|BVP|Power|4|307.79|3957.22|0.76770|
|BVP|Power|5|-1009.99|3912.89|0.33440|
|BVP|Power|6|159.57|8096.33|0.94230|
|BVP|RMSSD|1|-17.35|78.45|0.40610|
|BVP|RMSSD|2|-45.31|139.63|0.22940|
|BVP|RMSSD|3|-20.12|53.66|0.16840|
|BVP|RMSSD|4|-3.70|40.78|0.73050|
|BVP|RMSSD|5|-21.13|36.49|0.04160|
|BVP|RMSSD|6|-16.81|66.48|0.36130|
|BVP|SDNN|1|-14.88|51.26|0.27970|
|BVP|SDNN|2|-36.68|127.28|0.28320|
|BVP|SDNN|3|-14.89|36.20|0.13350|
|BVP|SDNN|4|-5.96|38.00|0.55320|
|BVP|SDNN|5|-19.42|27.08|0.01480|
|BVP|SDNN|6|-15.82|50.23|0.25970|
|BVP|VLF|1|103.55|547.35|0.47580|
|BVP|VLF|2|-4649.04|16958.99|0.30630|
|BVP|VLF|3|-57.67|573.83|0.70290|
|BVP|VLF|4|-137.63|741.02|0.48380|
|BVP|VLF|5|-382.47|426.65|0.00370|
|BVP|VLF|6|58.02|1755.00|0.90340|


_Table 21: Summary statistics for pre- vs. Last patch (day 7) of HF, LF/HF NN50, PNN50,_
_Power, RMSSD, and VLF, across all 6 Epochs_

|Col1|Col2|Pre-patch|Col4|Last-patch (Day 7)|Col6|
|---|---|---|---|---|---|
|**Source**|**Outcome**|**Mean**|**SD**|**Mean**|**SD**|
|EKG|HF|23893.77|18487.28|22778.77|24740.27|
|EKG|LF|17020.81|39992.04|31445.25|96188.86|
|EKG|LF/HF|0.65|0.74|0.92|1.08|
|EKG|NN50|38.32|5.43|39.16|5.93|
|EKG|PNN50|0.44|0.03|0.44|0.03|
|EKG|Power|47640.73|67916.09|70076.42|166485.72|
|EKG|RMSSD|546.19|166.44|527.98|201.30|
|EKG|SDNN|372.10|112.67|361.59|148.66|
|EKG|VLF|6726.15|19705.90|15852.41|63648.29|
|BVP|HF|2006.26|5250.16|1219.54|3722.92|
|BVP|LF|1212.62|3001.00|1418.10|4216.50|
|BVP|LF/HF|3.71|5.33|3.64|3.27|
|BVP|NN50|4.86|5.79|2.90|4.04|
|BVP|PNN50|0.07|0.09|0.04|0.05|
|BVP|Power|4346.12|13669.71|2919.37|7809.44|
|BVP|RMSSD|75.74|94.85|53.97|81.91|
|BVP|SDNN|70.89|71.80|52.28|63.04|
|BVP|VLF|1127.24|6929.44|281.73|698.56|



_Table 22: Change from pre-patch to last-patch (day 7) of HF, LF/HF NN50, PNN50,_
_Power, RMSSD, and VLF, across all 6 Epochs_








|Source|Outcome|MeanChange|SD|p-value|
|---|---|---|---|---|
|EKG|HF|-1115.01|28492.47|0.7113|
|EKG|LF|14424.43|104293.22|0.1929|
|EKG|LF/HF|0.28|1.31|0.0487|
|EKG|NN50|0.83|6.31|0.2133|
|EKG|PNN50|0.00|0.04|0.3994|
|EKG|Power|22435.68|177642.61|0.2340|
|EKG|RMSSD|-18.22|214.87|0.4234|
|EKG|SDNN|-10.50|160.20|0.5356|
|EKG|VLF|9126.26|67230.39|0.2012|
|BVP|HF|-786.72|3852.92|0.0559|
|BVP|LF|205.48|4414.61|0.6599|
|BVP|LF/HF|-0.08|5.93|0.9004|


|BVP|NN50|-1.96|3.80|Change|SD|p-value|
|---|---|---|---|---|---|
|BVPHR|Average|1|3.47|8.57|0.1393|
|BVPHR|Average|2|4.51|7.83|0.0426|
|BVPHR|Average|3|3.23|7.87|0.1338|
|BVPHR|Average|4|1.69|9.18|0.4866|
|BVPHR|Average|5|0.48|8.92|0.8378|
|BVPHR|Average|6|2.69|7.87|0.2231|
|BVPHR|Mode|1|2.29|9.69|0.3754|
|BVPHR|Mode|2|2.35|10.46|0.3998|
|BVPHR|Mode|3|3.26|9.99|0.2261|
|BVPHR|Mode|4|1.80|11.77|0.5641|
|BVPHR|Mode|5|1.30|9.01|0.5847|
|BVPHR|Mode|6|3.34|7.79|0.1329|
|BVPHRMaxMin|Average|1|-0.54|4.61|0.6583|
|BVPHRMaxMin|Average|2|-3.29|10.09|0.2272|
|BVPHRMaxMin|Average|3|-1.33|2.98|0.1047|
|BVPHRMaxMin|Average|4|-0.63|4.94|0.6286|
|BVPHRMaxMin|Average|5|-2.23|3.13|0.0153|
|BVPHRMaxMin|Average|6|-1.73|4.52|0.1763|
|BVPHRMaxMin|Mode|1|-1.18|2.17|0.0533|
|BVPHRMaxMin|Mode|2|-0.73|1.57|0.0917|
|BVPHRMaxMin|Mode|3|1.89|10.29|0.4894|
|BVPHRMaxMin|Mode|4|0.17|2.56|0.8021|
|BVPHRMaxMin|Mode|5|-1.06|2.63|0.1390|


|BVPHRMaxMin|Mode|6|-0.77|2.13|0.2016|
|---|---|---|---|---|---|
|EMG|Average|1|-47.37|156.16|0.2597|
|EMG|Average|2|-41.66|134.35|0.2497|
|EMG|Average|3|-32.95|120.86|0.3090|
|EMG|Average|4|-37.51|128.11|0.2758|
|EMG|Average|5|-35.27|112.16|0.2434|
|EMG|Average|6|-42.30|116.23|0.1964|
|EMG|Mode|1|-71.50|198.24|0.1842|
|EMG|Mode|2|-31.67|128.86|0.3573|
|EMG|Mode|3|-36.76|133.32|0.3036|
|EMG|Mode|4|-36.54|123.10|0.2696|
|EMG|Mode|5|-32.31|105.53|0.2554|
|EMG|Mode|6|-21.01|63.91|0.2405|
|EMG|Area|1|-2841.91|9369.34|0.2597|
|EMG|Area|2|-2499.75|8061.27|0.2497|
|EMG|Area|3|-1976.78|7251.87|0.3090|
|EMG|Area|4|-2250.79|7686.36|0.2758|
|EMG|Area|5|-2116.15|6729.75|0.2434|
|EMG|Area|6|-2538.04|6974.02|0.1964|
|EMG|Average|1|12.89|105.67|0.6440|
|EMG|Average|2|-8.91|100.16|0.7356|
|EMG|Average|3|-10.44|74.71|0.5969|
|EMG|Average|4|1.21|82.31|0.9553|
|EMG|Average|5|0.56|90.21|0.9810|
|EMG|Average|6|-2.70|121.61|0.9351|
|EMG|Mode|1|19.63|99.86|0.4590|
|EMG|Mode|2|-17.45|78.42|0.4033|
|EMG|Mode|3|-12.13|83.13|0.5810|
|EMG|Mode|4|-4.05|71.81|0.8302|
|EMG|Mode|5|-2.15|83.96|0.9225|
|EMG|Mode|6|-0.54|127.42|0.9876|
|EMG|Area|1|773.25|6340.13|0.6440|
|EMG|Area|2|-534.67|6009.89|0.7355|
|EMG|Area|3|-626.43|4482.69|0.5969|
|EMG|Area|4|72.67|4938.74|0.9554|
|EMG|Area|5|33.84|5412.35|0.9810|
|EMG|Area|6|-161.92|7296.73|0.9351|
|EKGHR|Average|2|0.37|13.68|0.8827|
|EKGHR|Average|3|0.13|14.53|0.9736|
|EKGHR|Average|4|1.85|13.49|0.6037|
|EKGHR|Average|5|5.15|11.79|0.1130|


|EKGHR|Average|6|3.93|15.74|0.3666|
|---|---|---|---|---|---|
|EKGHR|Mode|2|-1.15|34.63|0.8569|
|EKGHR|Mode|3|-0.49|30.98|0.9519|
|EKGHR|Mode|4|9.58|21.99|0.1137|
|EKGHR|Mode|5|3.09|22.59|0.6041|
|EKGHR|Mode|6|6.18|33.79|0.5061|
|EKGHRMaxMin|Average|2|-3.68|29.92|0.5063|
|EKGHRMaxMin|Average|3|-5.19|20.06|0.3338|
|EKGHRMaxMin|Average|4|-9.37|35.70|0.3267|
|EKGHRMaxMin|Average|5|-1.20|16.30|0.7793|
|EKGHRMaxMin|Average|6|3.92|36.00|0.6905|
|EKGHRMaxMin|Mode|2|17.06|88.11|0.2976|
|EKGHRMaxMin|Mode|3|-29.89|80.06|0.1701|
|EKGHRMaxMin|Mode|4|6.02|77.88|0.7690|
|EKGHRMaxMin|Mode|5|-3.16|79.37|0.8798|
|EKGHRMaxMin|Mode|6|-33.34|67.42|0.0871|
|SkinCond|Average|1|0.09|0.85|0.6960|
|SkinCond|Average|2|0.09|0.82|0.6779|
|SkinCond|Average|3|0.02|0.98|0.9231|
|SkinCond|Average|4|-0.04|0.92|0.8692|
|SkinCond|Average|5|-0.05|1.03|0.8678|
|SkinCond|Average|6|-0.03|0.97|0.9008|
|SkinCond|Mode|1|0.12|0.74|0.5349|
|SkinCond|Mode|2|0.13|0.77|0.5148|
|SkinCond|Mode|3|0.07|0.95|0.7922|
|SkinCond|Mode|4|-0.04|0.92|0.8594|
|SkinCond|Mode|5|0.03|0.89|0.9042|
|SkinCond|Mode|6|-0.03|0.97|0.8988|
|SkinCond|Area|1|5.27|51.27|0.6963|
|SkinCond|Area|2|5.36|49.02|0.6785|
|SkinCond|Area|3|1.49|58.64|0.9231|
|SkinCond|Area|4|-2.39|55.13|0.8691|
|SkinCond|Area|5|-2.70|61.68|0.8677|
|SkinCond|Area|6|-1.97|58.15|0.9011|
|Temp|Average|1|-0.25|1.51|0.5273|
|Temp|Average|2|-0.18|1.50|0.6576|
|Temp|Average|3|-0.21|1.48|0.5966|
|Temp|Average|4|-0.15|1.54|0.7128|
|Temp|Average|5|-0.06|1.45|0.8797|
|Temp|Average|6|0.17|1.41|0.6557|
|Temp|Mode|1|-0.19|1.46|0.6293|


|Temp|Mode|2|-0.18|1.52|0.6535|
|---|---|---|---|---|---|
|Temp|Mode|3|-0.19|1.46|0.6150|
|Temp|Mode|4|-0.16|1.54|0.6851|
|Temp|Mode|5|-0.06|1.52|0.8907|
|Temp|Mode|6|0.12|1.38|0.7519|
|Temp|Area|1|-15.15|90.55|0.5274|
|Temp|Area|2|-10.51|89.84|0.6574|
|Temp|Area|3|-12.39|88.59|0.5966|
|Temp|Area|4|-8.96|92.41|0.7128|
|Temp|Area|5|-3.45|86.90|0.8800|
|Temp|Area|6|10.36|84.89|0.6555|
|RespRate|Average|1|0.45|1.52|0.2686|
|RespRate|Average|2|0.26|2.15|0.6419|
|RespRate|Average|3|0.12|2.22|0.8423|
|RespRate|Average|4|-0.20|2.83|0.7899|
|RespRate|Average|5|0.16|1.81|0.7435|
|RespRate|Average|6|0.10|2.12|0.8571|
|RespRate|Mode|1|1.92|4.03|0.0868|
|RespRate|Mode|2|0.45|4.49|0.7032|
|RespRate|Mode|3|0.08|4.34|0.9409|
|RespRate|Mode|4|0.28|5.94|0.8556|
|RespRate|Mode|5|-1.02|3.57|0.2859|
|RespRate|Mode|6|-0.06|4.32|0.9582|


_Table 25: Summary statistics for pre- vs. Last patch (day 7) of BVP-HR, EMG, Skin-_

_Condition, Temperature and Respiratory Rate for all distribution characteristics_

_outcomes, across all 6 epochs_


|Col1|Col2|Pre-patch|Col4|Last-patch (Day7)|Col6|
|---|---|---|---|---|---|
|**Source**|**Outcome**|**Mean**|**SD**|**Mean**|**SD**|
|BVPHR|Average|77.35|11.67|79.90|12.87|
|BVPHR|Mode|78.02|13.04|80.33|13.24|
|BVPHR|STD|5.71|4.85|4.30|3.79|
|BVPHR|Minimum|60.70|15.14|68.02|16.96|
|BVPHR|Maximum|91.06|20.82|88.67|14.81|
|BVPHRMaxMin|Average|9.78|9.50|8.11|8.73|
|BVPHRMaxMin|Mode|6.98|10.32|6.68|10.59|
|BVPHRMaxMin|STD|6.98|7.41|4.89|5.61|
|BVPHRMaxMin|Minimum|2.61|2.18|2.05|1.92|


|BVPHRMaxMin|Maximum|24.84|22.28|17.24|16.72|
|---|---|---|---|---|---|
|EMG|Average|59.20|130.01|19.76|27.63|
|EMG|Mode|56.05|133.55|17.61|25.23|
|EMG|Area|3552.07|7800.39|1185.43|1657.62|
|EMG|STD|10.59|27.06|5.44|18.98|
|EMG|Minimum|33.88|87.88|12.14|19.88|
|EMG|Maximum|135.41|202.29|73.88|131.16|
|EMG|Average|30.80|72.46|29.82|63.93|
|EMG|Mode|27.23|67.56|24.68|58.06|
|EMG|Area|1848.17|4347.81|1789.43|3835.60|
|EMG|STD|9.35|18.43|10.47|28.32|
|EMG|Minimum|16.30|46.42|11.55|29.90|
|EMG|Maximum|120.96|179.72|89.94|152.99|
|EKGHR|Average|112.05|12.28|113.83|11.66|
|EKGHR|Mode|62.81|25.24|65.54|26.41|
|EKGHR|STD|60.11|7.19|58.97|7.58|
|EKGHR|Minimum|35.18|8.62|36.54|11.13|
|EKGHR|Maximum|287.79|14.64|289.09|11.44|
|EKGHRMaxMin|Average|150.88|22.16|147.53|20.04|
|EKGHRMaxMin|Mode|82.18|58.59|76.75|56.55|
|EKGHRMaxMin|STD|61.09|10.19|61.13|13.16|
|EKGHRMaxMin|Minimum|55.50|31.15|53.44|33.24|
|EKGHRMaxMin|Maximum|241.60|17.62|240.21|21.49|
|SkinCond|Average|1.19|1.15|1.21|1.00|
|SkinCond|Mode|1.14|1.05|1.19|0.98|
|SkinCond|Area|71.52|69.18|72.56|59.72|
|SkinCond|STD|0.07|0.14|0.05|0.06|
|SkinCond|Minimum|1.08|1.00|1.12|0.91|
|SkinCond|Maximum|1.37|1.45|1.34|1.15|
|Temp|Average|33.75|1.49|33.62|1.58|
|Temp|Mode|33.75|1.49|33.62|1.59|
|Temp|Area|2024.94|89.35|2016.94|95.02|
|Temp|STD|0.08|0.06|0.08|0.05|
|Temp|Minimum|33.60|1.49|33.47|1.61|
|Temp|Maximum|33.90|1.48|33.77|1.54|
|RespRate|Average|13.66|2.48|13.79|1.91|
|RespRate|Mode|13.37|4.59|13.67|4.36|
|RespRate|STD|3.43|0.99|3.41|0.78|
|RespRate|Minimum|8.26|2.35|8.28|1.93|
|RespRate|Maximum|18.73|2.24|19.05|1.55|


_Table 26: Change from pre-patch to last patch (day 7) of BVP-HR, EMG, Skin-Condition,_
_Temperature and Respiratory Rate for Average, Mode, and Area, across all 6 Epochs_

|Source|Outcome|MeanChange|SD|p-value|
|---|---|---|---|---|
|BVPHR|Average|2.54|8.31|0.0047|
|BVPHR|Mode|2.31|9.60|0.0249|
|BVPHRMaxMin|Average|-1.67|5.50|0.0049|
|BVPHRMaxMin|Mode|-0.31|4.67|0.5361|
|EMG|Average|-39.44|124.62|0.0035|
|EMG|Mode|-38.45|128.72|0.0057|
|EMG|Area|-2366.63|7477.30|0.0035|
|EMG|Average|-0.98|93.72|0.9213|
|EMG|Mode|-2.55|89.76|0.7881|
|EMG|Area|-58.74|5623.21|0.9213|
|EKGHR|Average|1.78|13.68|0.2212|
|EKGHR|Mode|2.73|29.70|0.3857|
|EKGHRMaxMin|Average|-3.36|28.34|0.2641|
|EKGHRMaxMin|Mode|-5.43|82.06|0.5317|
|SkinCond|Average|0.02|0.90|0.8557|
|SkinCond|Mode|0.05|0.85|0.5926|
|SkinCond|Area|1.04|54.01|0.8560|
|Temp|Average|-0.13|1.45|0.3849|
|Temp|Mode|-0.13|1.45|0.3941|
|Temp|Area|-8.00|86.95|0.3851|
|RespRate|Average|0.13|2.09|0.5621|
|RespRate|Mode|0.30|4.44|0.5281|



**GHK- CU Study – Metabolic Data**

Table 1: Summary statistics for metabolic markers, stratified by assessment time point ........................ 43

Table 2: Change from time 1 to time 2, time 2 to time 3 and time 1 to time 3 ......................................... 48

**Study Design** : Single arm study with 3 assessment time points.

**Sample Size:** N=15

**Statistical Methods** : All physiology suite parameters were summarized in terms of
means and standard deviation, stratified by assessment time point. Changes from day 1
(pre-patch) to day 2, day 2 to day 7, and day 1 to day 7 were evaluated using a paired ttest or nonparametric Wilcoxon Signed Rank test.


_Table 27: Summary statistics for metabolic markers, stratified by assessment time point_








|Marker|N|AssessmentTime point|Mean|SD|
|---|---|---|---|---|
|2-amino|15|Day 1 (pre-patch)|11.82|11.65|
|2-amino|15|Day 2|13.26|10.88|
|2-amino|15|Day 7|14.70|12.27|
|3-MT|15|Day 1 (pre-patch)|64.46|45.27|
|3-MT|15|Day 2|55.99|39.14|
|3-MT|15|Day 7|52.33|26.14|
|5-HT|15|Day 1 (pre-patch)|76.14|37.36|
|5-HT|15|Day 2|80.52|43.01|
|5-HT|15|Day 7|82.99|57.52|
|5-HT/DA|15|Day 1 (pre-patch)|0.87|0.90|
|5-HT/DA|15|Day 2|0.69|0.62|
|5-HT/DA|15|Day 7|0.63|0.44|
|5-HTP|15|Day 1 (pre-patch)|49.21|26.41|
|5-HTP|15|Day 2|59.70|67.25|
|5-HTP|15|Day 7|46.89|25.25|
|Age|15|Day 1 (pre-patch)|61.27|8.65|
|Age|15|Day 2|61.27|8.65|
|Age|15|Day 7|61.27|8.65|
|Ala|15|Day 1 (pre-patch)|117.66|45.05|
|Ala|15|Day 2|97.49|42.89|
|Ala|15|Day 7|119.53|74.69|
|Arg|15|Day 1 (pre-patch)|5.97|1.69|
|Arg|15|Day 2|5.13|2.79|
|Arg|15|Day 7|7.36|6.59|
|Asn|15|Day 1 (pre-patch)|18.09|15.41|
|Asn|15|Day 2|15.58|10.84|
|Asn|15|Day 7|16.07|11.14|
|Asp|15|Day 1 (pre-patch)|4.99|2.86|
|Asp|15|Day 2|5.29|2.31|


|Asp|15|Day 7|4.88|2.45|
|---|---|---|---|---|
|Bala|15|Day 1 (pre-patch)|27.64|26.24|
|Bala|15|Day 2|16.33|12.97|
|Bala|15|Day 7|20.52|26.90|
|C-C|15|Day 1 (pre-patch)|31.37|12.67|
|C-C|15|Day 2|31.57|12.59|
|C-C|15|Day 7|35.51|22.37|
|Car|15|Day 1 (pre-patch)|10.67|13.07|
|Car|15|Day 2|6.26|4.94|
|Car|15|Day 7|6.10|6.31|
|Cit|15|Day 1 (pre-patch)|2.27|1.25|
|Cit|15|Day 2|2.41|1.40|
|Cit|15|Day 7|2.51|1.25|
|Cre|15|Day 1 (pre-patch)|138.07|83.78|
|Cre|15|Day 2|178.40|108.96|
|Cre|15|Day 7|172.73|120.95|
|Cys|15|Day 1 (pre-patch)|57.45|27.87|
|Cys|15|Day 2|66.58|27.24|
|Cys|15|Day 7|50.50|11.58|
|Cys/C-c|15|Day 1 (pre-patch)|2.29|1.82|
|Cys/C-c|15|Day 2|2.64|1.95|
|Cys/C-c|15|Day 7|2.21|2.14|
|Cystathion|15|Day 1 (pre-patch)|9.94|6.25|
|Cystathion|15|Day 2|10.82|7.78|
|Cystathion|15|Day 7|9.54|9.63|
|DA|15|Day 1 (pre-patch)|154.62|71.19|
|DA|15|Day 2|151.33|53.82|
|DA|15|Day 7|161.26|58.60|
|E|15|Day 1 (pre-patch)|5.44|3.27|
|E|15|Day 2|3.34|1.60|
|E|15|Day 7|4.93|3.02|
|GABA|15|Day 1 (pre-patch)|3.79|1.77|


|GABA|15|Day 2|3.25|1.19|
|---|---|---|---|---|
|GABA|15|Day 7|3.07|1.13|
|GSH|15|Day 1 (pre-patch)|1.35|1.40|
|GSH|15|Day 2|1.58|1.48|
|GSH|15|Day 7|2.09|1.71|
|Gln|15|Day 1 (pre-patch)|174.16|97.68|
|Gln|15|Day 2|149.88|77.00|
|Gln|15|Day 7|147.20|52.69|
|Glu|15|Day 1 (pre-patch)|18.22|11.34|
|Glu|15|Day 2|16.21|8.32|
|Glu|15|Day 7|12.40|5.45|
|Gly|15|Day 1 (pre-patch)|272.51|182.74|
|Gly|15|Day 2|199.97|122.82|
|Gly|15|Day 7|234.64|155.33|
|HCys2|15|Day 1 (pre-patch)|0.86|0.49|
|HCys2|15|Day 2|1.21|0.52|
|HCys2|15|Day 7|1.13|0.60|
|HYP|15|Day 1 (pre-patch)|2.55|1.18|
|HYP|15|Day 2|2.19|0.87|
|HYP|15|Day 7|2.21|0.65|
|Hcys|15|Day 1 (pre-patch)|0.91|0.49|
|Hcys|15|Day 2|0.97|0.63|
|Hcys|15|Day 7|1.07|0.64|
|His|15|Day 1 (pre-patch)|182.17|75.01|
|His|15|Day 2|135.85|60.51|
|His|15|Day 7|135.53|57.98|
|Hist|15|Day 1 (pre-patch)|28.77|24.03|
|Hist|15|Day 2|19.52|12.04|
|Hist|15|Day 7|24.35|29.92|
|Hlys|15|Day 1 (pre-patch)|1.23|1.97|
|Hlys|15|Day 2|0.61|0.67|
|Hlys|15|Day 7|0.43|0.30|
|Hser|15|Day 1 (pre-|11.63|8.21|


|Col1|Col2|patch)|Col4|Col5|
|---|---|---|---|---|
|Hser|15|Day 2|8.53|6.01|
|Hser|15|Day 7|9.12|6.65|
|Ile|15|Day 1 (pre-patch)|14.10|7.32|
|Ile|15|Day 2|12.11|4.04|
|Ile|15|Day 7|11.30|4.75|
|LDOPA|15|Day 1 (pre-patch)|21.31|13.72|
|LDOPA|15|Day 2|23.32|10.67|
|LDOPA|15|Day 7|22.80|12.70|
|Leu|15|Day 1 (pre-patch)|19.98|8.16|
|Leu|15|Day 2|15.13|4.94|
|Leu|15|Day 7|17.10|7.83|
|Lys|15|Day 1 (pre-patch)|49.09|32.44|
|Lys|15|Day 2|40.21|29.33|
|Lys|15|Day 7|41.45|34.56|
|ME|15|Day 1 (pre-patch)|23.52|16.61|
|ME|15|Day 2|19.24|8.73|
|ME|15|Day 7|17.79|7.79|
|Met|15|Day 1 (pre-patch)|7.08|5.74|
|Met|15|Day 2|6.65|3.93|
|Met|15|Day 7|6.36|3.88|
|NE|15|Day 1 (pre-patch)|26.29|13.51|
|NE|15|Day 2|25.52|15.95|
|NE|15|Day 7|36.02|38.37|
|NE/E|15|Day 1 (pre-patch)|7.44|6.59|
|NE/E|15|Day 2|10.35|9.99|
|NE/E|15|Day 7|12.07|13.78|
|NorM|15|Day 1 (pre-patch)|89.67|52.78|
|NorM|15|Day 2|89.67|41.19|
|NorM|15|Day 7|76.61|27.62|
|Orn|15|Day 1 (pre-patch)|13.57|10.95|
|Orn|15|Day 2|10.27|7.72|
|Orn|15|Day 7|11.77|11.33|


|PEA|15|Day 1 (pre-patch)|2.08|1.92|
|---|---|---|---|---|
|PEA|15|Day 2|1.91|2.04|
|PEA|15|Day 7|1.48|1.25|
|Phe|15|Day 1 (pre-patch)|22.92|14.05|
|Phe|15|Day 2|18.79|9.87|
|Phe|15|Day 7|25.11|12.30|
|Pro|15|Day 1 (pre-patch)|13.00|6.54|
|Pro|15|Day 2|10.65|4.54|
|Pro|15|Day 7|10.70|6.17|
|Ratio|15|Day 1 (pre-patch)|1.60|1.50|
|Ratio|15|Day 2|0.89|0.47|
|Ratio|15|Day 7|1.35|1.36|
|Sar|15|Day 1 (pre-patch)|10.05|5.57|
|Sar|15|Day 2|9.83|7.58|
|Sar|15|Day 7|10.04|7.57|
|Ser|15|Day 1 (pre-patch)|77.68|42.05|
|Ser|15|Day 2|74.23|45.67|
|Ser|15|Day 7|68.77|31.37|
|Thr|15|Day 1 (pre-patch)|68.86|41.99|
|Thr|15|Day 2|62.84|38.12|
|Thr|15|Day 7|63.39|40.77|
|Trp|15|Day 1 (pre-patch)|21.08|11.49|
|Trp|15|Day 2|27.49|20.64|
|Trp|15|Day 7|16.69|12.78|
|Tryp|15|Day 1 (pre-patch)|0.68|0.18|
|Tryp|15|Day 2|0.66|0.21|
|Tryp|15|Day 7|0.72|0.24|
|Tyr|15|Day 1 (pre-patch)|36.35|21.55|
|Tyr|15|Day 2|39.53|21.00|
|Tyr|15|Day 7|38.79|21.25|
|Tyra|15|Day 1 (pre-patch)|5.64|2.76|
|Tyra|15|Day 2|4.60|1.86|


|Tyra|15|Day 7|4.97|2.31|
|---|---|---|---|---|
|Val|15|Day 1 (pre-patch)|45.11|41.02|
|Val|15|Day 2|34.25|24.67|
|Val|15|Day 7|41.84|28.03|
|a-amino|15|Day 1 (pre-patch)|18.79|16.63|
|a-amino|15|Day 2|15.18|9.86|
|a-amino|15|Day 7|9.90|5.57|
|b-aminoiso|15|Day 1 (pre-patch)|80.13|76.39|
|b-aminoiso|15|Day 2|98.49|178.48|
|b-aminoiso|15|Day 7|59.81|51.33|


_Table 28: Change from day 1 (pre-patch) to day 2, day 2 to day 7, and day 1 (pre-patch) to day 7_


|Marker|Change|MeanChange|SD|p-value|
|---|---|---|---|---|
|2-amino|Day 1 to Day 2|1.44|11.94|0.6474|
|2-amino|Day 2 to Day 7|1.44|9.32|0.5585|
|2-amino|Day 1 to Day 7|2.88|12.91|0.4017|
|3-MT|Day 1 to Day 2|-8.47|23.61|0.1862|
|3-MT|Day 2 to Day 7|-3.66|20.89|0.5080|
|3-MT|Day 1 to Day 7|-12.14|29.06|0.1281|
|5-HT|Day 1 to Day 2|4.37|37.33|0.6569|
|5-HT|Day 2 to Day 7|2.47|68.38|0.8908|
|5-HT|Day 1 to Day 7|6.84|63.59|0.6832|
|5-HT/DA|Day 1 to Day 2|-0.18|0.83|0.4202|
|5-HT/DA|Day 2 to Day 7|-0.06|0.68|0.7305|
|5-HT/DA|Day 1 to Day 7|-0.24|0.89|0.3117|
|5-HTP|Day 1 to Day 2|10.48|72.69|0.5852|
|5-HTP|Day 2 to Day 7|-12.80|74.71|0.5176|
|5-HTP|Day 1 to Day 7|-2.32|31.99|0.7830|
|Ala|Day 1 to Day 2|-20.17|36.89|0.0526|
|Ala|Day 2 to Day 7|22.04|55.11|0.1437|
|Ala|Day 1 to Day 7|1.87|64.03|0.9115|
|Arg|Day 1 to Day 2|-0.84|2.32|0.1850|
|Arg|Day 2 to Day 7|2.22|5.27|0.1246|
|Arg|Day 1 to Day 7|1.39|6.37|0.4138|
|Asn|Day 1 to Day 2|-2.51|10.74|0.3802|


|Asn|Day 2 to Day 7|0.49|14.07|0.8942|
|---|---|---|---|---|
|Asn|Day 1 to Day 7|-2.02|16.81|0.6488|
|Asp|Day 1 to Day 2|0.30|2.31|0.6174|
|Asp|Day 2 to Day 7|-0.41|2.88|0.5869|
|Asp|Day 1 to Day 7|-0.11|2.84|0.8830|
|Bala|Day 1 to Day 2|-11.31|27.09|0.1283|
|Bala|Day 2 to Day 7|4.19|21.26|0.4578|
|Bala|Day 1 to Day 7|-7.12|33.99|0.4309|
|C-C|Day 1 to Day 2|0.20|8.83|0.9302|
|C-C|Day 2 to Day 7|3.94|14.15|0.2991|
|C-C|Day 1 to Day 7|4.14|11.81|0.1958|
|Car|Day 1 to Day 2|-4.41|14.24|0.2499|
|Car|Day 2 to Day 7|-0.15|4.45|0.8949|
|Car|Day 1 to Day 7|-4.57|13.87|0.2228|
|Cit|Day 1 to Day 2|0.14|1.39|0.6968|
|Cit|Day 2 to Day 7|0.09|1.29|0.7854|
|Cit|Day 1 to Day 7|0.24|1.61|0.5800|
|Cre|Day 1 to Day 2|40.33|110.05|0.1776|
|Cre|Day 2 to Day 7|-5.67|94.86|0.8204|
|Cre|Day 1 to Day 7|34.67|107.60|0.2326|
|Cys|Day 1 to Day 2|9.12|27.62|0.2215|
|Cys|Day 2 to Day 7|-16.07|23.86|0.0206|
|Cys|Day 1 to Day 7|-6.95|20.99|0.2205|
|Cys/C-c|Day 1 to Day 2|0.35|1.58|0.4053|
|Cys/C-c|Day 2 to Day 7|-0.43|1.77|0.3677|
|Cys/C-c|Day 1 to Day 7|-0.07|0.80|0.7244|
|Cystathion|Day 1 to Day 2|0.88|8.71|0.7009|
|Cystathion|Day 2 to Day 7|-1.28|9.25|0.5989|
|Cystathion|Day 1 to Day 7|-0.40|8.28|0.8533|
|DA|Day 1 to Day 2|-3.28|48.13|0.7954|
|DA|Day 2 to Day 7|9.93|54.17|0.4893|
|DA|Day 1 to Day 7|6.65|65.22|0.6990|
|E|Day 1 to Day 2|-2.09|3.08|0.0197|
|E|Day 2 to Day 7|1.59|2.94|0.0552|
|E|Day 1 to Day 7|-0.51|3.93|0.6264|
|GABA|Day 1 to Day 2|-0.54|1.20|0.1034|
|GABA|Day 2 to Day 7|-0.19|1.20|0.5558|
|GABA|Day 1 to Day 7|-0.73|1.50|0.0818|
|GSH|Day 1 to Day 2|0.23|0.71|0.2262|
|GSH|Day 2 to Day 7|0.51|1.37|0.1737|
|GSH|Day 1 to Day 7|0.74|1.68|0.1099|


|Gln|Day 1 to Day 2|-24.29|69.86|0.1996|
|---|---|---|---|---|
|Gln|Day 2 to Day 7|-2.67|60.13|0.8657|
|Gln|Day 1 to Day 7|-26.96|86.37|0.2467|
|Glu|Day 1 to Day 2|-2.00|6.71|0.2674|
|Glu|Day 2 to Day 7|-3.82|6.73|0.0453|
|Glu|Day 1 to Day 7|-5.82|10.37|0.0475|
|Gly|Day 1 to Day 2|-72.54|117.73|0.0317|
|Gly|Day 2 to Day 7|34.67|107.20|0.2308|
|Gly|Day 1 to Day 7|-37.87|83.70|0.1016|
|HCys2|Day 1 to Day 2|0.35|0.55|0.0296|
|HCys2|Day 2 to Day 7|-0.08|0.55|0.5806|
|HCys2|Day 1 to Day 7|0.27|0.79|0.2125|
|HYP|Day 1 to Day 2|-0.37|1.02|0.1856|
|HYP|Day 2 to Day 7|0.02|0.93|0.9262|
|HYP|Day 1 to Day 7|-0.34|1.31|0.3281|
|Hcys|Day 1 to Day 2|0.06|0.68|0.7225|
|Hcys|Day 2 to Day 7|0.10|0.76|0.6112|
|Hcys|Day 1 to Day 7|0.17|0.66|0.3446|
|His|Day 1 to Day 2|-46.32|75.35|0.0320|
|His|Day 2 to Day 7|-0.33|56.38|0.9824|
|His|Day 1 to Day 7|-46.64|49.35|0.0026|
|Hist|Day 1 to Day 2|-9.24|20.20|0.0981|
|Hist|Day 2 to Day 7|4.82|25.30|0.4724|
|Hist|Day 1 to Day 7|-4.42|18.90|0.3804|
|Hlys|Day 1 to Day 2|-0.62|1.36|0.1000|
|Hlys|Day 2 to Day 7|-0.18|0.43|0.1301|
|Hlys|Day 1 to Day 7|-0.80|1.75|0.0992|
|Hser|Day 1 to Day 2|-3.10|8.41|0.1751|
|Hser|Day 2 to Day 7|0.60|8.42|0.7873|
|Hser|Day 1 to Day 7|-2.50|9.34|0.3169|
|Ile|Day 1 to Day 2|-2.00|5.96|0.2157|
|Ile|Day 2 to Day 7|-0.80|6.14|0.6207|
|Ile|Day 1 to Day 7|-2.80|8.50|0.2232|
|LDOPA|Day 1 to Day 2|2.01|11.54|0.5111|
|LDOPA|Day 2 to Day 7|-0.52|9.83|0.8408|
|LDOPA|Day 1 to Day 7|1.49|10.18|0.5798|
|Leu|Day 1 to Day 2|-4.84|7.84|0.0313|
|Leu|Day 2 to Day 7|1.97|8.21|0.3681|
|Leu|Day 1 to Day 7|-2.87|11.54|0.3515|
|Lys|Day 1 to Day 2|-8.88|32.44|0.3070|
|Lys|Day 2 to Day 7|1.24|30.39|0.8768|


|Lys|Day 1 to Day 7|-7.64|34.89|0.4106|
|---|---|---|---|---|
|ME|Day 1 to Day 2|-4.29|14.51|0.2718|
|ME|Day 2 to Day 7|-1.45|6.17|0.3775|
|ME|Day 1 to Day 7|-5.74|14.29|0.1421|
|Met|Day 1 to Day 2|-0.43|4.04|0.6863|
|Met|Day 2 to Day 7|-0.28|3.88|0.7816|
|Met|Day 1 to Day 7|-0.71|4.61|0.5582|
|NE|Day 1 to Day 2|-0.78|16.15|0.8544|
|NE|Day 2 to Day 7|10.50|44.57|0.3769|
|NE|Day 1 to Day 7|9.72|40.68|0.3702|
|NE/E|Day 1 to Day 2|2.92|6.55|0.1064|
|NE/E|Day 2 to Day 7|1.72|14.81|0.6605|
|NE/E|Day 1 to Day 7|4.63|13.58|0.2074|
|NorM|Day 1 to Day 2|0.00|28.16|0.9996|
|NorM|Day 2 to Day 7|-13.06|23.32|0.0479|
|NorM|Day 1 to Day 7|-13.06|33.37|0.1519|
|Orn|Day 1 to Day 2|-3.30|9.38|0.1949|
|Orn|Day 2 to Day 7|1.50|9.82|0.5632|
|Orn|Day 1 to Day 7|-1.80|7.13|0.3456|
|PEA|Day 1 to Day 2|-0.17|1.16|0.5730|
|PEA|Day 2 to Day 7|-0.42|1.61|0.3262|
|PEA|Day 1 to Day 7|-0.59|1.12|0.0589|
|Phe|Day 1 to Day 2|-4.13|9.28|0.1067|
|Phe|Day 2 to Day 7|6.33|10.94|0.0418|
|Phe|Day 1 to Day 7|2.19|15.37|0.5889|
|Pro|Day 1 to Day 2|-2.35|8.45|0.2989|
|Pro|Day 2 to Day 7|0.05|5.99|0.9747|
|Pro|Day 1 to Day 7|-2.30|8.15|0.2921|
|Ratio|Day 1 to Day 2|-0.71|1.40|0.0700|
|Ratio|Day 2 to Day 7|0.46|1.25|0.1782|
|Ratio|Day 1 to Day 7|-0.25|1.32|0.4732|
|Sar|Day 1 to Day 2|-0.22|6.88|0.9038|
|Sar|Day 2 to Day 7|0.22|3.86|0.8301|
|Sar|Day 1 to Day 7|0.00|5.17|0.9996|
|Ser|Day 1 to Day 2|-3.44|49.51|0.7915|
|Ser|Day 2 to Day 7|-5.47|31.29|0.5096|
|Ser|Day 1 to Day 7|-8.91|38.25|0.3821|
|Thr|Day 1 to Day 2|-6.02|41.35|0.5819|
|Thr|Day 2 to Day 7|0.55|37.91|0.9563|
|Thr|Day 1 to Day 7|-5.47|29.80|0.4887|
|Trp|Day 1 to Day 2|6.41|21.61|0.2699|


|Trp|Day 2 to Day 7|-10.81|18.55|0.0406|
|---|---|---|---|---|
|Trp|Day 1 to Day 7|-4.40|17.07|0.3355|
|Tryp|Day 1 to Day 2|-0.03|0.15|0.5022|
|Tryp|Day 2 to Day 7|0.06|0.20|0.2341|
|Tryp|Day 1 to Day 7|0.04|0.26|0.5873|
|Tyr|Day 1 to Day 2|3.19|12.77|0.3503|
|Tyr|Day 2 to Day 7|-0.75|12.29|0.8175|
|Tyr|Day 1 to Day 7|2.44|12.23|0.4527|
|Tyra|Day 1 to Day 2|-1.04|3.18|0.2259|
|Tyra|Day 2 to Day 7|0.37|2.36|0.5546|
|Tyra|Day 1 to Day 7|-0.67|2.96|0.3963|
|Val|Day 1 to Day 2|-10.85|24.39|0.1068|
|Val|Day 2 to Day 7|7.58|31.90|0.3728|
|Val|Day 1 to Day 7|-3.27|43.87|0.7772|
|a-amino|Day 1 to Day 2|-3.61|9.26|0.1534|
|a-amino|Day 2 to Day 7|-5.29|7.79|0.0198|
|a-amino|Day 1 to Day 7|-8.90|13.79|0.0256|
|b-aminoiso|Day 1 to Day 2|18.36|177.75|0.6952|
|b-aminoiso|Day 2 to Day 7|-38.68|150.08|0.3351|
|b-aminoiso|Day 1 to Day 7|-20.32|51.24|0.1468|


**GHK- CU Study – Cortisol and DHEAS**

Table 1: Summary statistics for AUC of Cortisol and DHEAS, stratified by assessment time point ........... 53

Table 2: Change from R1 to R2, R2 to R3 and R1 to R3 .............................................................................. 53

**Study Design** : Single arm study with 3 assessment time points.

**Sample Size:** N=15

**Statistical Methods** : Cortisol levels were obtained at 8am, 12pm, 4pm, 8pm and 12am.
DHEAS levels were collected at 8am, 8pm and 12am. The area under the curve (AUC)
for Cortisol and DHEAS levels over the data collection periods were calculated using the
trapezoid rule. AUC levels were summarized in terms of means and standard deviations,
stratified by assessment time point. Changes between assessment time points were
evaluated using a paired t-test or Wilcoxon signed rank test.


_Table 29: Summary statistics for AUC of Cortisol and DHEAS, stratified by assessment time point_







|Marker|AssessmentTime point|MeanAUC|SD|
|---|---|---|---|
|Cortisol|R1 (pre-patch)|109.1|36.9|
|Cortisol|R2|120.6|28.4|
|Cortisol|R3|141.7|76.4|
|DHEAS|R1 (pre-patch)|178,2|154,5|
|DHEAS|R2|180.7|117.7|
|DHEAS|R3|291.0|378.4|


_Table 30: Change from R1 to R2, R2 to R3 and R1 to R3_







|Marker|Change|MeanChange inAUC|SD|p-value|
|---|---|---|---|---|
|Cortisol|R1 to R2|11.5|41.9|0.7615|
||R2 to R3|21.1|90.2|0.9780|
||R1 to R3|32.6|87.9|0.2769|
|DHEAS|R1 to R2|1.2|97.7|0.7148|
||R2 to R3|111.6|362.6|0.7609|
||R1 to R3|112.8|345.7|0.5016|


There are no significant changes in Cortisol or DHEAS levels between assessment time
points.


**Appendix B: Graphs of Amino Acids Showing Significance**


You will note that Glycine and Glutamate which are used in the process to form


Glutathione both showed a drop off at a level of significance. Gluthione is part of the


reduction of inflammation pathway in a unique aspect. It specifically acts from the liver


to detoxify the blood. So for example it clears heavy metals from the body rather than


acting as an anti-inflammatory agent directly. A decrease in the materials that produce the


glutathione means that more glutathione is being made. This results in higher availability


of the glutathione in the blood. This allows the body to clear more material which is


damaging to the body faster.


Each of the graphs presented below are Box-Whisker plots for the changes in the


various lab parameter values from baseline. The middle line represents the median


change; the lower and upper lines of the box represent the 25th and 75th percentiles.


**Appendix C: General Study Protocol**


1. IRB submission

2. IRB approval
3. Distribute flyers and email announcements
4. Begin recruiting as people call in for study information
5. Schedule participants that meet inclusion and exclusion criterion
6. Consent a participant and administer baseline questionnaires, metabolic tests and

baseline physiology test.
7. Schedule participant for next am and issue one patch for application 8 am.
8. Call participant to confirm patch application.
9. Meet participant at laboratory for initial testing at 9:00 am

a. First salivary swab
b. Physiology suite testing
c. Memory test part 1
d. 10 am urine

e. Questionnaires
f. Memory test part 2
10. Schedule for next day and issue salivary kit and patch for next morning
11. Call and confirm salivary test and patch application 8 am
12. Repeat 9a-f
13. Issue salivary kit and 5 patches and remind participant to freeze salivary samples

or bring them in the next morning if local.
14. The 6 [th] night of study period, call and remind participant of appointment. Remind

them to bring salivary kit.
15. Repeat 9 a-f. Issue new salivary kit. Receive participant’s second salivary kit.
16. Arrange for participant to deliver salivary kit the next day.
17. Ship kits and urines received once a week to Sabre Sciences.
18. Do ongoing data entry of physiology data and questionnaire data to maximize

study turn around.
19. When study is complete email spreadsheets to statistics analysis.
20. Receive analysis and submit report.


**Appendix D: Study Team**

**Dr. Melinda H. Connor,** **D.D., Ph.D., AMP, FAM** **: PI**

Dr. Melinda Connor, has trained as a clinical psychologist, neuropsychologist,
and is board certified in alternative medicine and a Fellow of the American Alternative
Medicine Association. Dr. Connor holds an A.A. in Humanities from Harvard University,
a B.A. in Theatre and English from Wellesley College. Her training includes master’s
degrees from programs at University of San Francisco and American Public University
and a Ph.D. in clinical psychology from California Coast University with a one-year
rotation in neuropsychology. As a National Institutes of Health T-32 post-doctoral fellow,
Dr. Connor received her training as a research scientist at the University of Arizona under
Dr. Andrew Weil and Dr. Iris Bell and was director of the Optimal Healing Research
Program at the Laboratory for Advances in Consciousness and Health under Dr. Gary E.
Schwartz. Dr. Connor is currently the CEO of Earthsongs Holistic Consulting and holds
faculty positions at several universities. Dr. Connor has a research laboratory in Arizona
and is the author of ten books.

**Dr. Caitlin C. Connor,** **MAcOM, DAOM** **: Co-I**

Dr. Caitlin Connor holds a bachelors degree from Mount Holyoke College with a
dual focus in political science and anthropology, a master’s degree in acupuncture and
oriental medicine from Arizona School of Acupuncture and Oriental Medicine and a
doctorate in Acupuncture and Oriental Medicine from California Institute for Integral
Studies/American College of Traditional Chinese Medicine. Dr. Connor’s research
training began in high school in a special program at the University of Arizona where she
was mentored by Dr. Gary Schwartz at the Laboratory for the Advancement in
Consciousness and Health in the Department of Psychology. Dr. Connor was the
_ISSSEEM 2011_ gold medal winner of the _Rustum Roy Emerging Scientist Award_ for
undergraduates, a 2014 _Bernard Grad Emerging Scientist_ silver medal winner for
graduate students and a 2018 _Patricia Norris Award_ gold medal winner. Dr. Connor is
currently doing additional research training at University of Oxford, UK and commuting
between countries.


**Dr. Naran Gombosuren,** **Ph.D** **.: Metabolic Analysis**

Dr. Naran Gombosuren, Ph.D., is technical director and lead research scientist at
Sabre Sciences Laboratory/EndoSciences in Carlsbad, CA. Originally from Mongolia and
trained in Hungary, Dr. Gomobsuren received her Ph.D. from Eotvos University in
Budapest. Dr. Gombosuren has worked with such prestigious groups as Scripps Research
Institute and Sanford-Burnham Prebys Medical Discovery Institute. A specialist in
complex metabolic process Dr. Gombosuren has participated in studies with topics
ranging from virology to gut-brain interactions.

**Dr. Jens Eickhoff,** **Ph.D** **: Statistics**

Dr. Jens Eickhoff earned his Ph.D. in 2002 in statistics from Iowa State

University. He is a senior scientist in the Department of Biostatistics and Medical
Informatics at University of Wisconsin Madison where he teaches Biostatistics. A
specialist in complex research statistics he has participated in studies ranging from
oncology to endocrinology and published extensively on bio-statistical modeling.",2025-08-29 21:04:57.594345+00
different-types-of-nanotechnology-devices,"1

# **Different Types of Nanotechnology Devices**
## **By: Steve Haltiwanger, M.D., C.C.N.**


Nanotechnology is a new technology that is based upon **recognized scientific principles**
and material science **fabrication techniques** where individual molecules and even atoms
can be arranged into precise structures.

“Nano means one billionth. Nanotechnology is the study and design of systems at the
nanometer scale - the scale of atoms and molecules.” (Exploring the Nano World.
http://mrsec.wisc.edu/Edetc/index.html). Nanoscale technologies are the development
and use of devices that have a size of only a few nanometers.

**LifeWave Overview**

The goal of LifeWave technology is to create a variety of patches using proprietary
solutions of organic molecules as building blocks. The LifeWave Energy and Stamina
Patches are comprised of solutions of optically active organic materials.

These special solutions are placed in a reservoir between two pieces of plastic, which
create a sealed chamber. Within the sealed reservoir is a piece of **fabric that serves as a**
**template** for the **self assembly** of organic **molecular antennas** (nano-sized molecular
structures) using **solution-based self-assembly processes.**

**Photoelectric dendrimeric branching light-harvesting molecular antennas have been**
**designed and synthesized by a number of researchers.** (Z. Xu, J.S. Moore, ""Design
and Synthesis of a Convergent and Directional Molecular Antenna,"" Acta Polymerica
45(1994):83-87.; M.R. Shortreed, S.F. Swallen, Z.-Y. Shi, W. Tan, Z. Xu, C. Devadoss,
J.S. Moore, R. Kopelman, ""Directed Energy Transfer Funnels in Dendrimeric Antenna
Supermolecules,"" J. Phys. Chem. 101(1997):6318-6322.; C. Devadoss, J.S. Moore,
""Synthetic Light Harvesting Antennas,"" 1999 McGraw-Hill Yearbook of Science and
Technology, Mcgraw-Hill, NY, 1999, pp. 284-287.)

**Photoelectric and Photovoltaic Devices**

By way of example, solar cells have been around for decades however one of the draw
backs is that they don’t work well on cloudy days, because the older technology is based
on harnessing the energy of visible light. Now new technology based on plastic
composite materials is being researched that can create solar cells that are able to harness
the sun's invisible, **infrared rays** . National Geographic reported in January of 2005 that
scientists had combined nano particles called quantum dots with a polymer to make a
plastic composite that can be sprayed onto other materials and used as portable electricity
(Stefan Lovgren. Spray-On Solar-Power Cells Are True Breakthrough. National
Geographic, January 14, 2005.)


2


The point of discussing the nanotechnology aspect of this plastic paint is that the plastic
composite containing the quantum dots actually absorb the sun’s infrared energy and
convert it to electricity.

**Other Examples of Using a Molecular Antenna to Harness Electromagnetic Energy**

Dr. Alvin Marks is a scientist who has invented a solar cell on a plastic roll. “In 1994
Advanced Research Development, Inc. (ARDI) of Athol, MA and DOE's Argonne
National Lab entered into a cost-sharing cooperative arrangement for the further
development of the Lumeloid (t.m. reg.) product. This light-to-electric concept is based
on replication of part of the photosynthesis process. The solar panel uses **molecular**
**diodes** called ""diads."" The Lumeloid process includes the diads in a stretch-oriented
electrically conductive polarized film. **The polarizing molecules act as antennae to**
**convert light photons to electric power** . Efficiencies as high as 72% appear possible.
The polarizing molecules act as antennas to convert light photons to electric power.
Efficiencies as high as 72% appear possible (NEW ENERGY NEWS
http://www.padrak.com/ine/INE9.html. Monthly Newsletter for the Institute for New
Energy. VOLUME 3, NUMBER 5. ISSN 1075-0045, OCTOBER 1995).

Other type of solar cells can be made that uses photosensitive dyes or even organic
pigments extracted from raspberries. These devices can be manufactured in a high school
chemistry lab and **utilize nano materials** . These devices demonstrate that some nanotech
products can be manufactured by relatively simple techniques.

A solar (photovoltaic) cell experimental educational kit has been developed using natural
dyes extracted from berries. These photovoltaic kits use **nanocrystalline dye-sensitized**
**solar cells that use an organic dye to absorb incoming light** to produce excited
electrons (Nanocrystalline Dye-Sensitized Solar Cell Kit
http://www.solideas.com/solrcell/cellkit.html).

Here is an example of a device that uses nano-size crystals of titanium dioxide and
organic materials. This device is sold as an educational science kit. This simple solar cell
kit has been released by the American Chemical Society's Institute for Chemical
Education to teach high school students about nanotechnology. Below is a description of
the device that uses **fruit juice as one component used to create molecular antennas** .

“To fabricate the new cell, a titanium dioxide film that is coated on a conductive glass
plate is dipped into a solution of a dye (for example **blackberry, raspberry, or**
**pomegranate juice** ). A single layer of dye molecules **self assembles** on each titanium
dioxide particle and absorbs sunlight. To complete the device, a drop of liquid electrolyte
containing iodide (similar to medicinal iodide) is placed on the film to enter the pores of
the film. A counter electrode, made of conductive glass that has been coated with a
catalytic layer, is then placed on top, and the two glass plates are clipped together using
binder clips (1. Greg Smestad. New Solar Cell Kit Links PV, Plants and the Planet
http://www.solideas.com/solrcell/news97.html); 2. Greg P. Smestad and Michael Grätzel,
Demonstrating Electron Transfer and Nanotechnology: A Natural Dye-Sensitized


3


Nanocrystalline Energy Converter. Journal of Chemical Education, Vol. 75, pp 752-756,
June 1998.)

A number of review articles are included that elaborate more on **dye sensitized solar**
**cells** and other optoelectronic applications based on **nanocrystalline films** .


**Reviews**


  - K. Kalyanasundaram and M. Graetzel. Applications of Functionalized Transition Metal Complexes in
Photonic and Optoelectronic devices. Coord. Chem. Rev., 77, 347-414 (1998).


  - T. Gerfin, M. Graetzel and L. Walder. Molecular and Supramolecular Surface Modification of
Nanocrystalline TiO2 films: Charge-Separating and Charge-Injecting Devices.Progr. Inorg. Chem.,
44, 345-393 (1997).


  - A. Hagfeldt and M. Graetzel. Light induced redox reactions in nanocrystalline systems. Chem.Rev.,
95, 49-68 (1995).


It is well recognized that the sun emits infrared radiation, however so do animals and the
human body. It is called ‘body heat’. The concept of molecular antennas is based on the
principle of using molecules to act as receivers or transmitters of high frequency
electromagnetic energy.

LifeWave patches are manufactured with natural materials **to produce organic**
**molecules that are nanometers in size** . **The production of small molecular antennas**
**of nanoscale size is the nanotechnology aspect of this technology** . The fact that the
production of LifeWave patches involves making a solution, using proprietary processing
techniques and using a special piece of fabric to cause a precipitation out of solution of
**nano-sized molecular crystals** does not in anyway detract from the fact that this is a
nanotechnology manufacturing technique.


LifeWave patches are constructed of organic materials. These organic materials have
been chosen because they have optical (chiral), liquid crystal and semiconductor
properties. By using a nanotechnology production process called **solution-based self-**
**assembly** these optically active and electrically conductive materials when placed in
LifeWave patches form small nanosize molecular structures that function as **molecular**
**antennas** . Placing a conducting material in an oscillating magnetic field creates an
electrical signal/frequency in the conducting material.


The ""very small"" molecules in the patches contain electromagnetic properties. These
small nanoscale structures serve as passive molecular antennas that are activated by the
oscillating electromagnetic field of the body to generate electromagnetic signals that are
resonant frequencies for certain structures contained within mammalian cells. These
frequencies are generated by the physics principle of INDUCTION.


Next **every element has a resonant frequency** at which it will emit and absorb energy.
When you combine various combinations of elements together into molecules you will
find that every molecule and every material has its own resonant frequency. You can


4


determine the molecular structure, molecular weight and size of various organic
molecules such as enzymes in protein data bases on the World Wide Web and from this
information use standard physics formulas to calculate the **resonant frequency** of a
molecule.


“Any object has a certain natural or resonant frequency… when two objects have similar
natural frequencies, they can interact without touching, their vibrations can become
coupled or entrained.” (Oschman, James L. Energy Medicine: The Scientific Basis.
London: Harcourt Publishers, 2000.)

The mathematical formula for an antenna (length in meters or in this case nanometers) is
well known. If you already know the frequency that you want to create the wavelength in
meters or nanometers can be calculated. The proprietary process involved in
manufacturing LifeWave patches involves the creation of nanometer sized molecular
crystals in a nontransdermal patch. When the molecular crystals in the patches are
exposed to the body's oscillating electromagnetic field signals are generated that are
resonant with certain protein structures in membrane receptors. These structures are
known to operate by a communication system called signal induction (usually a chemical
signal, but it can also be a frequency signal) the activation of these receptors results in
coupling and amplification of the signal in a process known as signal transduction.

THE BASIC ISSUE IS THAT YOU CAN ACTIVATE METABOLIC REACTIONS

WITH FREQUENCY SIGNALS AS WELL AS CHEMICAL SIGNALS, IF YOU
HAVE THE PROPER FREQUENCY CODE AND WAVEFORM. LifeWave patches
basic function is to generate a set of biologically active signals when the patches interact
with the human body.

**Some Electronic Properties of Biological Molecules**

Enzymes and proteins are also semiconductors. Since enzymes and proteins in the cells
organize into cooperative structures and contain components that are nanometer-sized,
the length of wavelengths of energy these components will resonate to must also be
nanometer in size.

By definition a semiconductor is a solid crystalline substance, such as germanium or
silicon or liquid crystalline substances, such as proteins, RNA or DNA that have
electrical conductivity greater than insulators, but less than good conductors.
Solid crystalline semiconductors are used especially as a base material for computer chips
and other electronic devices. Whereas liquid crystal semiconductors like proteins and
DNA are being investigated for use in organic electronic devices.

It has been known since the time of Georges Lakhovsky, a Russian electrical engineer
that even **cells are electrical in nature** . In his book called _The Secret of Life_ published in
1935 he described how cells manifest the electrical properties of resistance, capacitance,
and inductance. In his book he described how he could generate high frequency radio
waves with an electronic device called a multiwave oscillator. He reported that he could


5


energize malfunctioning cells, which had lower than normal stored electrical charges by
exposing the body to electromagnetic energy. His device produced a temporary increase
of charge in the cell membranes in cells with low charge. (This is analogous to recharging
a flashlight that uses a charged capacitor. A flashlight with a charged capacitor works
better than a flashlight which has a discharged capacitor.) When dysfunctional cells are
energized, waste is expelled and nutrients will be ingested. Comparing Lakhovsky
invention to LifeWave we find that both methods increase the energy of cells, however
there are some differences. While Lakhovsky used an electrical device to send energy
into the cells to give cells a temporary charge LifeWave patches send information signals
into the cells that cause the cells to produce more energy producing a more sustained
effect.

**Capacitance** is an electrical property, which is the ability to accumulate and store charge
from a circuit and later give it back to the circuit.

**Chiral or Optical Isomers**

""Some chemical compounds have optical activity in the sense that these compounds have
the ability to rotate the plane of polarized light. Polarized light has light waves all
traveling parallel to each other. Ordinary light has light waves traveling in all directions.
When polarized light is passed through **a solution of an optically active compound**, the
plane of polarization is rotated to the right or the left. The angle of rotation can be
measured in a polarimeter

~
(http://www.elmhurst.edu/ chm/vchembook/209optical.html).”

**Faraday's Law of Induction**

""In physics, a quantitative relationship between a changing magnetic field and the electric
field created by the change, developed on the basis of experimental observations made in
1831 by the English scientist Michael Faraday. The phenomenon called electromagnetic
induction was first noticed and investigated by Faraday; the law of induction is its
quantitative expression. Faraday discovered that, whenever the magnetic field about an
electromagnet was made to grow and collapse by closing and opening the electric circuit
of which it was a part, an electric current could be detected in a separate conductor
nearby. **Moving a permanent magnet into and out of a coil of wire also induced a**
**current in the wire while the magnet was in motion.** Moving a conductor near a
stationary permanent magnet caused a current to flow in the wire, too, as long as it was
moving (ENCYCLOPEDIA BRITANNICA).” The phenomenon of induction is used in
LifeWave by putting the conducting materials in the patches in the body’s moving
(oscillating) magnetic field.

**Summary Statement**

LifeWave **non-transdermal** patches are constructed from organic materials like amino
acids, sugars and stabilized oxygen (all GRAS listed), that are sealed inside a polymer
shell (the Hardware). The materials in the patches form molecule sized liquid crystal


6


structures that are very small antennas. These molecular antennas are activated by the
body's energy field to create specific signals that are carried into the body and cause the
cells to increase energy production from fat. In a sense patches are programmed like
computer chips (the Software) by using different formulas that will produce different
sized antennas and different biological messages.

The Patches are completely non-transdermal, no substance enters the body. This has been
proven by independent laboratory verification with electron micrographs and studies
where the patches were heated to 40 degrees C and placed in a vacuum. These studies
have shown that the materials inside the patches do not leave the patches.",2025-08-29 21:04:57.923979+00
metabolic-implications-of-the-lifewave-x39-patch-study-1,"**Metabolic implications**

**of the**

**Lifewave X39 Patch**


**Melinda H. Connor, D.D., Ph.D., AMP, FAM**

**Caitlin A. Connor, MAcOM, DAOM**

**Naran Gombosuren, Ph.D.**

**Jens Eickhoff, Ph.D.**

**Introduction**

This study explores the metabolic implications and physiologic results of wearing


the Lifewave X39 patch over the period of one week. Measures were taken at baseline,


24 hours and at 7 days of wearing the patch. A sample of convenience of 15 subjects


made up of both men and women aged 40-65 were selected to participate in this study.


**Background**


The Lifewave X39 patch focuses on stimulating the copper tripeptide GHK- Cu.


“Copper tripeptide-1(GHK-Cu) is a small protein composed of the three amino acids


(protein building blocks) glycine, histidine, and lysine combined in a specific geometric


configuration with the physiologically beneficial mineral. (copper)” (DeHaven, C., 2014)


This tripeptide was first isolated from human plasma albumin in 1973 by Dr. Loren


Pickart. Pickart, noticed differences in the levels of fibrinogen based on age. He


additionally noticed that these differences stopped when the older liver cells were


incubated in blood from younger individuals. “In 1977, David Schlesinger of the Harvard


University Chemistry Department confirmed that the growth modulating peptide isolated


by Pickart was a glycyl-L-histidyl-L-lysine peptide.” It is interesting to note that this


peptide has also been found in saliva, urine, and collagen. Additional research has


established the strong affinity the GHK peptide has for copper, and exists in two forms,


as this was not covered in the initial experiment. These two forms are GHK and GHK

Cu. It is also important to mention that none of the research around GHK has ever found


it to cause an issue. (DeHaven, C., 2014)


The “copper tripeptide-1 belongs to a group of emergency response molecules


which are released during injury and come to the body’s aid...” (DeHaven, C., 2014) It is


naturally released by the body when there is any type of injury to tissue. Research has


identified that the peptide is used to signal the beginning of the natural repair process.


This benefit has specifically been documented through research for post-laser or surgical


wounds, ischemic, burns, skin or hair transplants, and diabetic ulcers. “Diabetic wounds


healed three times faster in the presence of Copper tripeptide-1. Time to re

epitheliazation is shortened.” (DeHaven, C., 2014) The “copper tripeptide-1 has been


suggested to have a potential therapeutic role in age-related neurodegeneration and


cognitive decline. It improves axon survival and maintenance of nerves.” (DeHaven, C.,


2014)


The tripeptide has also been demonstrated to improve tissue remodeling. “It


increases keratinocyte proliferation and normal collagen synthesis, improves skin


thickness, skin elasticity and firmness, improves wrinkles, photodamage and uneven


pigmentation, improves skin clarity, and tightens protective barrier proteins.” (DeHaven,


C., 2014) This has an impact on both scars and other effects of damage to the skin, and


natural aging processes. The effects of tissue remodeling also appear to have an impact


on cancerous cells. “The fact that GHK was able to suppress 70% of genes involved in


the development of an aggressive metastatic form of colon cancer indicates that GHK is


capable of the regulation of various biochemical pathways on a gene level and it seems to


be resetting the gene activity back to health, which leads to the improvement of tissue


repair.” (Pickart, L., 2015)


GHK-Cu also has a demonstrated impact on other organs in the body after they


have been damaged. “A collaborative study conducted by scientists from Boston


University, University of Groningen, University of British Columbia, and University of


Pennsylvania established that the GHK peptide reverses the gene expression signature of


COPD, which is manifested by emphysema, inflammation, lung tissue destruction, and


significant reduction of lung capacity.” (Pickart, L., 2015) It is also important to note


that “…the level of GHK is about 200 ng/mL(10−7M) at age 20, but declines to 80


ng/mL by age 60.” (Pickart, L., 2015) This likely explains the increasing effects of aging.


It would also suggest that increased levels over time of GHK-Cu would have a positive


effect on both life expectancy and aging.


**Non-transdermal Patch**


All X39 patches are sealed so that none of the substances in the patch actually


penetrate the skin. This allows for consistent patch promotion of the light flow through


out the time the patch is worn. In this study the initial baseline readings were taken, then


the X39 patch was applied. The participant will be asked to wear the patch 12 hours each


day. The participant removed the patch at night and a fresh patch was applied each


morning prior to 8 am. The patch was worn for a minimum of 1 hour before the


additional data measures were taken. Patches were worn for a total of 7 days. Data taking


with the patch applied was done on day one, day two and day seven.


**Phototherapy**


Phototherapy has been defined as “the use of ultraviolet (UV) light for its healing


effects.” (Kakimoto, C., 2017) Supported by normal electro-dermal skin conductance


(Becker, (1985), Flick, (2004)), the human body gives off a number of materials


biochemically including particulate release, gas emission, ultraviolet light, near infrared


light, and visible spectrum light. The Lifewave patches have been specifically developed


to reflect this light back onto the skin where the patch has been placed. This then


stimulates the area of skin, producing improved physiological effects. Variations on


phototherapy have been used for at least 100 years. In that time there has been little


evidence of negative side effects. There is a theoretical concern about an increase in


cancer rates, but “there was no significant association found with basal cell carcinoma,


squamous cell carcinoma or melanoma.” (Kakimoto, C., 2017) This suggests that this is a


relatively untapped option for healing with relatively few risks.


**Meridian Implications and Patch placement**


The Lifewave patches are placed on specific meridian points to maximize


effectiveness. The theory of balancing the body based on the Chinese meridian system is


over 3000 years old. Current information now maps the meridian system to parts of the


lymphatic system. The concept of the release of “Qi” on an area of the lymphatic system


is consistent with the evidence that the body has a variety of electrical-dermal potentials


across its surface (Becker & Selden, 1985, Flick, 2004) and that acupuncture points are


(at least in part) strategic conductors of electromagnetic signals (Feinstein, 2010).


There are two options for patch placement which have been defined for the X39


patch. The first is a point on the back, also known as GV14, Du-14, or Tao Dao, which


may create a few relevant effects. It is a meeting point of the Governing vessel with all of


the Yang meridians. It is also the Point of the Sea of Qi. All of these mean that point


would have a direct impact on the Yang meridians of the body, and both generally Qi and


Yang in the body. It specifically expels wind and firms the exterior, which will help


prevent illness and reduce shaking. It also clears heat, which would include inflammation


and redness, which is a common sign of tissue damage. It also works specifically on


malaria, as well as building any bodily substance that is depleted and pacifies wind.


(Deadman, P., 2001)


The second, is a point on the lower abdomen, also known as CV-6, or Qi Hai.


This point works in a slightly different direction. It fosters Original Qi, builds Qi overall,


supports the Kidneys and fortifies Yang, rescues collapsed Yang, regulates Qi, and


harmonizes blood. This means that it helps congenital problems or the general effects of


aging. It also helps with genital issues, such as impotence, prolapse of the uterus, and


infertility. It also helps with pain or masses in the abdomen. Between these two points


most, if not all, of the previously noted impacts of the X39 patch are supported.


(Deadman, P., 2001)


This study focused on the metabolic impact of patch usage, with half the


participants using the CV6 point and half using the GV14 point.


**Metabolic Suite**


For the purposes of this study the Sabre Sciences HPA2 metabolic suite has been


selected. The HPA 2 Profile includes both urine and saliva collection. The urine


evaluates: 5-HTP, Serotonin, Dopamine, Epinephrine, Norepinephrine, GABA,


Glutamate, Histamine, L-DOPA, Normetanephrine, Metanephrine


3-Methoxytyramine. The saliva evaluates: Cortisol and DHEA. Several additional


measures have been added to the HPA2 suite, Glutathione, and a cysteine to cystine ratio


will also be tested using the urine sample. Three measures will be taken: baseline, 24


hours and 7days. (Sabre Sciences Laboratory, http://www.sabresciences.com/ ):


Metabolic testing consisted of one 10am urine taken at baseline/day one, day two


and day seven. Saliva Testing consisted of a six swabs taken in one day at baseline/day


one, day two and seven. Subjects self-administered the swab under the supervision of Dr.


Connor when in the laboratory, which was then placed back in the shipping container and


labeled with the subject number. Samples were kept in the freezer at -20F and were


shipped with ice by UPS to the Sabre Science lab in Carlesbad, CA on a daily basis.


**Physiology Suite**

All study participants had the following physiological testing done at base line, 24


hours and 7 days: Six minute recordings of EKG, pulse, respiration, heart rate variability


(HRV), temp, blood volume pulse, galvanic skin response, and 2 EMG (muscle) leads


(one on each shoulder area). At baseline testing, participants were checked for any


allergic reactions to the adhesive patches. Allergic reactions to physiological test patches


happen at a rate of 1:100,000 and if an allergic reaction was discovered participants


would be referred to the local urgent care for treatment and then dropped from the study.


No participats in this study had an adverse event of any type. Fresh adhesive patches


were used for each person tested. Adhesive patches are disposed of in bio hazard


containers after use.


**Questionnaires**

A series of questionnaires were administered to support the metabolic findings.


_**Marlowe Crowne**_

The Marlowe Crowne is a 13 Item true/false short form that is a measure of


subjects tendencies to give answers that they may perceive are desired by the interviewer


and/or reflect perceived positive social norms. This variable can produce inaccurate or


misleading findings unless properly controlled for in statistical analysis. Estimated


completion time 2 minutes. This instrument was normed by Renyolds in 1982.


_**McGill Pain Scale**_


This scale is comprised of three sections regarding a subject’s pain. Section


number one asks, “What Does Your Pain Feel Like?” and then lists 20 descriptive


categories that are numerically rated as 1 – 5. Section number two asks, “How Does Your


Pain Change with Time?”. The first question asks the subject to describe the pattern of


their pain; and this is followed by 22 descriptive terms regarding their effects on


increasing or decreasing pain. The third section reflects upon the strength of the pain and


has six questions that give a context and comparison to the current pain compared to


other types of pain suffered in the past. Again this section is ranked numerically 1-5, with


one being mild and five being excruciating.


_**Pittsburg Sleep Quality Index**_


This scale is comprised of a mix of quantitative questions and five likert scale


questions 0-3. It explores the type and quality of sleep experienced by an individual over


the past month. It was normed by Cole et al. (2006).


_**Arizona Integrative Outcome Scale, Visual Analogue Scale (AIOS-VAS)**_


_**for Vitality**_


The AIOS- VAS rates subject’s “overall sense of well-being and vitality” over the


past 24 hours, using a 100mm one-line visual analogue scale. This instrument was


normed by Bell in 2003.


_**Profile of Mood States (POMS)**_


The POMS is a 37-item 5 factor scale which is a basic measure of affective state


in several dimensions including vigor, mood, anxiety and depression. 8 minutes


maximum completion time. It was normed by McNair et al., 1971/1981; Shacham, 1983.


_**WAS III**_


A subsection of the WAS III will be used to determine level of short and long


term memory and if there is an improvement in memory from baseline to 7 days.


**Statistical Analysis**


Data from questionnaires were collected on standard answer sheets and scored. Then the


data points were entered into an excel spread sheet for statistical evaluation. Standardized tests


were scored and reviewed for data trends and significant results. All questionnaires parameters


were summarized in terms of means and standard deviation, stratified by assessment time point.


Changes between assessment time points were evaluated using a paired t-test or nonparametric


Wilcoxon Signed Rank test. All physiology parameters were summarized in terms of means and


standard deviation, stratified and across the 6 study epochs. Changes from pre-to post patch


administration were evaluated using a paired t-test. Normal probability plots were examined to


verify the distribution assumptions. All reported P-values are two-sided and PFemaleMale|10 (67%)5 (33%)|
|Age (yrs), means ±SD|61.9 ± 9.3|



Important Questionnaire Outcomes

  - Marlowe-Crowne consistent

  - AIOS-VAS

  - WAIS III

  - Profile of Mood States (POMS) No change

  - Modified PSQI

  - McGill Pain Instrument No change


_Table 2: Summary of Marlowe-Crowne instrument scores, stratified by day_


|Day|N|Mean|SD|
|---|---|---|---|
|1|15|16.0|2.1|
|7|15|15.5|2.4|


_Table 3: Changes in Marlowe-Crowne instrument scores from day 1 to day 7_

|Col1|Mean Change|SD|p-value|
|---|---|---|---|
|Change from day 1 to day 7|-0.47|0.2|0.4614|



_Table 4: Summary of AIOS-VAS instrument scores, stratified by assessment time point_

|Time|N|Mean|SD|
|---|---|---|---|
|Consent|15|62.7|22.8|
|1.2|14|67.1|22.8|
|2|14|71.1|27.3|
|6|15|78.0|23.1|



_Table 5: Changes in AIOS-VAS instrument scores from Consent to 1.2, Consent to day 2, and Consent to day 7_

_assessments_

|Col1|Mean Change|SD|p-value|
|---|---|---|---|
|Change from 1.1 to 2|7.6|15.3|0.0877|
|Change from 1.1 to 7|15.3|20.6|0.0151|



_Table 6: Summary of WAISIII instrument scores, stratified by assessment time point_











|Time|Outcome|N|Mean|SD|
|---|---|---|---|---|
|Day 1|# Short# Mid# Long|151515|6.25.35.1|1.92.32.3|
|Day 7|# Short# Mid# Long|151515|7.36.16.1|2.32.93.1|


_Table7: Changes in WAISIII instrument scores from day 1 to day 7_





|Col1|Outcome|Mean Change|SD|p-value|
|---|---|---|---|---|
|Change from Day 1 to Day 7|# Short# Mid# Long|1.10.81.1|2.42.93.2|0.08720.30080.2170|


_Table8: Summary of modified PSQI instrument total scores, stratified by assessment time point_







|Time|N|Mean|SD|
|---|---|---|---|
|Day 1|11|6.7|2.8|
|Day 2|11|5.2|2.7|
|Day 7|7|4.6|2.9|


_Table 9: Changes in modified PSQI instrument scores from day 1 to day 2 and from day 1 to day 7_


Mean Change SD p-value


|Change from Day 1 to Day 2|-1.0|1.3|0.0676|
|---|---|---|---|
|Change from Day 1 to Day 7|-3.0|2.9|0.0522|


There were no significant changes in the POMs and the McGill pain scores from the
baseline (pre-patch) assessment.

Important Metabolic Outcomes
_Table 10: Change from day 1 (pre-patch) to day 2, day 2 to day 7, and day 1 (pre-patch) to day 7_

|Marker|Change|MeanChange|SD|p-value|
|---|---|---|---|---|
|Ala|Day 1 to Day 2|-20.17|36.89|0.0526|
|Cys|Day 2 to Day 7|-16.07|23.86|0.0206|
|E|Day 1 to Day 2|-2.09|3.08|0.0197|
|E|Day 2 to Day 7|1.59|2.94|0.0552|
|GABA|Day 1 to Day 7|-0.73|1.50|0.0818|
|Glu|Day 2 to Day 7|-3.82|6.73|0.0453|
|Glu|Day 1 to Day 7|-5.82|10.37|0.0475|
|Gly|Day 1 to Day 2|-72.54|117.73|0.0317|
|HCys2|Day 1 to Day 2|0.35|0.55|0.0296|
|His|Day 1 to Day 2|-46.32|75.35|0.0320|
|His|Day 1 to Day 7|-46.64|49.35|0.0026|
|Hist|Day 1 to Day 2|-9.24|20.20|0.0981|
|Hlys|Day 1 to Day 7|-0.80|1.75|0.0992|
|Leu|Day 1 to Day 2|-4.84|7.84|0.0313|
|NorM|Day 2 to Day 7|-13.06|23.32|0.0479|
|PEA|Day 1 to Day 7|-0.59|1.12|0.0589|
|Phe|Day 2 to Day 7|6.33|10.94|0.0418|
|Ratio|Day 1 to Day 2|-0.71|1.40|0.0700|
|Trp|Day 2 to Day 7|-10.81|18.55|0.0406|
|a-amino|Day 2 to Day 7|-5.29|7.79|0.0198|
|a-amino|Day 1 to Day 7|-8.90|13.79|0.0256|



Important Physiology Outcomes

_Table 11: Change from pre-patch to last-patch (day 7) of HF, LF/HF NN50, PNN50,_
_Power, RMSSD, and VLF, stratified by Epoch (1-6)_


|Source|Outcome|Epoch|MeanChange|SD|p-value|
|---|---|---|---|---|---|
|A_EKG|SDNN|2|-42.89|82.71|0.06430|


|B_BVP|HF|5|-1085.13|2038.55|0.05830|
|---|---|---|---|---|---|
|B_BVP|NN50|1|-3.13|5.34|0.03950|
|B_BVP|NN50|2|-2.13|4.12|0.06470|
|B_BVP|NN50|3|-1.73|2.89|0.03580|
|B_BVP|NN50|5|-2.73|3.03|0.00360|
|B_BVP|PNN50|1|-0.05|0.08|0.03820|
|B_BVP|PNN50|2|-0.03|0.07|0.06880|
|B_BVP|PNN50|3|-0.03|0.04|0.04290|
|B_BVP|PNN50|5|-0.04|0.04|0.00360|
|B_BVP|RMSSD|5|-21.13|36.49|0.04160|
|B_BVP|SDNN|5|-19.42|27.08|0.01480|
|B_BVP|VLF|5|-382.47|426.65|0.00370|


_Table 12: Change from pre-patch to last-patch (day 7) of HF, LF/HF NN50, PNN50,_
_Power, RMSSD, and VLF, across all 6 Epochs_



|Source|Outcome|MeanChange|SD|p-value|
|---|---|---|---|---|
|A_EKG|HF|-1115.01|28492.47|0.7113|
|A_EKG|LF|14424.43|104293.22|0.1929|
|A_EKG|LF/HF|0.28|1.31|0.0487|
|B_BVP|HF|-786.72|3852.92|0.0559|
|B_BVP|LF|205.48|4414.61|0.6599|
|B_BVP|LF/HF|-0.08|5.93|0.9004|
|B_BVP|NN50|-1.96|3.80|Change|SD|p-value|
|---|---|---|---|---|---|
|BVP_HR|1:Average|2|4.51|7.83|0.0426|
|BVP_HR_Max_Min|1:Average|5|-2.23|3.13|0.0153|
|BVP_HR_Max_Min|2:Mode|1|-1.18|2.17|0.0533|
|BVP_HR_Max_Min|2:Mode|2|-0.73|1.57|0.0917|
|EKG_HR_Max_Min|2:Mode|6|-33.34|67.42|0.0871|
|Resp_Rate|2:Mode|1|1.92|4.03|0.0868|


_Table 14: Change from pre-patch to last-patch (day 7) of BVP-HR, EMG, Skin-Condition,_
_Temperature and Respiratory Rate for Average, Mode,and Area, across all 6 Epochs_

|Source|Outcome|MeanChange|SD|p-value|
|---|---|---|---|---|
|BVP_HR|1:Average|2.54|8.31|0.0047|
|BVP_HR|2:Mode|2.31|9.60|0.0249|
|BVP_HR_Max_Min|1:Average|-1.67|5.50|0.0049|
|C_EMG|1:Average|-39.44|124.62|0.0035|
|C_EMG|2:Mode|-38.45|128.72|0.0057|
|C_EMG|3:Area|-2366.63|7477.30|0.0035|



**Discussion**


It is important to recognize that this was both a sample of convience and a short

term study with a small sample size. However,


**Summary**

This study, as designed, is fairly comprehensive in nature, exploring the metabolic


and physiologic aspects of the Lifewave X39 patch. In addition the questionnaires which


were administered cover a range of previously reported experiences with the X39


patches. These include quality of sleep improvement, memory improvement, feelings of


vitality, reduction of pain and inflammation, and an overall sense of well-being. This


study provides a short term picture of the lived experience of participants who are


wearing the Lifewave X39 Phase III patch daily.


The data results of improvement in blood pressure, 17 statistically significant


amino acid changes over the 7 days, improvement in sleep levels, improvement in short


term memory, improvement in reported feelings of vitality and consistancy in reporting


across the study suggest that further research with a larger sample size be done and


confirm the previously reported annecdotal responses in the testing of earlier subjects.


The Lifewave X39 patch shows clear, significant metabolic changes over the course of


one week which should be explored over longer periods of time in future studies so that a


better understanding of the comprehensive nature and effects of the phototherapy


produced by this patch may be demonstrated.


**References**

Becker, R., Selden, G., “The Body Electric”, William Morrow Pub., New York, NY,
1985.

Deadman, P., Al-Khafaji, M., Baker, K. (2001) A Manual of Acupuncture. Eastland
Press. 1240 Activity Dr., #D Vista, CA, 92083.

DeHaven, C., (2014) Copper Tripeptide-1. Science of Skincare.

Feinstein, D., “Rapid Treatment of PTSD: Why Psychological Exposure with Acupoint
Tapping May Be Effective”, Psychotherapy: Theory, Research, Practice, Training. 47(3),
385-402, 2010, American Psychological Association.

Flick, A. B., “Silver and Wound Healing”, CAM Research Symposium, Hershey Medical
School, Hershey PA, July 2004.

Geo Peptides Staff. (2015) What are Copper Peptides? Retrieved August 5, 2018.
https://www.geopeptides.com/copperpep.html

Kakimoto, C., (2017) What is phototherapy, and how does it work?
https://www.dermatologistoncall.com/blog/what-is-phototherapy-and-how-does-it-work/

Pickart, L., Vasquez-Soltero, J., Margolina, A. (2015) GHK Peptide as a Natural
Modulator of Multiple Cellular Pathways in Skin Regeneration. Hindawi Publishing
Corporation BioMed Research International Volume 2015, Article ID 648108, 7 pages
[http://dx.doi.org/10.1155/2015/648108.](http://dx.doi.org/10.1155/2015/648108)


**Appendix A: Complete Statistical Results**


**Statistical Analysis Report**


**GHK- CU Study – Questionnaire Data**

Table 1: Demographics (N=15) ................................................................................................................... 17

Table 2: Summary of Marlowe-Crowne instrument scores, stratified by day ........................................... 17

Table 3: Changes in Marlowe-Crowne instrument scores from day 1 to day 7 ........................................ 17

Table 4: Summary of POMS instrument scores, stratified by assessment time point ............................... 17

Table 5: Changes in POMS instrument scores from 1.1 to 1.2, 1.1 to 2, and 1.1 to 7 assessment

time points ................................................................................................................................................. 17

Table 6: Summary of AIOS-VAS instrument scores, stratified by assessment time point ......................... 17

Table 7: Changes in AIOS-VAS instrument scores from Consent to 1.2, Consent to 2, and Consent

to 7 assessments ........................................................................................................................................ 18

Table 8: Summary of WAISIII instrument scores, stratified by assessment time point ............................. 18

Table 9: Changes in WAISIII instrument scores from day 1 to day 7 .......................................................... 18

Table 10: Summary of PSQI instrument total scores, stratified by assessment time point ....................... 18

Table 11: Changes in PSQI instrument scores from day 1 to day 7 ............................................................ 18

Table 12: Summary of modified PSQI instrument total scores, stratified by assessment time

point ........................................................................................................................................................... 18

Table 13: Changes in modified PSQI instrument scores from day 1 to day 2 and from day 1 to day

7 .................................................................................................................................................................. 18

Table 14: Summary of modified McGill total pain scores, stratified by assessment time point ............... 19

Table 15: Changes in modified McGill total pain scores from day 1 to day 2 and from day 1 to

day 7 ........................................................................................................................................................... 19

**Study Design** : Single arm study with 2 – 4 assessment time points.

**Sample Size:** N=15

**Statistical Methods** : All physio parameters were summarized in terms of means and
standard deviation, stratified by assessment time point. Changes between assessment time
points were evaluated using a paired t-test or nonparametric Wilcoxon Signed Rank test.

Questionnaire Outcomes


  - Marlowe-Crowne

  - AIOS-VAS

  - WAIS III

  - Profile of Mood States (POMS)

  - Pittsburgh Sleep Quality Index (PSQI)

  - Modified PSQI

  - McGill Pain Instrument


_Table 4: Demographics (N=15)_








|Col1|N (%)|
|---|---|
|GenderFemaleMale|10 (67%)5 (33%)|
|Age (yrs), means ±SD|61.9 ± 9.3|



_Table 5: Summary of Marlowe-Crowne instrument scores, stratified by day_

|Day|N|Mean|SD|
|---|---|---|---|
|1|15|16.0|2.1|
|7|15|15.5|2.4|



_Table 6: Changes in Marlowe-Crowne instrument scores from day 1 to day 7_

|Col1|Mean Change|SD|p-value|
|---|---|---|---|
|Change from day 1 to day 7|-0.47|0.2|0.4614|



_Table 7: Summary of POMS instrument scores, stratified by assessment time point_

|Time|N|Mean|SD|
|---|---|---|---|
|1.1|15|28.4|19.3|
|1.2|14|29.3|20.6|
|2|13|30.6|20.0|
|7|14|27.2|19.2|



_Table 8: Changes in POMS instrument scores from 1.1 to 1.2, 1.1 to 2, and 1.1 to 7 assessment time points_

|Col1|Mean Change|SD|p-value|
|---|---|---|---|
|Change from 1.1 to 1.2|4.4|11.2|0.1622|
|Change from 1.1 to 2|4.4|16.2|0.3490|
|Change from 1.1 to 7|1.2|19.2|0.8162|



_Table 9: Summary of AIOS-VAS instrument scores, stratified by assessment time point_


|Time|N|Mean|SD|
|---|---|---|---|
|Consent|15|62.7|22.8|
|1.2|14|67.1|22.8|
|2|14|71.1|27.3|
|7|15|78.0|23.1|


_Table 10: Changes in AIOS-VAS instrument scores from Consent to 1.2, Consent to 2, and Consent to day 7 assessments_

|Col1|Mean Change|SD|p-value|
|---|---|---|---|
|Change from 1.1 to 1.2|2.6|12.8|0.3146|
|Change from 1.1 to 2|7.6|15.3|0.0877|
|Change from 1.1 to 7|15.3|20.6|0.0151|



_Table 11: Summary of WAISIII instrument scores, stratified by assessment time point_











|Time|Outcome|N|Mean|SD|
|---|---|---|---|---|
|Day 1|# Short# Mid# Long|151515|6.25.35.1|1.92.32.3|
|Day 7|# Short# Mid# Long|151515|7.36.16.1|2.32.93.1|


_Table 12: Changes in WAISIII instrument scores from day 1 to day 7_





|Col1|Outcome|Mean Change|SD|p-value|
|---|---|---|---|---|
|Change from Day 1 to Day 7|# Short# Mid# Long|1.10.81.1|2.42.93.2|0.08720.30080.2170|


_Table 13: Summary of PSQI instrument total scores, stratified by assessment time point_







|Time|N|Mean|SD|
|---|---|---|---|
|Day 1|14|6.3|2.8|
|Day 7|11|5.3|2.5|


_Table 14: Changes in PSQI instrument scores from day 1 to day 7_

|Col1|Mean Change|SD|p-value|
|---|---|---|---|
|Change from Day 1 to Day 7|-0.4|1.6|0.5152|



_Table 15: Summary of modified PSQI instrument total scores, stratified by assessment time point_

|Time|N|Mean|SD|
|---|---|---|---|
|Day 1|11|6.7|2.8|
|Day 2|11|5.2|2.7|
|Day 7|7|4.6|2.9|



_Table 16: Changes in modified PSQI instrument scores from day 1 to day 2 and from day 1 to day 7_


|Col1|Mean Change|SD|p-value|
|---|---|---|---|
|Change from day 1 to day 2|-1.0|1.3|0.0676|
|Change from day 1 to day 7|-3.0|2.9|0.0522|


_Table 17: Summary of modified McGill total pain scores, stratified by assessment time point_

|Time|N|Mean|SD|
|---|---|---|---|
|Day 1.1|15|6.2|6.7|
|Day 1.2|15|9.2|16.1|
|Day 2|15|5.9|9.8|
|Day 7|15|6.1|9.0|



_Table 18: Changes in modified McGill total pain scores from day 1 to day 2 and from day 1 to day 7_






|Col1|Mean Change|SD|p-value|
|---|---|---|---|
|Change from Day 1.1 to Day1.2|3.0|16.9|0.8867|
|Change from Day 1.1 to Day2|-0.3|9.5|0.7480|
|Change from Day 1.1 to Day7|-0.1|7.7|0.6328|



There are no changes in the McGill pain scores from the baseline (pre-patch) assessment.


**GHK- CU Study – Physio Data**

Table 1: Summary statistics for pre- vs. Last-patch (day 7) of HF, LF/HF NN50, PNN50, Power,

RMSSD, and VLF, stratified by Epoch (1-6) ................................................................................................ 20
Table 2: Change from pre-patch to Last-patch (day 7) of HF, LF/HF NN50, PNN50, Power,

RMSSD, and VLF, stratified by Epoch (1-6) ................................................................................................ 23
Table 3: Summary statistics for pre- vs. Last patch (day 7) of HF, LF/HF NN50, PNN50, Power,

RMSSD, and VLF, across all 6 Epochs ......................................................................................................... 25
Table 4: Change from pre-patch to Last-patch (day 7) of HF, LF/HF NN50, PNN50, Power,

RMSSD, and VLF, across all 6 Epochs ......................................................................................................... 26
Table 5: Summary statistics for pre- vs. Last patch (day 7) of BVP-HR, EMG, Skin-Condition,

Temperature and Respiratory Rate for all distribution characteristics outcomes, stratified by

Epoch (1-6) ................................................................................................................................................. 27

Table 6: Change from pre-patch to Last patch (day 7) of BVP-HR, EMG, Skin-Condition,
Temperature and Respiratory Rate for Average,Mode,and Area, stratified by Epoch (1-6) ..................... 34

Table 7: Summary statistics for pre- vs. Last patch (day 7) of BVP-HR, EMG, Skin-Condition,

Temperature and Respiratory Rate for all distribution characteristics outcomes, across all 6

epochs ........................................................................................................................................................ 37
Table 8: Change from pre-patch to Last patch (day 7) of BVP-HR, EMG, Skin-Condition,

Temperature and Respiratory Rate for Average, Mode,and Area, across all 6 Epochs ............................. 38


**Study Design** : Pre-post study comparing physio outcome measures before patch vs. last
(day 7) patch administration.

**Sample Size:** N=15

**Statistical Methods** : All physio parameters were summarized in terms of means and
standard deviation, stratified and across the 6 study epochs. Changes from pre-to post
patch administration were evaluated using a paired t-test. Normal probability plots were
examined to verify the distribution assumptions. All reported P-values are two-sided and
PChange|SD|p-value|
|---|---|---|---|---|---|
|A_EKG|HF|1|3154.59|29005.20|0.68000|
|A_EKG|HF|2|-4184.73|12598.21|0.21910|
|A_EKG|HF|3|6019.14|41214.98|0.58060|
|A_EKG|HF|4|3415.29|23353.35|0.58010|
|A_EKG|HF|5|-5091.11|28409.00|0.49900|
|A_EKG|HF|6|-10669.64|31051.54|0.22100|
|A_EKG|LF|1|43702.64|188421.31|0.38420|
|A_EKG|LF|2|3165.08|51770.52|0.81630|
|A_EKG|LF|3|9239.37|35358.13|0.32870|
|A_EKG|LF|4|28091.37|104765.04|0.31660|
|A_EKG|LF|5|3998.41|22850.85|0.50900|
|A_EKG|LF|6|-2024.20|133453.31|0.95560|
|A_EKG|LF/HF|1|0.50|1.81|0.30510|
|A_EKG|LF/HF|2|0.22|1.11|0.45440|
|A_EKG|LF/HF|3|0.09|0.47|0.44920|
|A_EKG|LF/HF|4|0.55|1.70|0.23440|
|A_EKG|LF/HF|5|0.15|0.36|0.11820|
|A_EKG|LF/HF|6|0.14|1.80|0.77260|
|A_EKG|NN50|1|-1.87|4.50|0.13060|
|A_EKG|NN50|2|2.40|5.78|0.13010|
|A_EKG|NN50|3|-0.13|8.13|0.95030|
|A_EKG|NN50|4|1.87|6.82|0.30730|
|A_EKG|NN50|5|2.00|5.96|0.21500|
|A_EKG|NN50|6|1.14|6.09|0.49480|
|A_EKG|PNN50|1|-0.01|0.04|0.22480|
|A_EKG|PNN50|2|0.01|0.03|0.44660|
|A_EKG|PNN50|3|0.00|0.03|0.95160|
|A_EKG|PNN50|4|0.00|0.05|0.71980|
|A_EKG|PNN50|5|-0.01|0.05|0.51460|
|A_EKG|PNN50|6|-0.01|0.04|0.34490|
|A_EKG|Power|1|51633.02|253690.12|0.44370|
|A_EKG|Power|2|-1680.88|72944.30|0.93020|
|A_EKG|Power|3|20500.80|95031.26|0.41750|
|A_EKG|Power|4|62442.52|221196.63|0.29270|


|A_EKG|Power|5|-2636.59|48451.54|0.83610|
|---|---|---|---|---|---|
|A_EKG|Power|6|4442.72|267301.28|0.95140|
|A_EKG|RMSSD|1|24.02|241.70|0.70620|
|A_EKG|RMSSD|2|-47.39|118.28|0.14300|
|A_EKG|RMSSD|3|17.51|294.04|0.82090|
|A_EKG|RMSSD|4|1.79|198.97|0.97270|
|A_EKG|RMSSD|5|-63.85|214.48|0.26820|
|A_EKG|RMSSD|6|-42.95|211.64|0.46120|
|A_EKG|SDNN|1|28.08|208.21|0.60960|
|A_EKG|SDNN|2|-42.89|82.71|0.06430|
|A_EKG|SDNN|3|20.75|209.31|0.70680|
|A_EKG|SDNN|4|5.58|147.42|0.88550|
|A_EKG|SDNN|5|-32.43|145.93|0.40390|
|A_EKG|SDNN|6|-43.01|148.53|0.29830|
|A_EKG|VLF|1|4775.80|41081.08|0.65940|
|A_EKG|VLF|2|-661.23|17028.51|0.88260|
|A_EKG|VLF|3|5242.29|21025.80|0.35060|
|A_EKG|VLF|4|30935.86|109560.83|0.29260|
|A_EKG|VLF|5|-1543.89|3669.04|0.12540|
|A_EKG|VLF|6|17136.56|120381.27|0.60330|
|B_BVP|HF|1|-119.00|1129.86|0.68950|
|B_BVP|HF|2|-2745.42|7692.69|0.18860|
|B_BVP|HF|3|-396.41|1771.01|0.40060|
|B_BVP|HF|4|540.54|2849.49|0.47470|
|B_BVP|HF|5|-1085.13|2038.55|0.05830|
|B_BVP|HF|6|-969.55|3551.06|0.32560|
|B_BVP|LF|1|561.24|2192.12|0.33820|
|B_BVP|LF|2|-933.75|8693.08|0.68370|
|B_BVP|LF|3|239.78|1035.47|0.38500|
|B_BVP|LF|4|-95.13|948.78|0.70360|
|B_BVP|LF|5|457.61|4474.31|0.69800|
|B_BVP|LF|6|1071.09|4533.33|0.39270|
|B_BVP|LF/HF|1|0.82|4.23|0.46800|
|B_BVP|LF/HF|2|-0.29|8.11|0.89130|
|B_BVP|LF/HF|3|0.71|6.18|0.66280|
|B_BVP|LF/HF|4|-1.06|8.15|0.62380|
|B_BVP|LF/HF|5|-0.58|3.98|0.57940|
|B_BVP|LF/HF|6|-0.27|4.10|0.80980|
|B_BVP|NN50|1|-3.13|5.34|0.03950|
|B_BVP|NN50|2|-2.13|4.12|0.06470|
|B_BVP|NN50|3|-1.73|2.89|0.03580|


|B_BVP|NN50|4|-0.67|3.60|0.48490|
|---|---|---|---|---|---|
|B_BVP|NN50|5|-2.73|3.03|0.00360|
|B_BVP|NN50|6|-1.14|3.37|0.22680|
|B_BVP|PNN50|1|-0.05|0.08|0.03820|
|B_BVP|PNN50|2|-0.03|0.07|0.06880|
|B_BVP|PNN50|3|-0.03|0.04|0.04290|
|B_BVP|PNN50|4|-0.01|0.06|0.43010|
|B_BVP|PNN50|5|-0.04|0.04|0.00360|
|B_BVP|PNN50|6|-0.02|0.05|0.17910|
|B_BVP|Power|1|545.78|2280.01|0.36960|
|B_BVP|Power|2|-8328.21|31202.70|0.31880|
|B_BVP|Power|3|-214.30|1871.40|0.66420|
|B_BVP|Power|4|307.79|3957.22|0.76770|
|B_BVP|Power|5|-1009.99|3912.89|0.33440|
|B_BVP|Power|6|159.57|8096.33|0.94230|
|B_BVP|RMSSD|1|-17.35|78.45|0.40610|
|B_BVP|RMSSD|2|-45.31|139.63|0.22940|
|B_BVP|RMSSD|3|-20.12|53.66|0.16840|
|B_BVP|RMSSD|4|-3.70|40.78|0.73050|
|B_BVP|RMSSD|5|-21.13|36.49|0.04160|
|B_BVP|RMSSD|6|-16.81|66.48|0.36130|
|B_BVP|SDNN|1|-14.88|51.26|0.27970|
|B_BVP|SDNN|2|-36.68|127.28|0.28320|
|B_BVP|SDNN|3|-14.89|36.20|0.13350|
|B_BVP|SDNN|4|-5.96|38.00|0.55320|
|B_BVP|SDNN|5|-19.42|27.08|0.01480|
|B_BVP|SDNN|6|-15.82|50.23|0.25970|
|B_BVP|VLF|1|103.55|547.35|0.47580|
|B_BVP|VLF|2|-4649.04|16958.99|0.30630|
|B_BVP|VLF|3|-57.67|573.83|0.70290|
|B_BVP|VLF|4|-137.63|741.02|0.48380|
|B_BVP|VLF|5|-382.47|426.65|0.00370|
|B_BVP|VLF|6|58.02|1755.00|0.90340|


_Table 21: Summary statistics for pre- vs. Last patch (day 7) of HF, LF/HF NN50, PNN50,_
_Power, RMSSD, and VLF, across all 6 Epochs_


**Pre-patch** **Last-patch (Day 7)**


|Source|Outcome|Mean|SD|Mean|SD|
|---|---|---|---|---|---|
|A_EKG|HF|23893.77|18487.28|22778.77|24740.27|
|A_EKG|LF|17020.81|39992.04|31445.25|96188.86|
|A_EKG|LF/HF|0.65|0.74|0.92|1.08|
|A_EKG|NN50|38.32|5.43|39.16|5.93|
|A_EKG|PNN50|0.44|0.03|0.44|0.03|
|A_EKG|Power|47640.73|67916.09|70076.42|166485.72|
|A_EKG|RMSSD|546.19|166.44|527.98|201.30|
|A_EKG|SDNN|372.10|112.67|361.59|148.66|
|A_EKG|VLF|6726.15|19705.90|15852.41|63648.29|
|B_BVP|HF|2006.26|5250.16|1219.54|3722.92|
|B_BVP|LF|1212.62|3001.00|1418.10|4216.50|
|B_BVP|LF/HF|3.71|5.33|3.64|3.27|
|B_BVP|NN50|4.86|5.79|2.90|4.04|
|B_BVP|PNN50|0.07|0.09|0.04|0.05|
|B_BVP|Power|4346.12|13669.71|2919.37|7809.44|
|B_BVP|RMSSD|75.74|94.85|53.97|81.91|
|B_BVP|SDNN|70.89|71.80|52.28|63.04|
|B_BVP|VLF|1127.24|6929.44|281.73|698.56|


_Table 22: Change from pre-patch to last-patch (day 7) of HF, LF/HF NN50, PNN50,_
_Power, RMSSD, and VLF, across all 6 Epochs_








|Source|Outcome|MeanChange|SD|p-value|
|---|---|---|---|---|
|A_EKG|HF|-1115.01|28492.47|0.7113|
|A_EKG|LF|14424.43|104293.22|0.1929|
|A_EKG|LF/HF|0.28|1.31|0.0487|
|A_EKG|NN50|0.83|6.31|0.2133|
|A_EKG|PNN50|0.00|0.04|0.3994|
|A_EKG|Power|22435.68|177642.61|0.2340|
|A_EKG|RMSSD|-18.22|214.87|0.4234|
|A_EKG|SDNN|-10.50|160.20|0.5356|
|A_EKG|VLF|9126.26|67230.39|0.2012|
|B_BVP|HF|-786.72|3852.92|0.0559|
|B_BVP|LF|205.48|4414.61|0.6599|
|B_BVP|LF/HF|-0.08|5.93|0.9004|
|B_BVP|NN50|-1.96|3.80|Change|SD|p-value|
|---|---|---|---|---|---|
|BVP_HR|1:Average|1|3.47|8.57|0.1393|
|BVP_HR|1:Average|2|4.51|7.83|0.0426|
|BVP_HR|1:Average|3|3.23|7.87|0.1338|
|BVP_HR|1:Average|4|1.69|9.18|0.4866|
|BVP_HR|1:Average|5|0.48|8.92|0.8378|
|BVP_HR|1:Average|6|2.69|7.87|0.2231|
|BVP_HR|2:Mode|1|2.29|9.69|0.3754|
|BVP_HR|2:Mode|2|2.35|10.46|0.3998|
|BVP_HR|2:Mode|3|3.26|9.99|0.2261|
|BVP_HR|2:Mode|4|1.80|11.77|0.5641|
|BVP_HR|2:Mode|5|1.30|9.01|0.5847|
|BVP_HR|2:Mode|6|3.34|7.79|0.1329|
|BVP_HR_Max_Min|1:Average|1|-0.54|4.61|0.6583|
|BVP_HR_Max_Min|1:Average|2|-3.29|10.09|0.2272|
|BVP_HR_Max_Min|1:Average|3|-1.33|2.98|0.1047|
|BVP_HR_Max_Min|1:Average|4|-0.63|4.94|0.6286|
|BVP_HR_Max_Min|1:Average|5|-2.23|3.13|0.0153|
|BVP_HR_Max_Min|1:Average|6|-1.73|4.52|0.1763|
|BVP_HR_Max_Min|2:Mode|1|-1.18|2.17|0.0533|
|BVP_HR_Max_Min|2:Mode|2|-0.73|1.57|0.0917|
|BVP_HR_Max_Min|2:Mode|3|1.89|10.29|0.4894|
|BVP_HR_Max_Min|2:Mode|4|0.17|2.56|0.8021|
|BVP_HR_Max_Min|2:Mode|5|-1.06|2.63|0.1390|
|BVP_HR_Max_Min|2:Mode|6|-0.77|2.13|0.2016|
|C_EMG|1:Average|1|-47.37|156.16|0.2597|
|C_EMG|1:Average|2|-41.66|134.35|0.2497|
|C_EMG|1:Average|3|-32.95|120.86|0.3090|


|C_EMG|1:Average|4|-37.51|128.11|0.2758|
|---|---|---|---|---|---|
|C_EMG|1:Average|5|-35.27|112.16|0.2434|
|C_EMG|1:Average|6|-42.30|116.23|0.1964|
|C_EMG|2:Mode|1|-71.50|198.24|0.1842|
|C_EMG|2:Mode|2|-31.67|128.86|0.3573|
|C_EMG|2:Mode|3|-36.76|133.32|0.3036|
|C_EMG|2:Mode|4|-36.54|123.10|0.2696|
|C_EMG|2:Mode|5|-32.31|105.53|0.2554|
|C_EMG|2:Mode|6|-21.01|63.91|0.2405|
|C_EMG|3:Area|1|-2841.91|9369.34|0.2597|
|C_EMG|3:Area|2|-2499.75|8061.27|0.2497|
|C_EMG|3:Area|3|-1976.78|7251.87|0.3090|
|C_EMG|3:Area|4|-2250.79|7686.36|0.2758|
|C_EMG|3:Area|5|-2116.15|6729.75|0.2434|
|C_EMG|3:Area|6|-2538.04|6974.02|0.1964|
|D_EMG|1:Average|1|12.89|105.67|0.6440|
|D_EMG|1:Average|2|-8.91|100.16|0.7356|
|D_EMG|1:Average|3|-10.44|74.71|0.5969|
|D_EMG|1:Average|4|1.21|82.31|0.9553|
|D_EMG|1:Average|5|0.56|90.21|0.9810|
|D_EMG|1:Average|6|-2.70|121.61|0.9351|
|D_EMG|2:Mode|1|19.63|99.86|0.4590|
|D_EMG|2:Mode|2|-17.45|78.42|0.4033|
|D_EMG|2:Mode|3|-12.13|83.13|0.5810|
|D_EMG|2:Mode|4|-4.05|71.81|0.8302|
|D_EMG|2:Mode|5|-2.15|83.96|0.9225|
|D_EMG|2:Mode|6|-0.54|127.42|0.9876|
|D_EMG|3:Area|1|773.25|6340.13|0.6440|
|D_EMG|3:Area|2|-534.67|6009.89|0.7355|
|D_EMG|3:Area|3|-626.43|4482.69|0.5969|
|D_EMG|3:Area|4|72.67|4938.74|0.9554|
|D_EMG|3:Area|5|33.84|5412.35|0.9810|
|D_EMG|3:Area|6|-161.92|7296.73|0.9351|
|EKG_HR|1:Average|2|0.37|13.68|0.8827|
|EKG_HR|1:Average|3|0.13|14.53|0.9736|
|EKG_HR|1:Average|4|1.85|13.49|0.6037|
|EKG_HR|1:Average|5|5.15|11.79|0.1130|
|EKG_HR|1:Average|6|3.93|15.74|0.3666|
|EKG_HR|2:Mode|2|-1.15|34.63|0.8569|
|EKG_HR|2:Mode|3|-0.49|30.98|0.9519|
|EKG_HR|2:Mode|4|9.58|21.99|0.1137|


|EKG_HR|2:Mode|5|3.09|22.59|0.6041|
|---|---|---|---|---|---|
|EKG_HR|2:Mode|6|6.18|33.79|0.5061|
|EKG_HR_Max_Min|1:Average|2|-3.68|29.92|0.5063|
|EKG_HR_Max_Min|1:Average|3|-5.19|20.06|0.3338|
|EKG_HR_Max_Min|1:Average|4|-9.37|35.70|0.3267|
|EKG_HR_Max_Min|1:Average|5|-1.20|16.30|0.7793|
|EKG_HR_Max_Min|1:Average|6|3.92|36.00|0.6905|
|EKG_HR_Max_Min|2:Mode|2|17.06|88.11|0.2976|
|EKG_HR_Max_Min|2:Mode|3|-29.89|80.06|0.1701|
|EKG_HR_Max_Min|2:Mode|4|6.02|77.88|0.7690|
|EKG_HR_Max_Min|2:Mode|5|-3.16|79.37|0.8798|
|EKG_HR_Max_Min|2:Mode|6|-33.34|67.42|0.0871|
|E_Skin_Cond|1:Average|1|0.09|0.85|0.6960|
|E_Skin_Cond|1:Average|2|0.09|0.82|0.6779|
|E_Skin_Cond|1:Average|3|0.02|0.98|0.9231|
|E_Skin_Cond|1:Average|4|-0.04|0.92|0.8692|
|E_Skin_Cond|1:Average|5|-0.05|1.03|0.8678|
|E_Skin_Cond|1:Average|6|-0.03|0.97|0.9008|
|E_Skin_Cond|2:Mode|1|0.12|0.74|0.5349|
|E_Skin_Cond|2:Mode|2|0.13|0.77|0.5148|
|E_Skin_Cond|2:Mode|3|0.07|0.95|0.7922|
|E_Skin_Cond|2:Mode|4|-0.04|0.92|0.8594|
|E_Skin_Cond|2:Mode|5|0.03|0.89|0.9042|
|E_Skin_Cond|2:Mode|6|-0.03|0.97|0.8988|
|E_Skin_Cond|3:Area|1|5.27|51.27|0.6963|
|E_Skin_Cond|3:Area|2|5.36|49.02|0.6785|
|E_Skin_Cond|3:Area|3|1.49|58.64|0.9231|
|E_Skin_Cond|3:Area|4|-2.39|55.13|0.8691|
|E_Skin_Cond|3:Area|5|-2.70|61.68|0.8677|
|E_Skin_Cond|3:Area|6|-1.97|58.15|0.9011|
|F_Temp|1:Average|1|-0.25|1.51|0.5273|
|F_Temp|1:Average|2|-0.18|1.50|0.6576|
|F_Temp|1:Average|3|-0.21|1.48|0.5966|
|F_Temp|1:Average|4|-0.15|1.54|0.7128|
|F_Temp|1:Average|5|-0.06|1.45|0.8797|
|F_Temp|1:Average|6|0.17|1.41|0.6557|
|F_Temp|2:Mode|1|-0.19|1.46|0.6293|
|F_Temp|2:Mode|2|-0.18|1.52|0.6535|
|F_Temp|2:Mode|3|-0.19|1.46|0.6150|
|F_Temp|2:Mode|4|-0.16|1.54|0.6851|
|F_Temp|2:Mode|5|-0.06|1.52|0.8907|


|F_Temp|2:Mode|6|0.12|1.38|0.7519|
|---|---|---|---|---|---|
|F_Temp|3:Area|1|-15.15|90.55|0.5274|
|F_Temp|3:Area|2|-10.51|89.84|0.6574|
|F_Temp|3:Area|3|-12.39|88.59|0.5966|
|F_Temp|3:Area|4|-8.96|92.41|0.7128|
|F_Temp|3:Area|5|-3.45|86.90|0.8800|
|F_Temp|3:Area|6|10.36|84.89|0.6555|
|Resp_Rate|1:Average|1|0.45|1.52|0.2686|
|Resp_Rate|1:Average|2|0.26|2.15|0.6419|
|Resp_Rate|1:Average|3|0.12|2.22|0.8423|
|Resp_Rate|1:Average|4|-0.20|2.83|0.7899|
|Resp_Rate|1:Average|5|0.16|1.81|0.7435|
|Resp_Rate|1:Average|6|0.10|2.12|0.8571|
|Resp_Rate|2:Mode|1|1.92|4.03|0.0868|
|Resp_Rate|2:Mode|2|0.45|4.49|0.7032|
|Resp_Rate|2:Mode|3|0.08|4.34|0.9409|
|Resp_Rate|2:Mode|4|0.28|5.94|0.8556|
|Resp_Rate|2:Mode|5|-1.02|3.57|0.2859|
|Resp_Rate|2:Mode|6|-0.06|4.32|0.9582|


_Table 25: Summary statistics for pre- vs. Last patch (day 7) of BVP-HR, EMG, Skin-_

_Condition, Temperature and Respiratory Rate for all distribution characteristics_

_outcomes, across all 6 epochs_


|Col1|Col2|Pre-patch|Col4|Last-patch (Day7)|Col6|
|---|---|---|---|---|---|
|**Source**|**Outcome**|**Mean**|**SD**|**Mean**|**SD**|
|BVP_HR|1:Average|77.35|11.67|79.90|12.87|
|BVP_HR|2:Mode|78.02|13.04|80.33|13.24|
|BVP_HR|4:STD|5.71|4.85|4.30|3.79|
|BVP_HR|5:Minimum|60.70|15.14|68.02|16.96|
|BVP_HR|6:Maximum|91.06|20.82|88.67|14.81|
|BVP_HR_Max_Min|1:Average|9.78|9.50|8.11|8.73|
|BVP_HR_Max_Min|2:Mode|6.98|10.32|6.68|10.59|
|BVP_HR_Max_Min|4:STD|6.98|7.41|4.89|5.61|
|BVP_HR_Max_Min|5:Minimum|2.61|2.18|2.05|1.92|
|BVP_HR_Max_Min|6:Maximum|24.84|22.28|17.24|16.72|
|C_EMG|1:Average|59.20|130.01|19.76|27.63|
|C_EMG|2:Mode|56.05|133.55|17.61|25.23|
|C_EMG|3:Area|3552.07|7800.39|1185.43|1657.62|


|C_EMG|4:STD|10.59|27.06|5.44|18.98|
|---|---|---|---|---|---|
|C_EMG|5:Minimum|33.88|87.88|12.14|19.88|
|C_EMG|6:Maximum|135.41|202.29|73.88|131.16|
|D_EMG|1:Average|30.80|72.46|29.82|63.93|
|D_EMG|2:Mode|27.23|67.56|24.68|58.06|
|D_EMG|3:Area|1848.17|4347.81|1789.43|3835.60|
|D_EMG|4:STD|9.35|18.43|10.47|28.32|
|D_EMG|5:Minimum|16.30|46.42|11.55|29.90|
|D_EMG|6:Maximum|120.96|179.72|89.94|152.99|
|EKG_HR|1:Average|112.05|12.28|113.83|11.66|
|EKG_HR|2:Mode|62.81|25.24|65.54|26.41|
|EKG_HR|4:STD|60.11|7.19|58.97|7.58|
|EKG_HR|5:Minimum|35.18|8.62|36.54|11.13|
|EKG_HR|6:Maximum|287.79|14.64|289.09|11.44|
|EKG_HR_Max_Min|1:Average|150.88|22.16|147.53|20.04|
|EKG_HR_Max_Min|2:Mode|82.18|58.59|76.75|56.55|
|EKG_HR_Max_Min|4:STD|61.09|10.19|61.13|13.16|
|EKG_HR_Max_Min|5:Minimum|55.50|31.15|53.44|33.24|
|EKG_HR_Max_Min|6:Maximum|241.60|17.62|240.21|21.49|
|E_Skin_Cond|1:Average|1.19|1.15|1.21|1.00|
|E_Skin_Cond|2:Mode|1.14|1.05|1.19|0.98|
|E_Skin_Cond|3:Area|71.52|69.18|72.56|59.72|
|E_Skin_Cond|4:STD|0.07|0.14|0.05|0.06|
|E_Skin_Cond|5:Minimum|1.08|1.00|1.12|0.91|
|E_Skin_Cond|6:Maximum|1.37|1.45|1.34|1.15|
|F_Temp|1:Average|33.75|1.49|33.62|1.58|
|F_Temp|2:Mode|33.75|1.49|33.62|1.59|
|F_Temp|3:Area|2024.94|89.35|2016.94|95.02|
|F_Temp|4:STD|0.08|0.06|0.08|0.05|
|F_Temp|5:Minimum|33.60|1.49|33.47|1.61|
|F_Temp|6:Maximum|33.90|1.48|33.77|1.54|
|Resp_Rate|1:Average|13.66|2.48|13.79|1.91|
|Resp_Rate|2:Mode|13.37|4.59|13.67|4.36|
|Resp_Rate|4:STD|3.43|0.99|3.41|0.78|
|Resp_Rate|5:Minimum|8.26|2.35|8.28|1.93|
|Resp_Rate|6:Maximum|18.73|2.24|19.05|1.55|


_Table 26: Change from pre-patch to last patch (day 7) of BVP-HR, EMG, Skin-Condition,_
_Temperature and Respiratory Rate for Average, Mode,and Area, across all 6 Epochs_


|Source|Outcome|MeanChange|SD|p-value|
|---|---|---|---|---|
|BVP_HR|1:Average|2.54|8.31|0.0047|
|BVP_HR|2:Mode|2.31|9.60|0.0249|
|BVP_HR_Max_Min|1:Average|-1.67|5.50|0.0049|
|BVP_HR_Max_Min|2:Mode|-0.31|4.67|0.5361|
|C_EMG|1:Average|-39.44|124.62|0.0035|
|C_EMG|2:Mode|-38.45|128.72|0.0057|
|C_EMG|3:Area|-2366.63|7477.30|0.0035|
|D_EMG|1:Average|-0.98|93.72|0.9213|
|D_EMG|2:Mode|-2.55|89.76|0.7881|
|D_EMG|3:Area|-58.74|5623.21|0.9213|
|EKG_HR|1:Average|1.78|13.68|0.2212|
|EKG_HR|2:Mode|2.73|29.70|0.3857|
|EKG_HR_Max_Min|1:Average|-3.36|28.34|0.2641|
|EKG_HR_Max_Min|2:Mode|-5.43|82.06|0.5317|
|E_Skin_Cond|1:Average|0.02|0.90|0.8557|
|E_Skin_Cond|2:Mode|0.05|0.85|0.5926|
|E_Skin_Cond|3:Area|1.04|54.01|0.8560|
|F_Temp|1:Average|-0.13|1.45|0.3849|
|F_Temp|2:Mode|-0.13|1.45|0.3941|
|F_Temp|3:Area|-8.00|86.95|0.3851|
|Resp_Rate|1:Average|0.13|2.09|0.5621|
|Resp_Rate|2:Mode|0.30|4.44|0.5281|


**GHK- CU Study – Metabolic Data**

Table 1: Summary statistics for metabolic markers, stratified by assessment time point ........................ 40

Table 2: Change from time 1 to time 2, time 2 to time 3 and time 1 to time 3 ......................................... 45

**Study Design** : Single arm study with 3 assessment time points.

**Sample Size:** N=15

**Statistical Methods** : All physio parameters were summarized in terms of means and
standard deviation, stratified by assessment time point. Changes from day 1 (pre-patch) to
day 2, day 2 to day 7, and day 1 to day 7 were evaluated using a paired t-test or
nonparametric Wilcoxon Signed Rank test.


_Table 27: Summary statistics for metabolic markers, stratified by assessment time point_








|Marker|N|AssessmentTime point|Mean|SD|
|---|---|---|---|---|
|2-amino|15|Day 1 (pre-patch)|11.82|11.65|
|2-amino|15|Day 2|13.26|10.88|
|2-amino|15|Day 7|14.70|12.27|
|3-MT|15|Day 1 (pre-patch)|64.46|45.27|
|3-MT|15|Day 2|55.99|39.14|
|3-MT|15|Day 7|52.33|26.14|
|5-HT|15|Day 1 (pre-patch)|76.14|37.36|
|5-HT|15|Day 2|80.52|43.01|
|5-HT|15|Day 7|82.99|57.52|
|5-HT/DA|15|Day 1 (pre-patch)|0.87|0.90|
|5-HT/DA|15|Day 2|0.69|0.62|
|5-HT/DA|15|Day 7|0.63|0.44|
|5-HTP|15|Day 1 (pre-patch)|49.21|26.41|
|5-HTP|15|Day 2|59.70|67.25|
|5-HTP|15|Day 7|46.89|25.25|
|Age|15|Day 1 (pre-patch)|61.27|8.65|
|Age|15|Day 2|61.27|8.65|
|Age|15|Day 7|61.27|8.65|
|Ala|15|Day 1 (pre-patch)|117.66|45.05|
|Ala|15|Day 2|97.49|42.89|
|Ala|15|Day 7|119.53|74.69|
|Arg|15|Day 1 (pre-patch)|5.97|1.69|
|Arg|15|Day 2|5.13|2.79|
|Arg|15|Day 7|7.36|6.59|
|Asn|15|Day 1 (pre-patch)|18.09|15.41|
|Asn|15|Day 2|15.58|10.84|
|Asn|15|Day 7|16.07|11.14|
|Asp|15|Day 1 (pre-patch)|4.99|2.86|
|Asp|15|Day 2|5.29|2.31|


|Asp|15|Day 7|4.88|2.45|
|---|---|---|---|---|
|Bala|15|Day 1 (pre-patch)|27.64|26.24|
|Bala|15|Day 2|16.33|12.97|
|Bala|15|Day 7|20.52|26.90|
|C-C|15|Day 1 (pre-patch)|31.37|12.67|
|C-C|15|Day 2|31.57|12.59|
|C-C|15|Day 7|35.51|22.37|
|Car|15|Day 1 (pre-patch)|10.67|13.07|
|Car|15|Day 2|6.26|4.94|
|Car|15|Day 7|6.10|6.31|
|Cit|15|Day 1 (pre-patch)|2.27|1.25|
|Cit|15|Day 2|2.41|1.40|
|Cit|15|Day 7|2.51|1.25|
|Cre|15|Day 1 (pre-patch)|138.07|83.78|
|Cre|15|Day 2|178.40|108.96|
|Cre|15|Day 7|172.73|120.95|
|Cys|15|Day 1 (pre-patch)|57.45|27.87|
|Cys|15|Day 2|66.58|27.24|
|Cys|15|Day 7|50.50|11.58|
|Cys/C-c|15|Day 1 (pre-patch)|2.29|1.82|
|Cys/C-c|15|Day 2|2.64|1.95|
|Cys/C-c|15|Day 7|2.21|2.14|
|Cystathion|15|Day 1 (pre-patch)|9.94|6.25|
|Cystathion|15|Day 2|10.82|7.78|
|Cystathion|15|Day 7|9.54|9.63|
|DA|15|Day 1 (pre-patch)|154.62|71.19|
|DA|15|Day 2|151.33|53.82|
|DA|15|Day 7|161.26|58.60|
|E|15|Day 1 (pre-patch)|5.44|3.27|
|E|15|Day 2|3.34|1.60|
|E|15|Day 7|4.93|3.02|
|GABA|15|Day 1 (pre-patch)|3.79|1.77|


|GABA|15|Day 2|3.25|1.19|
|---|---|---|---|---|
|GABA|15|Day 7|3.07|1.13|
|GSH|15|Day 1 (pre-patch)|1.35|1.40|
|GSH|15|Day 2|1.58|1.48|
|GSH|15|Day 7|2.09|1.71|
|Gln|15|Day 1 (pre-patch)|174.16|97.68|
|Gln|15|Day 2|149.88|77.00|
|Gln|15|Day 7|147.20|52.69|
|Glu|15|Day 1 (pre-patch)|18.22|11.34|
|Glu|15|Day 2|16.21|8.32|
|Glu|15|Day 7|12.40|5.45|
|Gly|15|Day 1 (pre-patch)|272.51|182.74|
|Gly|15|Day 2|199.97|122.82|
|Gly|15|Day 7|234.64|155.33|
|HCys2|15|Day 1 (pre-patch)|0.86|0.49|
|HCys2|15|Day 2|1.21|0.52|
|HCys2|15|Day 7|1.13|0.60|
|HYP|15|Day 1 (pre-patch)|2.55|1.18|
|HYP|15|Day 2|2.19|0.87|
|HYP|15|Day 7|2.21|0.65|
|Hcys|15|Day 1 (pre-patch)|0.91|0.49|
|Hcys|15|Day 2|0.97|0.63|
|Hcys|15|Day 7|1.07|0.64|
|His|15|Day 1 (pre-patch)|182.17|75.01|
|His|15|Day 2|135.85|60.51|
|His|15|Day 7|135.53|57.98|
|Hist|15|Day 1 (pre-patch)|28.77|24.03|
|Hist|15|Day 2|19.52|12.04|
|Hist|15|Day 7|24.35|29.92|
|Hlys|15|Day 1 (pre-patch)|1.23|1.97|
|Hlys|15|Day 2|0.61|0.67|
|Hlys|15|Day 7|0.43|0.30|
|Hser|15|Day 1 (pre-|11.63|8.21|


|Col1|Col2|patch)|Col4|Col5|
|---|---|---|---|---|
|Hser|15|Day 2|8.53|6.01|
|Hser|15|Day 7|9.12|6.65|
|Ile|15|Day 1 (pre-patch)|14.10|7.32|
|Ile|15|Day 2|12.11|4.04|
|Ile|15|Day 7|11.30|4.75|
|LDOPA|15|Day 1 (pre-patch)|21.31|13.72|
|LDOPA|15|Day 2|23.32|10.67|
|LDOPA|15|Day 7|22.80|12.70|
|Leu|15|Day 1 (pre-patch)|19.98|8.16|
|Leu|15|Day 2|15.13|4.94|
|Leu|15|Day 7|17.10|7.83|
|Lys|15|Day 1 (pre-patch)|49.09|32.44|
|Lys|15|Day 2|40.21|29.33|
|Lys|15|Day 7|41.45|34.56|
|ME|15|Day 1 (pre-patch)|23.52|16.61|
|ME|15|Day 2|19.24|8.73|
|ME|15|Day 7|17.79|7.79|
|Met|15|Day 1 (pre-patch)|7.08|5.74|
|Met|15|Day 2|6.65|3.93|
|Met|15|Day 7|6.36|3.88|
|NE|15|Day 1 (pre-patch)|26.29|13.51|
|NE|15|Day 2|25.52|15.95|
|NE|15|Day 7|36.02|38.37|
|NE/E|15|Day 1 (pre-patch)|7.44|6.59|
|NE/E|15|Day 2|10.35|9.99|
|NE/E|15|Day 7|12.07|13.78|
|NorM|15|Day 1 (pre-patch)|89.67|52.78|
|NorM|15|Day 2|89.67|41.19|
|NorM|15|Day 7|76.61|27.62|
|Orn|15|Day 1 (pre-patch)|13.57|10.95|
|Orn|15|Day 2|10.27|7.72|
|Orn|15|Day 7|11.77|11.33|


|PEA|15|Day 1 (pre-patch)|2.08|1.92|
|---|---|---|---|---|
|PEA|15|Day 2|1.91|2.04|
|PEA|15|Day 7|1.48|1.25|
|Phe|15|Day 1 (pre-patch)|22.92|14.05|
|Phe|15|Day 2|18.79|9.87|
|Phe|15|Day 7|25.11|12.30|
|Pro|15|Day 1 (pre-patch)|13.00|6.54|
|Pro|15|Day 2|10.65|4.54|
|Pro|15|Day 7|10.70|6.17|
|Ratio|15|Day 1 (pre-patch)|1.60|1.50|
|Ratio|15|Day 2|0.89|0.47|
|Ratio|15|Day 7|1.35|1.36|
|Sar|15|Day 1 (pre-patch)|10.05|5.57|
|Sar|15|Day 2|9.83|7.58|
|Sar|15|Day 7|10.04|7.57|
|Ser|15|Day 1 (pre-patch)|77.68|42.05|
|Ser|15|Day 2|74.23|45.67|
|Ser|15|Day 7|68.77|31.37|
|Thr|15|Day 1 (pre-patch)|68.86|41.99|
|Thr|15|Day 2|62.84|38.12|
|Thr|15|Day 7|63.39|40.77|
|Trp|15|Day 1 (pre-patch)|21.08|11.49|
|Trp|15|Day 2|27.49|20.64|
|Trp|15|Day 7|16.69|12.78|
|Tryp|15|Day 1 (pre-patch)|0.68|0.18|
|Tryp|15|Day 2|0.66|0.21|
|Tryp|15|Day 7|0.72|0.24|
|Tyr|15|Day 1 (pre-patch)|36.35|21.55|
|Tyr|15|Day 2|39.53|21.00|
|Tyr|15|Day 7|38.79|21.25|
|Tyra|15|Day 1 (pre-patch)|5.64|2.76|
|Tyra|15|Day 2|4.60|1.86|


|Tyra|15|Day 7|4.97|2.31|
|---|---|---|---|---|
|Val|15|Day 1 (pre-patch)|45.11|41.02|
|Val|15|Day 2|34.25|24.67|
|Val|15|Day 7|41.84|28.03|
|a-amino|15|Day 1 (pre-patch)|18.79|16.63|
|a-amino|15|Day 2|15.18|9.86|
|a-amino|15|Day 7|9.90|5.57|
|b-aminoiso|15|Day 1 (pre-patch)|80.13|76.39|
|b-aminoiso|15|Day 2|98.49|178.48|
|b-aminoiso|15|Day 7|59.81|51.33|


_Table 28: Change from day 1 (pre-patch) to day 2, day 2 to day 7, and day 1 (pre-patch) to day 7_


|Marker|Change|MeanChange|SD|p-value|
|---|---|---|---|---|
|2-amino|Day 1 to Day 2|1.44|11.94|0.6474|
|2-amino|Day 2 to Day 7|1.44|9.32|0.5585|
|2-amino|Day 1 to Day 7|2.88|12.91|0.4017|
|3-MT|Day 1 to Day 2|-8.47|23.61|0.1862|
|3-MT|Day 2 to Day 7|-3.66|20.89|0.5080|
|3-MT|Day 1 to Day 7|-12.14|29.06|0.1281|
|5-HT|Day 1 to Day 2|4.37|37.33|0.6569|
|5-HT|Day 2 to Day 7|2.47|68.38|0.8908|
|5-HT|Day 1 to Day 7|6.84|63.59|0.6832|
|5-HT/DA|Day 1 to Day 2|-0.18|0.83|0.4202|
|5-HT/DA|Day 2 to Day 7|-0.06|0.68|0.7305|
|5-HT/DA|Day 1 to Day 7|-0.24|0.89|0.3117|
|5-HTP|Day 1 to Day 2|10.48|72.69|0.5852|
|5-HTP|Day 2 to Day 7|-12.80|74.71|0.5176|
|5-HTP|Day 1 to Day 7|-2.32|31.99|0.7830|
|Ala|Day 1 to Day 2|-20.17|36.89|0.0526|
|Ala|Day 2 to Day 7|22.04|55.11|0.1437|
|Ala|Day 1 to Day 7|1.87|64.03|0.9115|
|Arg|Day 1 to Day 2|-0.84|2.32|0.1850|
|Arg|Day 2 to Day 7|2.22|5.27|0.1246|
|Arg|Day 1 to Day 7|1.39|6.37|0.4138|
|Asn|Day 1 to Day 2|-2.51|10.74|0.3802|


|Asn|Day 2 to Day 7|0.49|14.07|0.8942|
|---|---|---|---|---|
|Asn|Day 1 to Day 7|-2.02|16.81|0.6488|
|Asp|Day 1 to Day 2|0.30|2.31|0.6174|
|Asp|Day 2 to Day 7|-0.41|2.88|0.5869|
|Asp|Day 1 to Day 7|-0.11|2.84|0.8830|
|Bala|Day 1 to Day 2|-11.31|27.09|0.1283|
|Bala|Day 2 to Day 7|4.19|21.26|0.4578|
|Bala|Day 1 to Day 7|-7.12|33.99|0.4309|
|C-C|Day 1 to Day 2|0.20|8.83|0.9302|
|C-C|Day 2 to Day 7|3.94|14.15|0.2991|
|C-C|Day 1 to Day 7|4.14|11.81|0.1958|
|Car|Day 1 to Day 2|-4.41|14.24|0.2499|
|Car|Day 2 to Day 7|-0.15|4.45|0.8949|
|Car|Day 1 to Day 7|-4.57|13.87|0.2228|
|Cit|Day 1 to Day 2|0.14|1.39|0.6968|
|Cit|Day 2 to Day 7|0.09|1.29|0.7854|
|Cit|Day 1 to Day 7|0.24|1.61|0.5800|
|Cre|Day 1 to Day 2|40.33|110.05|0.1776|
|Cre|Day 2 to Day 7|-5.67|94.86|0.8204|
|Cre|Day 1 to Day 7|34.67|107.60|0.2326|
|Cys|Day 1 to Day 2|9.12|27.62|0.2215|
|Cys|Day 2 to Day 7|-16.07|23.86|0.0206|
|Cys|Day 1 to Day 7|-6.95|20.99|0.2205|
|Cys/C-c|Day 1 to Day 2|0.35|1.58|0.4053|
|Cys/C-c|Day 2 to Day 7|-0.43|1.77|0.3677|
|Cys/C-c|Day 1 to Day 7|-0.07|0.80|0.7244|
|Cystathion|Day 1 to Day 2|0.88|8.71|0.7009|
|Cystathion|Day 2 to Day 7|-1.28|9.25|0.5989|
|Cystathion|Day 1 to Day 7|-0.40|8.28|0.8533|
|DA|Day 1 to Day 2|-3.28|48.13|0.7954|
|DA|Day 2 to Day 7|9.93|54.17|0.4893|
|DA|Day 1 to Day 7|6.65|65.22|0.6990|
|E|Day 1 to Day 2|-2.09|3.08|0.0197|
|E|Day 2 to Day 7|1.59|2.94|0.0552|
|E|Day 1 to Day 7|-0.51|3.93|0.6264|
|GABA|Day 1 to Day 2|-0.54|1.20|0.1034|
|GABA|Day 2 to Day 7|-0.19|1.20|0.5558|
|GABA|Day 1 to Day 7|-0.73|1.50|0.0818|
|GSH|Day 1 to Day 2|0.23|0.71|0.2262|
|GSH|Day 2 to Day 7|0.51|1.37|0.1737|
|GSH|Day 1 to Day 7|0.74|1.68|0.1099|


|Gln|Day 1 to Day 2|-24.29|69.86|0.1996|
|---|---|---|---|---|
|Gln|Day 2 to Day 7|-2.67|60.13|0.8657|
|Gln|Day 1 to Day 7|-26.96|86.37|0.2467|
|Glu|Day 1 to Day 2|-2.00|6.71|0.2674|
|Glu|Day 2 to Day 7|-3.82|6.73|0.0453|
|Glu|Day 1 to Day 7|-5.82|10.37|0.0475|
|Gly|Day 1 to Day 2|-72.54|117.73|0.0317|
|Gly|Day 2 to Day 7|34.67|107.20|0.2308|
|Gly|Day 1 to Day 7|-37.87|83.70|0.1016|
|HCys2|Day 1 to Day 2|0.35|0.55|0.0296|
|HCys2|Day 2 to Day 7|-0.08|0.55|0.5806|
|HCys2|Day 1 to Day 7|0.27|0.79|0.2125|
|HYP|Day 1 to Day 2|-0.37|1.02|0.1856|
|HYP|Day 2 to Day 7|0.02|0.93|0.9262|
|HYP|Day 1 to Day 7|-0.34|1.31|0.3281|
|Hcys|Day 1 to Day 2|0.06|0.68|0.7225|
|Hcys|Day 2 to Day 7|0.10|0.76|0.6112|
|Hcys|Day 1 to Day 7|0.17|0.66|0.3446|
|His|Day 1 to Day 2|-46.32|75.35|0.0320|
|His|Day 2 to Day 7|-0.33|56.38|0.9824|
|His|Day 1 to Day 7|-46.64|49.35|0.0026|
|Hist|Day 1 to Day 2|-9.24|20.20|0.0981|
|Hist|Day 2 to Day 7|4.82|25.30|0.4724|
|Hist|Day 1 to Day 7|-4.42|18.90|0.3804|
|Hlys|Day 1 to Day 2|-0.62|1.36|0.1000|
|Hlys|Day 2 to Day 7|-0.18|0.43|0.1301|
|Hlys|Day 1 to Day 7|-0.80|1.75|0.0992|
|Hser|Day 1 to Day 2|-3.10|8.41|0.1751|
|Hser|Day 2 to Day 7|0.60|8.42|0.7873|
|Hser|Day 1 to Day 7|-2.50|9.34|0.3169|
|Ile|Day 1 to Day 2|-2.00|5.96|0.2157|
|Ile|Day 2 to Day 7|-0.80|6.14|0.6207|
|Ile|Day 1 to Day 7|-2.80|8.50|0.2232|
|LDOPA|Day 1 to Day 2|2.01|11.54|0.5111|
|LDOPA|Day 2 to Day 7|-0.52|9.83|0.8408|
|LDOPA|Day 1 to Day 7|1.49|10.18|0.5798|
|Leu|Day 1 to Day 2|-4.84|7.84|0.0313|
|Leu|Day 2 to Day 7|1.97|8.21|0.3681|
|Leu|Day 1 to Day 7|-2.87|11.54|0.3515|
|Lys|Day 1 to Day 2|-8.88|32.44|0.3070|
|Lys|Day 2 to Day 7|1.24|30.39|0.8768|


|Lys|Day 1 to Day 7|-7.64|34.89|0.4106|
|---|---|---|---|---|
|ME|Day 1 to Day 2|-4.29|14.51|0.2718|
|ME|Day 2 to Day 7|-1.45|6.17|0.3775|
|ME|Day 1 to Day 7|-5.74|14.29|0.1421|
|Met|Day 1 to Day 2|-0.43|4.04|0.6863|
|Met|Day 2 to Day 7|-0.28|3.88|0.7816|
|Met|Day 1 to Day 7|-0.71|4.61|0.5582|
|NE|Day 1 to Day 2|-0.78|16.15|0.8544|
|NE|Day 2 to Day 7|10.50|44.57|0.3769|
|NE|Day 1 to Day 7|9.72|40.68|0.3702|
|NE/E|Day 1 to Day 2|2.92|6.55|0.1064|
|NE/E|Day 2 to Day 7|1.72|14.81|0.6605|
|NE/E|Day 1 to Day 7|4.63|13.58|0.2074|
|NorM|Day 1 to Day 2|0.00|28.16|0.9996|
|NorM|Day 2 to Day 7|-13.06|23.32|0.0479|
|NorM|Day 1 to Day 7|-13.06|33.37|0.1519|
|Orn|Day 1 to Day 2|-3.30|9.38|0.1949|
|Orn|Day 2 to Day 7|1.50|9.82|0.5632|
|Orn|Day 1 to Day 7|-1.80|7.13|0.3456|
|PEA|Day 1 to Day 2|-0.17|1.16|0.5730|
|PEA|Day 2 to Day 7|-0.42|1.61|0.3262|
|PEA|Day 1 to Day 7|-0.59|1.12|0.0589|
|Phe|Day 1 to Day 2|-4.13|9.28|0.1067|
|Phe|Day 2 to Day 7|6.33|10.94|0.0418|
|Phe|Day 1 to Day 7|2.19|15.37|0.5889|
|Pro|Day 1 to Day 2|-2.35|8.45|0.2989|
|Pro|Day 2 to Day 7|0.05|5.99|0.9747|
|Pro|Day 1 to Day 7|-2.30|8.15|0.2921|
|Ratio|Day 1 to Day 2|-0.71|1.40|0.0700|
|Ratio|Day 2 to Day 7|0.46|1.25|0.1782|
|Ratio|Day 1 to Day 7|-0.25|1.32|0.4732|
|Sar|Day 1 to Day 2|-0.22|6.88|0.9038|
|Sar|Day 2 to Day 7|0.22|3.86|0.8301|
|Sar|Day 1 to Day 7|0.00|5.17|0.9996|
|Ser|Day 1 to Day 2|-3.44|49.51|0.7915|
|Ser|Day 2 to Day 7|-5.47|31.29|0.5096|
|Ser|Day 1 to Day 7|-8.91|38.25|0.3821|
|Thr|Day 1 to Day 2|-6.02|41.35|0.5819|
|Thr|Day 2 to Day 7|0.55|37.91|0.9563|
|Thr|Day 1 to Day 7|-5.47|29.80|0.4887|
|Trp|Day 1 to Day 2|6.41|21.61|0.2699|


|Trp|Day 2 to Day 7|-10.81|18.55|0.0406|
|---|---|---|---|---|
|Trp|Day 1 to Day 7|-4.40|17.07|0.3355|
|Tryp|Day 1 to Day 2|-0.03|0.15|0.5022|
|Tryp|Day 2 to Day 7|0.06|0.20|0.2341|
|Tryp|Day 1 to Day 7|0.04|0.26|0.5873|
|Tyr|Day 1 to Day 2|3.19|12.77|0.3503|
|Tyr|Day 2 to Day 7|-0.75|12.29|0.8175|
|Tyr|Day 1 to Day 7|2.44|12.23|0.4527|
|Tyra|Day 1 to Day 2|-1.04|3.18|0.2259|
|Tyra|Day 2 to Day 7|0.37|2.36|0.5546|
|Tyra|Day 1 to Day 7|-0.67|2.96|0.3963|
|Val|Day 1 to Day 2|-10.85|24.39|0.1068|
|Val|Day 2 to Day 7|7.58|31.90|0.3728|
|Val|Day 1 to Day 7|-3.27|43.87|0.7772|
|a-amino|Day 1 to Day 2|-3.61|9.26|0.1534|
|a-amino|Day 2 to Day 7|-5.29|7.79|0.0198|
|a-amino|Day 1 to Day 7|-8.90|13.79|0.0256|
|b-aminoiso|Day 1 to Day 2|18.36|177.75|0.6952|
|b-aminoiso|Day 2 to Day 7|-38.68|150.08|0.3351|
|b-aminoiso|Day 1 to Day 7|-20.32|51.24|0.1468|


**GHK- CU Study – Cortisol and DHEAS**

Table 1: Summary statistics for AUC of Cortisol and DHEAS, stratified by assessment time point ........... 49

Table 2: Change from R1 to R2, R2 to R3 and R1 to R3 .............................................................................. 50

**Study Design** : Single arm study with 3 assessment time points.

**Sample Size:** N=15

**Statistical Methods** : Cortisol levels were obtained at 8am, 12pm, 4pm, 8pm and 12am.
DHEAS levels were collected at 8am, 8pm and 12am. The area under the curve (AUC)
for Cortisol and DHEAS levels over the data collection periods were calculated using the
trapezoid rule. AUC levels were summarized in terms of means and standard deviations,
stratified by assessment time point. Changes between assessment time points were
evaluated using a paired t-test or Wilcoxon signed rank test.

_Table 29: Summary statistics for AUC of Cortisol and DHEAS, stratified by assessment time point_


|Marker|AssessmentTime point|MeanAUC|SD|
|---|---|---|---|
|Cortisol|R1 (pre-patch)|109.1|36.9|
|Cortisol|R2|120.6|28.4|
|Cortisol|R3|141.7|76.4|
|DHEAS|R1 (pre-patch)|178,2|154,5|
|DHEAS|R2|180.7|117.7|
|DHEAS|R3|291.0|378.4|


_Table 30: Change from R1 to R2, R2 to R3 and R1 to R3_







|Marker|Change|MeanChange inAUC|SD|p-value|
|---|---|---|---|---|
|Cortisol|R1 to R2|11.5|41.9|0.7615|
||R2 to R3|21.1|90.2|0.9780|
||R1 to R3|32.6|87.9|0.2769|
|DHEAS|R1 to R2|1.2|97.7|0.7148|
||R2 to R3|111.6|362.6|0.7609|
||R1 to R3|112.8|345.7|0.5016|


There are no significant changes in Cortisol or DHEAS levels between assessment time
points.


**Appendix B: General Study Protocol**


1. IRB submission

2. IRB approval
3. Distribute flyers and email announcements
4. Begin recruiting as people call in for study information
5. Schedule participants that meet inclusion and exclusion criterion
6. Consent a participant and administer baseline test and baseline physio test
7. Schedule participant for next am and issue one patch for application 8 am.
8. Call participant to confirm patch application.
9. Meet participant at laboratory for initial testing at 9:00 am

a. First salivary swab
b. Physio suite testing
c. Memory test part 1
d. 10 am urine

e. Questionnaires
f. Memory test part 2
10. Schedule for next day and issue salivary kit and patch for next morning
11. Call and confirm salivary test and patch application 8 am
12. Repeat 9a-f
13. Issue salivary kit and 5 patches and remind participant to freeze salivary samples

or bring them in the next morning if local.
14. The 6 [th] night of study period, call and remind participant of appointment. Remind

them to bring salivary kit.
15. Repeat 9 a-f. Issue new salivary kit. Receive participant’s second salivary kit.
16. Arrange for participant to deliver salivary kit the next day.
17. Ship kits and urines received once a week to Sabre Sciences.
18. Do ongoing data entry of physio data and questionnaire data to maximize study

turn around.

19. When study is complete email spreadsheets to statistics analysis.
20. Receive analysis and submit report.


**Appendix C: Study Team**

**Dr. Melinda H. Connor,** **D.D., Ph.D., AMP, FAM** **: PI**

Dr. Melinda Connor, has trained as a clinical psychologist, neuropsychologist,
and is board certified in alternative medicine and a Fellow of the American Alternative
Medicine Association. Dr. Connor holds an A.A. in Humanities from Harvard University,
a B.A. in Theatre and English from Wellesley College. Her training includes master’s
degrees from programs at University of San Francisco and American Public University
and a Ph.D. in clinical psychology from California Coast University with a one-year
rotation in neuropsychology. As a National Institutes of Health T-32 post-doctoral fellow,
Dr. Connor received her training as a research scientist at the University of Arizona under
Dr. Andrew Weil and Dr. Iris Bell and was director of the Optimal Healing Research
Program at the Laboratory for Advances in Consciousness and Health under Dr. Gary E.
Schwartz. Dr. Connor is currently the CEO of Earthsongs Holistic Consulting and holds
faculty positions at several universities. Dr. Connor has a research laboratory in Arizona
and is the author of ten books.

**Dr. Caitlin C. Connor,** **MAcOM, DAOM** **: Co-I**

Dr. Caitlin Connor holds a bachelors degree from Mount Holyoke College with a
dual focus in political science and anthropology, a master’s degree in acupuncture and
oriental medicine from Arizona School of Acupuncture and Oriental Medicine and a
doctorate in Acupuncture and Oriental Medicine from California Institute for Integral
Studies/American College of Traditional Chinese Medicine. Dr. Connor’s research
training began in high school in a special program at the University of Arizona where she
was mentored by Dr. Gary Schwartz at the Laboratory for the Advancement in
Consciousness and Health in the Department of Psychology. Dr. Connor was the
_ISSSEEM 2011_ gold medal winner of the _Rustum Roy Emerging Scientist Award_ for
undergraduates, a 2014 _Bernard Grad Emerging Scientist_ silver medal winner for
graduate students and a 2018 _Patricia Norris Award_ gold medal winner. Dr. Connor is
currently doing additional research training at University of Oxford, UK and commuting
between countries.


**Dr. Naran Gombosuren,** **Ph.D** **.: Metabolic Analysis**
Dr. Naran Gombosuren, Ph.D., is technical director and lead research scientist at Sabre
Sciences Laboratory/EndoSciences in Carlesbad, CA. Originally from Mongolia and
trainned in Hungary, Dr. Gomobsuren received her Ph.D. from Eotvos University in
Budepest. Dr. Gombosuren has worked with such prestigious groups as Scripps Research
Institute and Sanford-Burnham Prebys Medical Discovery Institute. A specialist in
complex metabolic process Dr. Gombosuren has participated in studies with topics
ranging from virology to gut-brain interactions.

**Dr. Jens Eickhoff,** **Ph.D** **: Statistics**
Dr. Jens Eickhoff earned his Ph.D. in 2002 in statistics from Iowa State University. He is
a senior scientist in the Department of Biostatistics and Medical Informatics at University
of Wisconsin Madison where he teaches Biostatistics. A specialist in complex research
statistics he has participated in studies ranging from oncology to endocrinology and
published extensively on bio-statistical modeling.",2025-08-29 21:04:58.281245+00
acupressure-abstracts_anti-aging,"# **Anti-Aging effects and acupressure**

[Acupunct Electrother Res. 1998;23(3-4):185-206.];)

## **Estimation of the amount of telomere molecules in different human age** **groups and the telomere increasing effect of acupuncture and shiatsu on** **St.36, using synthesized basic units of the human telomere molecules as** **reference control substances for the bi-digital O-ring test resonance** **phenomenon.**


**[Omura Y](http://www.ncbi.nlm.nih.gov/sites/entrez?Db=pubmed&Cmd=Search&Term=%22Omura%20Y%22%5BAuthor%5D&itool=EntrezSystem2.PEntrez.Pubmed.Pubmed_ResultsPanel.Pubmed_RVAbstract)**, **[Shimotsura Y](http://www.ncbi.nlm.nih.gov/sites/entrez?Db=pubmed&Cmd=Search&Term=%22Shimotsura%20Y%22%5BAuthor%5D&itool=EntrezSystem2.PEntrez.Pubmed.Pubmed_ResultsPanel.Pubmed_RVAbstract)**, **[Ooki M](http://www.ncbi.nlm.nih.gov/sites/entrez?Db=pubmed&Cmd=Search&Term=%22Ooki%20M%22%5BAuthor%5D&itool=EntrezSystem2.PEntrez.Pubmed.Pubmed_ResultsPanel.Pubmed_RVAbstract)**, **[Noguchi T](http://www.ncbi.nlm.nih.gov/sites/entrez?Db=pubmed&Cmd=Search&Term=%22Noguchi%20T%22%5BAuthor%5D&itool=EntrezSystem2.PEntrez.Pubmed.Pubmed_ResultsPanel.Pubmed_RVAbstract)** .

Heart Disease Research Foundation, New York, NY, USA.

It is well established that the telomeres at the ends of chromosomes are composed of
long arrays of (TTAGGG)n x (CCCTAA)n that form a nucleoprotein complex required
for the replication and protection of chromosome ends. Throughout the cell cycle,
telomeres also contain a protein component related to the proto-oncogene Myb that is
known as TRF1 (telomere TTAGGG repeat binding factor 1) that binds to the duplex
array of TTAGGG repeats in the telomere. Previous studies have shown that TRF1
appears to play a role in controlling the length of telomeres by acting as an inhibitor of
telomerase. The amount of each of the TRF1(C-19) & TRF1(N-19) was identical to the
amount of telomere of the same organ of the same apparently normal individual. Using
synthesized basic unit of TTAGGG, as well as CCCTAA, as separate reference control
substances for the Bi-Digital O-Ring Test of Resonance Phenomenon between 2
identical substances, we were able to non-invasively measure the approximate amount
of TTAGGG and CCCTAA units, in both normal and cancerous human cells. We
examined about 30 apparently normal subjects (both Asian and Caucasian in both sex).
The subjects' ages ranged from infancy to 76 years. Each subject was first examined
using TTAGGG as a control substance and then examined using CCCTAA as a control
substance. The amount of telomere in various cancer tissues are almost always higher
than that of normal tissue of the same organ. The measured amounts of both TTAGGG
and CCCTAA were found to be in an average of 1500-1600 ng for human fetus or
infancy and decreased with the advance of age in both sex with the exception of the
heart, brain, eyes (retina), testes, and ovaries, which usually remain at the level of the
infant, or reduced very little. Individuals in the same age group had a similar range of
amounts of both TTAGGG and CCCTAA in the same organ of the same individual,
(except for those with unusually low telomeres often had chronic degenerative diseases,
and those who had exceptionally high telomere levels often had excellent physical
conditions or mental acumen).


The amounts of measured TTAGGG and CCCTAA molecules before and after acupuncture on
St. 36 in adenocarcinomas and small cell carcinoma coexisting in the lung of a 54-yr.-old Asian
male were: telomere in adenocarcinoma decreased from 950 ng to 750 ng and telomere in small
cell carcinoma decreased from 770 ng to 600 ng. When the cancer treatment is effective, the
amount of telomere is reduced towards the value of the normal internal organ. **We found that**
**acupuncture on St.36 on apparently normal subjects increased the telomere levels up to a**
**maximum of more than 2 times their telomere levels prior to the treatment, depending on**
**the method of treatment, but frequently increases were between 60% to 100%. Strong**
**Shiatsu performed on St. 36 produced a somewhat lesser effect than acupuncture.** We also
determined the amounts of TTAGGG and CCCTAA molecules non-invasively in 3 mummified
Egyptian sisters from the 8th Century BC on exhibit at the Museo Egizio in Turin, Italy in order
to estimate their approximate ages (at the time of death). The amounts of body telomere were
500 ng, 550 ng, and 750 ng. For the prehistoric Iceman (about 3350 B.C. to 3310 B.C)
discovered in 1991 in the Italian Otzal Alps at about 3,200 meters altitude, estimated body
telomere was about 400 ng and telomere in brain and heart was 1600 ng, similar to that of a
contemporary human being. Although these studies are preliminary, the findings may have
**potential applications not only in anti-aging**, cancer treatments, and pathophysiology of brain
and heart, but also for the estimation of the difference in the ages of cadavers studied in
archeology and forensic medicine.",2025-08-29 21:04:58.603738+00
changes-in-tripeptides,"**May 2020** **Volume 20, No. 2**

# **Changes in TripeptidesProduced By theLifeWave X39 Patch**

**By Caitlin A. Connor, MAcOM, DAOM**, **Melinda H. Connor, DD, PhD, AMP, FAM,**
**David Yue, PhD, Chiu-An Chang, DO,LAcJens Eickhoff, PhD**
**Susan Wagner, DAOM, LAc, BCIM, and Amy Chang, PhD**

**Abstract**

_**Purpose**_ - To determine if the LifeWave X39 non-transdermal patch can produce changes in tripeptides
GHK and GHK-Cu production.
_**Materials**_ - BD Vacutainer Safety Loc Blood Collection sets with Pre-attached holder sized 21GX0.75 or
23GX0.75, lavender top tubes, KendroSorvallBiofuge Centrifuge 75005184+, sterile eye droppers,
polystyrene containers, thermal liners and an AB Sciex API4000 Qtrap. Analysis software included:
Qtrap Analyst software 1.6.2. and R software version 3.5.1.
_**Method**_ - Blood was drawn into lavender top tubes on day 1, 2 and 7 with blood collection sets and
spun in KendroSorvall centrifuge for 10 minutes at1300rcf at room temperature. The plasma was
placed in cryo tubes and flash frozen using dryice, then shipped to the laboratory for analysis. Once
there the blood samples were processed according to the original thesis of Dr. Pickard. The filtrate was
concentrated by speed-vac and reconstituted with de-ionized water to50µland analyzed with AB Sciex
API4000 Qtrap. The data was analyzed with Analyst software 1.6.2. Results were then sent for
statistical analysis using a Wilcoxon signed rank test. All reported p-values are two-sided and p(ng/ml)|24 hours|10|9.5 (9.0)|6.9 (-3.4-27.5)|0.0098|
|GHK-Cu concentration(ng/ml)|Day 7|10|4.2 (4.3)|4.0 (-2.6-11.5)|0.0137|



The blood analysis of GHK showed an increase at levels at `p < 0.0098` within 24 hours and GHK-Cu
also showed an increase at ``p < 0.01`` at 7 days.

**Discussion**

It is important to recognize that this was both a sample of convenience with a small sample size in a
pilot study. However, there was a significant change in the levels of both GHK at 24 hours and GHK-Cu
in 7 days. This implies promotion of positive benefits to the body. Further study will need to be done


_International Journal of Healing and Caring 2020, 20(2), 1-5_


4


with larger sample sizes and control groups to determine if there is a consistency of results over
repeated trials and statistically significant changes when compared with a control group.

**Conclusion**

This pilot study explored the changes in amounts of GHK and GHK-Cu present in the blood as a result
of wearing the LifeWave X39 patch for 1 week. There was a significant increase in GHK in the
blood,seen at 24 hours, at the level of ``p < 0.0098``. A significant increase in GHK-Cu in the blood was
also seen at 7 days, at the level of ``p < 0.0137``.

**References**

Deadman, P., Al-Khafaji, M., Baker, K., (2001) A Manual of Acupuncture. Eastland Press. 1240 Activity
Dr., #D Vista, CA, 92083.

DeHaven, C., (2014) Copper Tripeptide-1. Science of Skincare.

Dogra, S., Mahajan, R. (2015) Phototherapy for mycosis fungoides. Indian Journal of Dermatology,
Venereology and Leprology. 2015;81(2):124–135. doi:10.4103/0378-6323.152169

Geo Peptides Staff. (2015) What are Copper Peptides? Retrieved August 5, 2018.
https://www.geopeptides.com/copperpep.html

Kakimoto, C., (2017) What is phototherapy, and how does it work?
https://www.dermatologistoncall.com/blog/what-is-phototherapy-and-how-does-it-work/

Merriam-Webster Staff. “Phototherapy.” _Merriam-Webster.com Dictionary_, Merriam-Webster,
https://www.merriam-webster.com/dictionary/phototherapy. Accessed 6 Mar. 2020.

Pickart, L., Thaler, M. M. (1973). Tripeptide in human serum which prolongs survival of normal liver
cells and stimulates growth in neoplastic liver. _Nat New Biol_ . 1973;243(124):85–87.

Pickart, L., Thayer, L., Thaler, M. M. (1973). A synthetic tripeptide which increases survival of normal
liver cells, and stimulates growth in hepatoma cells. _BiochemBiophys Res Commun_ .54(2), 562–566.
doi:10.1016/0006-291x(73)91459-9

Pickart, L., Vasquez-Soltero, J., Margolina, A. (2014).GHK and DNA: resetting the human genome to
health. BioMed Research International, vol. 2014,Article ID 151479, 10 pages.
Pickart, L., Vasquez-Soltero, J., Margolina, A. (2015) GHK Peptide as a Natural Modulator of Multiple
Cellular Pathways in Skin Regeneration. Hindawi Publishing Corporation BioMed Research
International Volume 2015, Article ID 648108, 7 pages http://dx.doi.org/10.1155/2015/648108.
Singer, S., Berneburg, M. (2018) Phototherapy. Journal der DeutschenDermatologischen
Gesellschaft. 2018;16(9):1120–1129. doi:10.1111/ddg.13646

Wang, H.T., Yuan, J.Q., Zhang, B., Dong, M.L., Mao, C., Hu, D. (2017) Phototherapy for treating foot
ulcers in people with diabetes. The Cochrane Database of Systematic Reviews. 2017;6(6):CD011979.
Published 2017 Jun 28. doi:10.1002/14651858.CD011979.pub2


_International Journal of Healing and Caring 2020, 20(2), 1-5_


5


**Author affiliations**

Caitlin A. Connor, MAcOM, DAOM, Post Doctoral Diploma Candidate, Health Sciences Research,
Rawley House, Oxford University, UK

Melinda H. Connor, D.D., Ph.D., AMP, FAM, Research Professor, Arizona School of Acupuncture and
Oriental Medicine

David Yue, PhD, CEO, HT-Labs a division of AxisPharm

Chiu-An Chang, DO, Academic Dean Emeritus, Arizona School of Acupuncture and Oriental Medicine

Jens Eickhoff, PhD, Senior Scientist, Biostatistics & Medical Informatics, University of Wisconsin
Madison

Susan Wagner, DAOM, LAc, BCIM, Professor, Arizona School of Acupuncture and Oriental Medicine

Amy Chang, BA, Senior Research Associate, HT-Labs a division of AxisPharm

**Corresponding Author:**


**Dr. Caitlin Connor, DAOM, PhD, MABA,** holds a batchelor’s degree
from Mount Holyoke College with a dual focus in political science and
anthropology, a master’s degree in acupuncture and oriental medicine
from Arizona School of Acupuncture and Oriental Medicine and a
doctorate in Acupuncture and Oriental Medicine from California
Institute for Integral Studies/American College of Traditional Chinese
Medicine. Dr. Connor was the ISSSEEM 2011 gold medal winner of
the Rustum Roy Emerging Scientist Award for undergraduates, the
2014 Bernard Grad Emerging Scientist silver medal winner for
graduate students and a 2018 inaugural Patricia Norris Emerging
Scientist gold medal. Trained in a variety of energy systems, styles
and techniques since she was three, Dr. Connor is currently doing
additional health care sciences research training at the University of
Oxford, UK and commuting between countries.

**Caitlin A. Connor, MAcOM, DAOM**
31907 S. Davis Ranch Rd
Marana, AZ 85658
caitlin_connor@mindspring.com
520-609-1766





_International Journal of Healing and Caring 2020, 20(2), 1-5_",2025-08-29 21:04:58.937698+00
study-a,"**May 2020** **Volume 20, No. 2**

# **Changes in Tripeptides Produced By the LifeWave X39 Patch**

**By Caitlin A. Connor, MAcOM, DAOM**, **Melinda H. Connor, DD, PhD, AMP, FAM,**
**David Yue, PhD, Chiu-An Chang, DO,Lac, Jens Eickhoff, PhD**
**Susan Wagner, DAOM, LAc, BCIM, and Amy Chang, PhD**

**Abstract**

_**Purpose**_ - To determine if the LifeWave X39 non-transdermal patch can produce changes in tripeptides
GHK and GHK-Cu production.
_**Materials**_ - BD Vacutainer Safety Loc Blood Collection sets with Pre-attached holder sized 21GX0.75 or
23GX0.75, lavender top tubes, KendroSorvallBiofuge Centrifuge 75005184+, sterile eye droppers,
polystyrene containers, thermal liners and an AB Sciex API4000 Qtrap. Analysis software included:
Qtrap Analyst software 1.6.2. and R software version 3.5.1.
_**Method**_ - Blood was drawn into lavender top tubes on day 1, 2 and 7 with blood collection sets and
spun in KendroSorvall centrifuge for 10 minutes at1300rcf at room temperature. The plasma was
placed in cryo tubes and flash frozen using dryice, then shipped to the laboratory for analysis. Once
there the blood samples were processed according to the original thesis of Dr. Pickard. The filtrate was
concentrated by speed-vac and reconstituted with de-ionized water to50µland analyzed with AB Sciex
API4000 Qtrap. The data was analyzed with Analyst software 1.6.2. Results were then sent for
statistical analysis using a Wilcoxon signed rank test. All reported p-values are two-sided and p(ng/ml)|24 hours|10|9.5 (9.0)|6.9 (-3.4-27.5)|0.0098|
|GHK-Cu concentration(ng/ml)|Day 7|10|4.2 (4.3)|4.0 (-2.6-11.5)|0.0137|



The blood analysis of GHK showed an increase at levels at `p < 0.0098` within 24 hours and GHK-Cu
also showed an increase at ``p < 0.01`` at 7 days.

**Discussion**

It is important to recognize that this was both a sample of convenience with a small sample size in a
pilot study. However, there was a significant change in the levels of both GHK at 24 hours and GHK-Cu
in 7 days. This implies promotion of positive benefits to the body. Further study will need to be done
with larger sample sizes and control groups to determine if there is a consistency of results over
repeated trials and statistically significant changes when compared with a control group.

**Conclusion**

This pilot study explored the changes in amounts of GHK and GHK-Cu present in the blood as a result
of wearing the LifeWave X39 patch for 1 week. There was a significant increase in GHK in the
blood,seen at 24 hours, at the level of ``p < 0.0098``. A significant increase in GHK-Cu in the blood was
also seen at 7 days, at the level of ``p < 0.0137``.


_International Journal of Healing and Caring 2020, 20(2), 1-5_


_Changes in Tripeptides Produced By the LifeWave X39 Patch_



4



**References**

Deadman, P., Al-Khafaji, M., Baker, K., (2001) A Manual of Acupuncture. Eastland Press. 1240 Activity
Dr., #D Vista, CA, 92083.

DeHaven, C., (2014) Copper Tripeptide-1. Science of Skincare.

Dogra, S., Mahajan, R. (2015) Phototherapy for mycosis fungoides. Indian Journal of Dermatology,
Venereology and Leprology. 2015;81(2):124–135. doi:10.4103/0378-6323.152169

Geo Peptides Staff. (2015) What are Copper Peptides? Retrieved August 5, 2018.
https://www.geopeptides.com/copperpep.html

Kakimoto, C., (2017) What is phototherapy, and how does it work?
https://www.dermatologistoncall.com/blog/what-is-phototherapy-and-how-does-it-work/

Merriam-Webster Staff. “Phototherapy.” _Merriam-Webster.com Dictionary_, Merriam-Webster,
https://www.merriam-webster.com/dictionary/phototherapy. Accessed 6 Mar. 2020.

Pickart, L., Thaler, M. M. (1973). Tripeptide in human serum which prolongs survival of normal liver
cells and stimulates growth in neoplastic liver. _Nat New Biol_ . 1973;243(124):85–87.

Pickart, L., Thayer, L., Thaler, M. M. (1973). A synthetic tripeptide which increases survival of normal
liver cells, and stimulates growth in hepatoma cells. _BiochemBiophys Res Commun_ .54(2), 562–566.
doi:10.1016/0006-291x(73)91459-9

Pickart, L., Vasquez-Soltero, J., Margolina, A. (2014).GHK and DNA: resetting the human genome to
health. BioMed Research International, vol. 2014,Article ID 151479, 10 pages.

Pickart, L., Vasquez-Soltero, J., Margolina, A. (2015) GHK Peptide as a Natural Modulator of Multiple
Cellular Pathways in Skin Regeneration. Hindawi Publishing Corporation BioMed Research
International Volume 2015, Article ID 648108, 7 pages http://dx.doi.org/10.1155/2015/648108.
Singer, S., Berneburg, M. (2018) Phototherapy. Journal der DeutschenDermatologischen
Gesellschaft. 2018;16(9):1120–1129. doi:10.1111/ddg.13646
Wang, H.T., Yuan, J.Q., Zhang, B., Dong, M.L., Mao, C., Hu, D. (2017) Phototherapy for treating foot
ulcers in people with diabetes. The Cochrane Database of Systematic Reviews. 2017;6(6):CD011979.
Published 2017 Jun 28. doi:10.1002/14651858.CD011979.pub2


_International Journal of Healing and Caring 2020, 20(2), 1-5_


_Changes in Tripeptides Produced By the LifeWave X39 Patch_



5



**Author affiliations**

Caitlin A. Connor, MAcOM, DAOM, Post Doctoral Diploma Candidate, Health Sciences Research,
Rawley House, Oxford University, UK

Melinda H. Connor, D.D., Ph.D., AMP, FAM, Research Professor, Arizona School of Acupuncture and
Oriental Medicine

David Yue, PhD, CEO, HT-Labs a division of AxisPharm

Chiu-An Chang, DO, Academic Dean Emeritus, Arizona School of Acupuncture and Oriental Medicine

Jens Eickhoff, PhD, Senior Scientist, Biostatistics & Medical Informatics, University of Wisconsin
Madison

Susan Wagner, DAOM, LAc, BCIM, Professor, Arizona School of Acupuncture and Oriental Medicine

Amy Chang, BA, Senior Research Associate, HT-Labs a division of AxisPharm

**Corresponding Author:**


**Dr. Caitlin Connor, DAOM, PhD, MABA,** holds a batchelor’s degree
from Mount Holyoke College with a dual focus in political science and
anthropology, a master’s degree in acupuncture and oriental medicine
from Arizona School of Acupuncture and Oriental Medicine and a
doctorate in Acupuncture and Oriental Medicine from California
Institute for Integral Studies/American College of Traditional Chinese
Medicine. Dr. Connor was the ISSSEEM 2011 gold medal winner of
the Rustum Roy Emerging Scientist Award for undergraduates, the
2014 Bernard Grad Emerging Scientist silver medal winner for
graduate students and a 2018 inaugural Patricia Norris Emerging
Scientist gold medal. Trained in a variety of energy systems, styles
and techniques since she was three, Dr. Connor is currently doing
additional health care sciences research training at the University of
Oxford, UK and commuting between countries.

**Caitlin A. Connor, MAcOM, DAOM**
31907 S. Davis Ranch Rd
Marana, AZ 85658
caitlin_connor@mindspring.com
520-609-1766



_International Journal of Healing and Caring 2020, 20(2), 1-5_",2025-08-29 21:04:59.280166+00
experimental-study-of-lifewave-x-39-patches-report-final-draft-3,"1


# **Experimental Study of LifeWave, Inc. X-39 patches** Summary and report


2



**Table of contents**


|Topics|Page no.|
|---|---|
|Abstract|3|
|LifeWave, Inc. X-39 patch|4|
|Specific aim|6|
|Devices used|6|
|Methodology|16|
|Observations and Results|19|
|Discussion|26|
|Conclusion|27|
|References|27|


3


**Abstract**


LifeWave, Inc. has developed a new patch called X-39 which is proposed to be a


phototherapy product that stimulates the skin with specific wavelengths of light for


the purpose of elevating the peptide GHK-Cu. The peptide GHK-Cu may


effectively stimulate the natural healing process in the body. LifeWave, Inc. has


developed X-39 patch with numerous intended benefits like improvement in overall


energy, rapid relief from pain and improvement in overall functional vitality of the


body. A pilot study was conducted with forty experimental and five control


voluntary subjects who were studied before and after wearing the LifeWave, Inc.


X-39 patch for a period of six weeks, using cutting edge non-invasive screening


technologies like biofield imaging, electro photonic imaging and electro-interstitial


screening. This set of devices allowed us to extract a broad spectrum of data ranging


from physical, energetic and emotional aspects of the body non-invasively and


efficiently. Statistical analysis of data revealed a highly significant increase


(pMSP_Phase angle|Baseline|7.9875|1.1055|Not significant(p=0.7373)|
|MSP_Phase angle|3 weeks|8.0725|1.0162|1.0162|
|MSP_Phase angle|6 weeks|7.9000|1.2167|1.2167|
|MSP_Vascular age|Baseline|58.175|9.3036|Not Significant(p=0.9256)|
|MSP_Vascular age|3 weeks|58.175|9.3036|9.3036|
|MSP_Vascular age|6 weeks|57.975|9.7730|9.7730|
|MSP_Wellnessscore|Baseline|75.925|6.7382|Not significant(p=0.0924)|
|MSP_Wellnessscore|3 weeks|77.050|6.9352|6.9352|
|MSP_Wellnessscore|6 weeks|78.325|5.8282|5.8282|


24





|EPI\GDV _Energy|Baseline|59.665|5.5367|Highly significant***(p EPI\GDV _Energy|3 weeks|65.760|7.3880|7.3880|
|EPI\GDV _Energy|6 weeks|69.760|5.2598|5.2598|
|EPI\GDV _L/Rsymmetry|Baseline|95.063|3.6794|Not Significant(p=0.0570)|
|EPI\GDV _L/Rsymmetry|3 weeks|96.505|3.0733|3.0733|
|EPI\GDV _L/Rsymmetry|6 weeks|96.538|3.1277|3.1277|
|EPI\GDV _Organbalance|Baseline|90.430|3.7782|Significant*(p=0.0030)|
|EPI\GDV _Organbalance|3 weeks|91.532|2.7297|2.7297|
|EPI\GDV _Organbalance|6 weeks|92.641|2.5622|2.5622|
|BV_Red|Baseline|124.945|11.496|Not significant(p=0.2333)|
|BV_Red|3 weeks|134.612|19.018|19.018|
|BV_Red|6 weeks|127.69|16.018|16.018|
|BV_Green|Baseline|136.752|20.995|Significant*(p=0.0111)|
|BV_Green|3 weeks|149.484|18.883|18.883|
|BV_Green|6 weeks|148.520|19.408|19.408|
|BV_Blue|Baseline|115.884|3.652|Not significant(p=0.3032)|
|BV_Blue|3 weeks|116.051|6.811|6.811|
|BV_Blue|6 weeks|114.717|6.113|6.113|


Table.1 Results of subjects in experimental group



*p0.05 not


significant.


25


​



**Control** ​ **group**



​



​


|Parameters|Visits|Mean|Std​. ​deviation|Significance|
|---|---|---|---|---|
|MSP_Phase angle|Baseline|8.220|0.6760|Not significant(p=0.5899)|
|MSP_Phase angle|3 weeks|8.500|0.5873|0.5873|
|MSP_Phase angle|6 weeks|8.460|0.5727|0.5727|
|MSP_Vascular age|Baseline|56.20|11.2561|Not significant(p=0.6818)|
|MSP_Vascular age|3 weeks|59.60|8.2945|8.2945|
|MSP_Vascular age|6 weeks|59.00|9.4868|9.4868|
|MSP_Wellness score|Baseline|73.00|5.3851|Not significant(p=0.6042)|
|MSP_Wellness score|3 weeks|70.00|8.0932|8.0932|
|MSP_Wellness score|6 weeks|71.00|6.3007|6.3007|
|EPI\GDV _Energy|Baseline|52.726|9.2001|Not Significant(p=0.3775)|
|EPI\GDV _Energy|3 weeks|57.768|4.0658|4.0658|
|EPI\GDV _Energy|6 weeks|57.230|5.6192|5.6192|
|EPI\GDV _L/R symmetry|Baseline|94.692|3.3217|Not significant(p=0.5897)|
|EPI\GDV _L/R symmetry|3 weeks|97.406|3.4778|3.4778|
|EPI\GDV _L/R symmetry|6 weeks|95.764|2.6796|2.6796|
|EPI\GDV _Organ balance|Baseline|86.246|4.1204|Not significant(p=0.4124)|
|EPI\GDV _Organ balance|3 weeks|90.502|3.1420|3.1420|
|EPI\GDV _Organ balance|6 weeks|88.764|5.0422|5.0422|
|BV_Red|Baseline|138.06|17.534|Not significant(p=0.3542)|
|BV_Red|3 weeks|161.295|13.359|13.359|
|BV_Red|6 weeks|127.154|14.688|14.688|


26



|BV_Green|Baseline|164.339|9.839|Not significant(p=0.0661)|
|---|---|---|---|---|
|BV_Green|3 weeks|161.577|8.846|8.846|
|BV_Green|6 weeks|147.925|14.174|14.174|
|BV_Blue|Baseline|116.297|7.809|Not significant(p=0.5968)|
|BV_Blue|3 weeks|124.831|10.191|10.191|
|BV_Blue|6 weeks|114.283|2.423|2.423|


p>0.05 Not significant.


**Discussion**



Table.2 Results of the subjects in control group



The pilot study demonstrates a statistically significant improvement in the subjects


biofield from using the LifeWave, Inc. X-39 patches in Bio-Well (EPI\GDV) and


Biofield Viewer (BV). The statistical analysis revealed a highly significant


improvement (``p < 0.0001``) in overall energy of the person and significant


improvement(``p < 0.05``) in the symmetrical distribution of energy over different


organs in bio-well (EPI\GDV). A significant improvement (``p < 0.05``) of green pixels


in BV pixel analysis supports the effectiveness of the X-39 patches in terms of


improving the vitality of the biofield. Table. 1 displays summary post-test statistics


for the changes in the experimental group and reports the significance level. Table.


2 displays summary post-test statistics of the subjects in the control group have not


got a statistical significance.


From this research, we can conclude that LifeWave, Inc. X-39 patch is effective in


elevating the overall energetic vitality of the biofield and the body and also boosting


the self-healing mechanisms. This study reveals the potential of X-39 patches to


provide sustainable non-drug therapy. Several anecdotal responses were heard from


the subjects that the patches helped them to have an active day and sound sleep in


the night. Smart interventions are increasing in popularity, due to drug toxicity and


27


side effects. Patches can provide a sustainable complement to conventional


therapies. This study was conducted without a placebo patch. To advance this


science, future studies must be undertaken with a larger random sample using


double-blinded placebo controlled trials.


**Conclusion**


The pilot study demonstrates a statistically significant improvement in the


experimental group when compared to the control group. It can be concluded that


X-39 patches are effective in bringing positive changes in the biofield and


improving the overall wellness of a person.


**References**


1) DeHaven, C. (2014). COPPER TRIPEPTIDE-1.


2) Pickart, L., Vasquez-Soltero, J. M., & Margolina, A. (2012). The human tripeptide


GHK-Cu in prevention of oxidative stress and degenerative conditions of aging:


implications for cognitive health. ​ _Oxidative medicine and cellular longevity_ ​, ​ _2012_ ​.


3) Siméon, A., Monier, F., Emonard, H., Gillery, P., Hornebeck, W., Maquart, F. X., &


Birembaut, P. (1999). Expression and activation of matrix metalloproteinases in wounds:


modulation by the tripeptide–copper complex glycyl-L-histidyl-L-lysine-Cu2+. ​ _Journal of_


_investigative dermatology_ ​, ​ _112_ ​(6), 957-964.


4) Choi, H. R., Kang, Y. A., Ryoo, S. J., Shin, J. W., Na, J. I., Huh, C. H., & Park, K. C.


                          (2012). Stem cell recovering effect of copper free GHK in skin. ​ _Journal of Peptide_


_Science_ ​, ​ _18_ ​(11), 685-690.


5) Pickart, L. (2008). The human tri-peptide GHK and tissue remodeling. ​ _Journal of_


_Biomaterials Science, Polymer Edition_ ​, ​ _19_ ​(8), 969-988.


6) Pickart, L., Vasquez-Soltero, J. M., Pickart, F., & Majnarich, J. D. (2014). GHK, the


human skin remodeling peptide, induces anti-cancer expression of numerous caspase,


growth regulatory, and DNA repair genes. ​ _Journal of Analytical Oncology_ ​, ​ _3_ ​(2), 79-87.


7) Rubik, Beverly. ""The biofield hypothesis: Its biophysical basis and role in medicine."" ​ _The_


_Journal of Alternative & Complementary Medicine_ ​ 8.6 (2002): 703-717.


28


8) Muehsam, D., Chevalier, G., Barsotti, T., & Gurfein, B. T. (2015). An overview of


biofield devices. ​ _Global advances in health and medicine_ ​, ​ _4_ ​(Suppl), 42.


9) Abadi, M. D., and D. P. Ulanowsky. ""A correlation analysis between four energy-field


scanning devices and conscious perception of bodily issues."" ​ _Focus on Alternative and_


_Complementary Therapies_ ​ 9 (2004): 54-54.


10) Ivorra, A., Genescà, M., Sola, A., Palacios, L., Villa, R., Hotter, G., & Aguiló, J. (2005).


Bioimpedance dispersion width as a parameter to monitor living tissues. ​ _Physiological_


_measurement_ ​, ​ _26_ ​(2), S165.


11) Korotkov, K. G., Matravers, P., Orlov, D. V., & Williams, B. O. (2010). Application of


electrophoton capture (EPC) analysis based on gas discharge visualization (GDV)


technique in medicine: a systematic review. ​ _The Journal of Alternative and_


_Complementary Medicine_ ​, ​ _16_ ​(1), 13-25.


12) Korotkov, K. G., Matravers, P., Orlov, D. V., & Williams, B. O. (2010). Application of


electrophoton capture (EPC) analysis based on gas discharge visualization (GDV)


technique in medicine: a systematic review. ​ _The Journal of Alternative and_


_Complementary Medicine_ ​, ​ _16_ ​(1), 13-25.


13) Van Loan, M. D., Withers, P., Matthie, J., & Mayclin, P. L. (1993). Use of bioimpedance


spectroscopy to determine extracellular fluid, intracellular fluid, total body water, and


fat-free mass. In ​ _Human body composition_ ​ (pp. 67-70). Springer, Boston, MA.


14) Malik, M., Bigger, J. T., Camm, A. J., Kleiger, R. E., Malliani, A., Moss, A. J., &


Schwartz, P. J. (1996). Heart rate variability: Standards of measurement, physiological


interpretation, and clinical use. ​ _European heart journal_ ​, ​ _17_ ​(3), 354-381.


15) Zafar, S., Streeter, T. W., Inamdar, S. S., & Sarwade, S. G. Effect of Aromatherapy and


Energy Medicine on the Human Biofield: A Pilot Study.


16) Prakash, Shreya, Anindita Roy Chowdhury, and Anshu Gupta. ""Monitoring the human


health by measuring the biofield"" aura"": An overview."" ​ _Int J Appl Eng Res_ ​ 10.2765427658


(2015).",2025-08-29 21:04:59.592597+00
photo_emission,"# Imaging of Ultraweak Spontaneous Photon Emission from Human Body Displaying Diurnal Rhythm

Masaki Kobayashi [1] *, Daisuke Kikuchi [1], Hitoshi Okamura [2,3] 

1 Department of Electronics and Intelligent Systems, Tohoku Institute of Technology, Sendai, Japan, 2 Department of Systems Biology, Kyoto University Graduate School

of Pharmaceutical Sciences, Kyoto, Japan, 3 Department of Brain Science, Kobe University Graduate School of Medicine, Kobe, Japan



Introduction


Bioluminescence, which is weak but visible, is sometimes
produced in living organisms, such as fireflies or jellyfish, as the
result of specialized enzymatic reactions that require adenosine
triphosphate. However, virtually all living organisms emit
extremely weak light, spontaneously without external photoexcitation [1]. This biophoton emission is categorized in different
phenomena of light emission from bioluminescence, and is
believed to be a by-product of biochemical reactions in which
excited molecules are produced from bioenergetic processes that
involves active oxygen species [1,2]. Human body is glimmering
with light of intensity weaker than 1/1000 times the sensitivity of
naked eyes [3,4]. By using a sensitive charge-coupled-device
(CCD) camera with the ability to detect light at the level of a single
photon, we succeeded in imaging the spontaneous photon
emission from human bodies [3].
Previously, for obtaining an image, it took more than 1 hour of
acquisition, which is practically impossible for the analysis of
physiologically relevant biophoton emission. By improving the
CCD camera and lens system, here we have succeeded in
obtaining clear images using a short exposure time, comparable
with the analysis of physiological phenomena. Since metabolic
rates are known to change in a circadian fashion [5,6], we
investigated the temporal variations of biophoton emission across
the day from healthy human body.


Results and Discussion


u
A cooled CCD camera operated at 2120 C with slow scanning
mode read-out was used with a specially designed high-throughput
lens system. The camera was placed in a light-tight room in
complete darkness (schematic illustration of the experimental setup
is shown in Fig. 1A). Five healthy male volunteers, in their 209s,



were subjected to normal light-dark conditions and allowed to
sleep from 0:00–7:00. On the days of photon imaging, volunteers
were kept in a room (400 lux) adjacent to the dark room. For
imaging purposes, the body surface was wiped and the subject was
left 15 minutes in the dark room for dark adaptation, after which
the naked subject in sitting position was exposed for 20 minutes to
the CCD camera. Measurements were carried out in every
3 hours from 10:00 to 22:00 and continued for 3 days. Just before
and after the measurements, the surface body (thermography) and
oral temperature were taken. Saliva was also collected after the
photon measurements for the analysis of cortisol level as a
biomarker of endogenous circadian rhythms. Temporal variation
of photon emission intensity was calculated from image data with
extraction of the face and body intensity.
The daily variation of photon emission is shown in Fig. 1B–G.
In all images, photon emission intensity from the face was higher
than from the body. Moreover, photon emission intensity from the
face was not homogeneous: the central area around the mouth and
the cheeks was higher than the lateral area and the orbits.
Furthermore, the photon emission intensity on the face and upper
body appeared to display time-dependent changes. We plotted
total photon emission intensity over the body and face against
time, averaged across the 5 volunteers (Fig. 1H). Photon emission
was weak in the morning, increased in the afternoon and peaked
in the late afternoon (ca 16:00) (one way ANOVA, F 4,74 = 4.10,
P,0.005). These data strongly suggest that there is a diurnal
rhythm of photon emission from the human body. To further
support this conclusion, immediately following the end of the
previous experiment three volunteers were kept awake in a light
(400 lux) environment and photon emission was measured at 1:00,
4:00 and 7:00 AM (Supplementary Figure S1). Photon emission
formed a peak at late afternoon, then gradually decreased and
stayed low at 1:00–7:00 AM in a constantly exposed light



PLoS ONE | www.plosone.org 1 July 2009 | Volume 4 | Issue 7 | e6256


Glimmering Human Body


Figure 1. A. Schematic illustration of experimental setup. B–F. Images of ultraweak photon emission from human body. B. Image of the subject
under light illumination. C. Image at 10:10. D. Image at 13:10. E. Image at 16:10. F. Image at 19:10. G. Image at 22:10 with a calibration bar which
indicates the estimated radiation intensity expressed by photon number per unit of time per unit of skin surface. H. Daily rhythm of photon emission
from face and body from 5 volunteers. Significant difference from the photon emission at 10:00 AM (n = 15, Mean6SD; **P,0.01, *P,0.05). I. A
typical thermographic image of the subject from Fig. 1B–G.
doi:10.1371/journal.pone.0006256.g001


PLoS ONE | www.plosone.org 2 July 2009 | Volume 4 | Issue 7 | e6256


condition (400 lux), indicating the diurnal rhythm of photon might
be caused by endogenous circadian mechanism.
Ultraweak biophoton emission was completely different from
thermographic images showing surface temperature (Fig.1I). High
photon emission were detected from the cheeks, followed by the
upper neck and the forehead, while high temperature was detected in
the supraclavicular lateral neck region, from which photon emission
was low. In cheek, the highest level of emission reaches to 3000
photon/s?cm [2] at 16:00 which is about double to the value at 10:00.
Next, we examined the correlation of photon emission to other
physiological parameters known to show circadian variations. In
the subject of Fig.1B–G, we found a temporal decrease of cortisol
from morning to evening, in opposite to the increase of photon
emission (Fig. 2A). Cortisol concentration shows a clear daily
rhythm, peaking in the morning and negatively correlated with
photon emission intensity (p,0.002; from 5 volunteers; Fig. 2B).
Body temperature, another parameter showing daily rhythms
peaking at night, does not show significant correlation with photon
emission (Supplementary Figure S2).
The photon emission mechanism is thought to originate from
the generation of free radicals in energy metabolic processes. The
spectra of photon emission detected from the palm skin span from
500 to 700 nm, with primary and secondary emission peaks at
630–670 nm and 520–580 nm, respectively [7]. Free radicals
subsequently react with lipid or protein, generating electronically
excited species as byproducts [1]. These excited molecules, such as
carbonyl group in excited triplet state from lipid peroxidation or
proteins including excited tyrosine or tryptophan, can further react
with fluorophores through energy transfer and lead to photon
emission [8,9]. Higher level photon emission on facial skin might
be caused by differences in the content of melanin fluorophores

[10] between facial and thoracic skin.
No significant correlation of daily photon intensity and
temperature was found, and the dissimilarity between photon
emission and thermal image suggest that the diurnal rhythm of
photon emission is not a consequence of a change of temperature
or microcirculation. Moreover, a clear negative correlation of
temporal changes of photon emission and cortisol might suggest
that the diurnal rhythm of photon emission reflects the changes of



Glimmering Human Body


cellular metabolic processes under the control of the circadian
clock. Circadian rhythms are generated in most cells throughout
the body, driven by clock genes interlocked in transcription/
translation feedback loops [11,12]. Recent advances of chronobiology have revealed that the redox state of the cells regulates
circadian gene expression, indicating the importance of metabolic
cues for clock oscillations [6,13,14]. Indeed, glucose utilization,
accompanied by oxygen consumption, shows robust rhythms in
the main mammalian circadian center [5]. By the regulation of
cellular respiratory chain producing reactive oxygen species, which
in turns react with molecules including proteins, lipids and
fluorophores, whose excited states emit biophotons [1,8,9,10], the
human body glitters to the rhythm of the circadian clock.


Materials and Methods


CCD camera system
Spectral Instruments 600 series CCD camera system (Spectral
Instruments, Inc., AZ, USA) was used. Mounted CCD42-40 (e2v
technologies Ltd., Essex, UK), which is a back-illuminated, fullframe operation CCD with a 204862048 pixel resolution and
13.5613.5 m m pixel size. The camera system is equipped with a

u
cooling head to maintain the CCD at 2120 C using a closed-cycle
mechanical cryogenic unit. Under these conditions, quantum
efficiency is 75% at the peak wavelength. Dark current is 0.65
electron/pixel/h and readout noise in the slow scanning mode is
less than 4.5 electron rms. The CCD camera head has a specially
designed lens system, which is designed to maximize the light
collection efficiency (numerical aperture (NA) of the lens system on
the detector side is 0.5 and the number of lenses is restricted 7

pieces). Magnification of the lens system is 1/20 and the light
collection efficiency to the surface of the subject is 1.0610 [2][3] . In
this experiment, the CCD was operated in the 868 binning mode,
and the actual pixel number was 2566256. Taking into account
the detection limit, which is determined by dark current and
readout noise of the CCD, as well as light collection efficiency, the
minimum detectable number of photons on each pixel is estimated
ca 100 photon/s/cm [2] on the surface of the subject under the
measurement condition.



Figure 2. A. Comparison of temporal variation of biophoton emission intensity and cortisol concentration in saliva observed through 3 days. Shaded
regions indicate sleeping time. The subject is the one of Fig. 1B–G. B. Daily change of cortisol secretion (left; n = 15, Mean6SD) and its correlation
with photon emission intensity (right). A negative correlation was found (r = 20.3074, P,0.002).
doi:10.1371/journal.pone.0006256.g002


PLoS ONE | www.plosone.org 3 July 2009 | Volume 4 | Issue 7 | e6256


Measurement procedure
All study participants were healthy males in their 209s without
any skin diseases or oral medications. The average time of sleep
onset was 23:30 hours (range, 23:00 to 01:00 hours) and that for
awakening was 06:15 hours (range, 06:00 to 07:00 hours). No
attempt was made to synchronize the sleeping habits of the study
participants before the study. From one week before the
experiments, subjects were under controlled conditions to
maintain regular sleeping hours. Subjects were not allowed to
use cosmetics including aftershave lotion. Volunteers had lunch at
12:30 hours and dinner at 18:30 hours. Snacks and cold drinks
were allowed between meals, at the study participant’s discretion.
During body imaging, participants were naked from the waist up.
After a slight wipe of the body with lukewarm water, one by one
the subjects were invited in the darkroom and where a relax chair
was provided. Before photon emission measurements, the subjects
were left 15 minutes in the darkroom for dark adaptation. During
the dark adaptation, a thermograph to check the surface
temperature of the body and a picture of the subject under weak
light illumination for focusing are taken. Biophoton emission
measurements are taken continuously for 20 minutes by the CCD
camera. During measurements, comfortable music was provided
for relaxation but sleep was not allowed. At the end of the
measurements, thermograph and picture under weak illumination
are taken again, together with the oral temperature. Photon
emission intensity from the face and upper body was calculated
from imaging data. Salivary cortisol levels were measured by
radioimmunoassay. For statistical analysis, one-way ANOVAs
followed by Bonferroni/Dunn’s multiple comparisons were


References


1. Popp FA, et al. (1988) ‘Biophoton emission’ multi-author review. Experientia 44:
543–600.

2. Kobayashi M, et al. (1999) In vivo imaging of spontaneous ultraweak photon
emission from a rat’s brain correlated with cerebral energy metabolism and
oxidative stress. Neurosci Res 34: 103–113.
3. Kobayashi M (2003) Spontaneous ultraweak photon emission of living
organisms—biophotons—phenomena and detection techniques for extracting
biological information. Trends in Photohchem. Photobiol 10: 111–135.
4. Sauermann G, Mei WP, Hoppe U, Stab F (1999) Ultraweak photon emission of
human skin in vivo: influence of topically applied antioxidants on human skin.
Methods Enzymol 300: 419–428.
5. Schwartz WJ, Gainer H (1977) Suprachiasmatic nucleus: use of 14C-labeled
deoxyglucose uptake as a functional marker. Science 97: 89–91.
6. Merrow M, Roenneberg T (2001) Circadian clocks: running on redox. Cell 106:
141–143.
7. Usa M (1991) Physiological state and biophoton emission of living body. In:
Inaba H, ed. Final report on Inaba Biophoton Project: Res. Develop. Corp.
Japan. pp 239–277. (in Japanese)



Glimmering Human Body


applied. The above experiments are approved by the Ethical
Committee of Kobe University Graduate School of Medicine.


Supporting Information


Figure S1 Photon emission in sleep deprived volunteers. Three
volunteers kept in constant light environment (400 lux) without
sleep, and photon counts were measured at 25:00 (1:00AM), 28:00
(4:00AM) and 31:00 (7:00AM) (red dots). Note the levels of photon
emissions at these time points are much lower than evening value.
The values from 10:00–22:00 are adopted from Figure 1H (n = 15,
Mean6SD).
Found at: doi:10.1371/journal.pone.0006256.s001 (5.65 MB TIF)


Figure S2 Daily change of oral temperature (left; n = 15,
Mean6SD) (a), and its correlation to photon emission intensity
(b). There was no significant correlation between photon emission
and oral temperature (r = 0.1630, p = 0.1682).
Found at: doi:10.1371/journal.pone.0006256.s002 (7.76 MB TIF)


Acknowledgements


We thank Drs. M. Fustin and M. Okawa for critical reading of the
manuscript.


Author Contributions


Conceived and designed the experiments: MK HO. Performed the
experiments: MK DK HO. Analyzed the data: MK DK. Contributed
reagents/materials/analysis tools: MK. Wrote the paper: MK HO.


8. Cadenas E (1984) Biological Chemiluminescence. Photochem Photobiol 40:
823–830.

9. Nakano M (1989) Low-level chemiluminescence during lipid peroxidations and
enzymatic reaction. J Biolum Chemilum 4: 231–240.
10. Teuchner K, et al. (1999) Femtosecond two-photon excited fluorescence of
melanin. Photochem Photobiol 70: 146–151.

11. Okamura H (2004) Clock genes in cell clocks: roles, actions, and mysteries. J.
Biol. Rhythms 19: 388–399.
12. Yamaguchi S, Isejima H, Matsuo T, Okura R, Yagita K, et al. (2003)
Synchronization of cellular clocks in the suprachiasmatic nucleus. Science 302:
1408–1412.

13. Schibler U, Rippeyger JA, Brown SA (2001) Circadian rhythms. Chronobiology–reducing time. Science 293: 437–438.
14. Reick M, Garcia JA, Dudley C, McKnight SL (2001) NPAS2: an analog of clock
operative in the mammalian forebrain. Science 293: 506–510.



PLoS ONE | www.plosone.org 4 July 2009 | Volume 4 | Issue 7 | e6256",2025-08-29 21:04:59.896697+00
lifewave-x39-pilot-demonstrates-light-triggered-changes-may-2020,"_LifeWave X39 Pilot Demonstrates Light Triggered Changes_



1



**May 2020** **Volume 20, No. 2**

# **LifeWave X39 Pilot Demonstrates Light Triggered Changes**

**By Melinda H. Connor, DD, PhD, AMP, FAM, Caitlin A. Connor, MAcOM, DAOM**,
**Naran Gombosuren, PhD,** **Jens Eickhoff, PhD and Leonard Pugh, MAcOM**


**Abstract**

_**Purpose**_ **-** To determine if metabolic and physiological changes were produced by participants
wearing the LifeWave non-transdermal X39 phototherapy patch.
_**Materials -**_ LifeWave X39 non-transdermal patches, Sabre Sciences urine and saliva test kits.
Amino Acid panel was performed using a TSQ Quantum Triple Quadrupole LC-MS/MS Mass
Spectrometer. Adrenal stress panel, cortisol and DHEAS, from saliva were performed using a
Sciex 4000 Triple Quadrupole LC-MS/MS Mass Spectrometer and Dynex DSX 4-plate
automated ELISA processing system respectively. Physiology testing was done using a
Thought Technology Biograph Infinity Physiology Suite with Cardio Pro software. Blood
pressure was taken with a Model #BPAG1-20CVS monitor. Questionnaires included: MarlowCrowne, Arizona Integrative Outcome Scale for Vitality, Pittsburg Sleep Quality Index, McGill
Pain Scale, WAIS III- memory subtest, Profile of Mood States.
_**Method**_ **-** Fifteen subjects of convenience age 40-65 were recruited through flyers and email.
Subjects were consented and baseline measures were taken. Patches were worn 8-12 hours
each day placed at either the GV14 or CV6 acupuncture points as selected by a computerized
algorithm and selected for ease and clarity of patch placement for participants. All measures
were taken at all test points: Baseline/day1, day 2 and day 7. Participants were asked to apply
patch one hour prior to testing on day 2 and 7.
Cortisol levels were obtained from 8am, 12pm, 4pm, 8pm and 12am time collection saliva
Samples were purified with Phenomenex Strata polymeric reversed phase columns and
analyzed on Sciex 4000 Triple Quadrupole LC-MS/MS Mass Spectrometer using Phenomenex
Kinetex C8 3x100mm, 2.6um, 100A column with linear gradient.
Dehydroepiandrosterone sulfate (DHEAS) levels were obtained at 8am, 8pm and 12am time
collections using Pantex salivary cortisol ELISA kit on Dynex DSX 4-plate automated ELISA
processing system.
Urine samples were taken by 10am at each test point. WAIS III data was taken immediately,
at 10 minutes and at 20 minutes. A full 10 number sequence was used which was randomly
generated for each subject at each data point. Amino acid analysis was obtained on TSQ
Quantum Triple Quadrupole LC-MS/MS Mass Spectrometer using Phenomenex EzFaast amino
acid kit.
_**Results -**_ Significant changes were seen in most essential and nonessential amino acids over
the period of one week. These changes include:


_International Journal of Healing and Caring 2020, 20(2), 1-13_


_LifeWave X39 Pilot Demonstrates Light Triggered Changes_



2



1. Changes of inflammatory markers and their metabolites
2. Improvement in sleep quality
3. Reduction in blood pressure
4. Improvement in short term memory
5. Improvement in reported feelings of vitality
_**Conclusion -**_ While this is a small sample of convenience the positive results in this study
suggest that further investigation needs to be done. Both the effect that appears to produce a
number of significant amino acid changes in a short period of time and the improvement in short
term memory which are particularly relevant to an ageing population and should be explored.


Keywords: Photobiology, Phototherapy, Meridian

**Introduction**

The X39 patch uses phototherapy to stimulate the tripeptides GHK and GHK- Cu (Connor et al,
May 2020). This tripeptide (glycine, histidine, and lysine) was first isolated in 1973 by Dr. Loren
Pickart. This is important as the “copper tripeptide-1 belongs to a group of emergency response
molecules which are released during injury and come to the body’s aid...” (DeHaven, C., 2014)
It is naturally released by the body when there is any type of injury to tissue. For example: the
“copper tripeptide-1 has been suggested to have a potential therapeutic role in age-related
neurodegeneration and cognitive decline. It improves axon survival and maintenance of nerves.”
(DeHaven, C., 2014)
This pilot study explores the metabolic and physiologic results of wearing the LifeWave nontransdermal patch over the period of one week. Measures were taken at baseline, 24 hours and
at 7 days of wearing the patch. A sample of convenience of 15 subjects made up of both men
and women aged 40-65 were selected to participate in this study. Study approval from National
Foundation for Energy Healing number NFFEH 8-28-18-07.

**Non-transdermal Patch**

The LifeWave patch is non-transdermal. This means that instead of having chemicals imbedded
in the patch and intended to be absorbed, nothing contained within the sealed patch enters the
body. Instead, this allows the light to flow through the patch without any changes to the contents
of the patch throughout the time the patch is worn.

**Phototherapy**

Phototherapy uses light to promote changes in the body. The patch uses infrared, light, near
infrared light, and visible spectrum light passing through specially processed crystals in solution
to send out specific wave lengths that facilitate those changes. The LifeWave patches help to
stimulate the body by using that light to create physiological effects. In the past 100 years, in
repeated trials of various phototherapy products, there has been only rare reported incidents of
negative side effects.

**Meridian Implications and Patch placement**

LifeWave patches are placed on specific meridian points to maximize effectiveness. The theory
of balancing the body based on the Chinese meridian system is over 3000 years old. Current
information now maps the meridian system to parts of the lymphatic system. The concept of the


_International Journal of Healing and Caring 2020, 20(2), 1-13_


_LifeWave X39 Pilot Demonstrates Light Triggered Changes_



3



release of “Qi” on an area of the lymphatic system is consistent with the evidence that the body
has a variety of electrical-dermal potentials across its surface (Becker & Selden, 1985, Flick,
2004).
There are two options which were selected for patch placement. The first GV14 effects Yang
meridians of the body, which helps prevent illness. It also clears heat, which would include
inflammation and redness, which is a common sign of tissue damage. (Deadman, P., 2001)
The second option CV-6, supports the Kidneys and harmonizes blood. (Deadman, P., 2001)
Computer randomization was used with half the participants using the CV6 point and half using
the GV14 point.

**Metabolic test Panel**

It is well known fact that this tripeptide glycine-histidine-lysine (GHK) has the ability to bind on
the cell surface and transmit copper in and out of cells, which may help copper enzyme
activities, including phenol oxidase, alanine synthase, tyrosinase, and cytochrome oxidase.
The purpose of this study is to follow the production of tripeptide glycine-histidine-lysine (GHK),
its degradation into glycine, histidine and lysine amino acids, the relation to glutathione
production, and their metabolic effect.
We have selected the Sabre Sciences HPA4 metabolic panel **, which** involves urine and
saliva collection. The urine testing evaluates all 22 natural amino acids, in addition their
metabolites including major inflammatory markers such as glutathione, cysteine to cystine ratio,
homocysteine and homocystine ratio.
This test also determines level of neurotransmitters and their intermediates including 5-HTP,
Serotonin, Dopamine, Epinephrine, Norepinephrine, GABA, Glutamic acid, Histamine, L-DOPA,
Normetanephrine, Metanephrine, and 3-Methoxytyramine. The salivary testing evaluates
adrenal hormones such as cortisol and DHEAS.
Metabolic testing consisted of one 10am urine taken at baseline/day one, day two and day
seven. Saliva Testing consisted of six swabs taken in one day at baseline/day one, day two and
seven. Subjects self-administered the swab when in the laboratory under the supervision of Dr.
Connor. The swab was then placed back in the shipping container and labeled with the subject
number. Samples were kept in the freezer at -20F and were shipped to the Sabre Sciences
laboratory in Carlsbad, CA on a daily basis.

**Physiology Suite**

In this study the initial baseline readings were taken, and then the X39 patch was applied. The
participant was asked to wear the patch 8-12 hours each day. The participant removed the
patch at night and a fresh patch was applied each morning prior to 8 am. The patch was worn
for a minimum of 1 hour before the additional data measures were taken. Patches were worn for
a total of 7 days. Data taking with the patch applied was done on day one, day two and day

seven.
All study participants had the following physiological testing done at base line, day 2 (24
hours) and 7 days: Six minute recordings of EKG, pulse, respiration, heart rate variability (HRV),
temp, blood volume pulse, galvanic skin response, and 2 EMG (muscle) leads (one on each
shoulder area). At baseline testing, participants were checked for any allergic reactions to the
adhesive used on patches. No participants in this study had a reaction to the patch adhesive.

**Questionnaires**

A series of questionnaires were administered to support the metabolic findings.


_International Journal of Healing and Caring 2020, 20(2), 1-13_


_LifeWave X39 Pilot Demonstrates Light Triggered Changes_



4




_**- The Marlowe Crowne**_ is a 13 Item true/false short form that is a measure of subjects’
tendencies to give answers that they may perceive are desired by the interviewer and/or reflect
perceived positive social norms. This variable can produce inaccurate or misleading findings
unless properly controlled for in statistical analysis. Estimated completion time 2 minutes. This
instrument was normed by Reynolds in 1982.

_**- The McGill Pain Scale**_ is comprised of three sections regarding a subject’s pain. Section
number one asks, “What Does Your Pain Feel Like?” and then lists 20 descriptive categories
that are numerically rated as 1 – 5. Section number two asks, “How Does Your Pain Change
with Time?” The first question asks the subject to describe the pattern of their pain; and this is
followed by 22 descriptive terms regarding their effects on increasing or decreasing pain. The
third section reflects upon the strength of the pain and has six questions that give a context and
comparison to the current pain compared to other types of pain suffered in the past. Again this
section is ranked numerically 1-5, with one being mild and five being excruciating. (Melzack, R.,
1975)

_**- The Pittsburg Sleep Quality Index**_ is comprised of a mix of quantitative questions and five
Likert scale questions 0-3. It explores the type and quality of sleep experienced by an individual
over the past month. It was normed by Cole et al. (2006). (normed is correctly used, can’t get
spellcheck to accept it)

_**- The Arizona Integrative Outcome Scale, Visual Analogue Scale (AIOS-VAS)**_ _**for Vitality**_
rates subject’s “overall sense of well-being and vitality” over the past 24 hours, using a 100mm
one-line visual analogue scale. This instrument was normed by Bell in 2004.

_**- The Profile of Mood States (POMS)**_ is a 37-item 5 factor scale which is a basic measure of
affective state in several dimensions including vigor, mood, anxiety and depression. 8 minutes
maximum completion time. It was normed by McNair et al., 1971/1981; Shacham, 1983.

_**- The WAS III**_
A subsection of the WAS III, the memory subtest was used to determine level of short, mid and
long-term memory and if there is an improvement in memory from baseline to 7 days.

**Participants**

A sample of convenience of individuals who responded to locally placed flyers consisted of 15
individuals. There were five men and 10 women in the study which had a mean age of 61.9 ±
9.3 years.

**Statistical Analysis**

Data from questionnaires were collected on standard answer sheets and scored. Then the data
points were entered into an excel spread sheet for statistical evaluation. Standardized tests
were scored and reviewed for data trends and significant results. All questionnaires parameters
were summarized in terms of means and standard deviation, stratified by assessment time
point. Changes between assessment time points were evaluated using a paired t-test or
nonparametric Wilcoxon Signed Rank test. All physiology parameters were summarized in
terms of means and standard deviation, stratified across the 6 study epochs. Changes from
pre- to post-patch administration were evaluated using a paired t-test. Normal probability plots
were examined to verify the distribution assumptions. All reported P-values are two-sided and
PFemaleMale|10 (67%)5 (33%)|
|Age (yrs), means ± SD|61.9 ± 9.3|




  - Marlowe-Crowne

  - AIOS-VAS

  - WAIS III

  - Profile of Mood States (POMS)

  - Modified Pittsburg Sleep Quality Index

  - McGill Pain Instrument


_**Table 2: Summary of Marlowe-Crowne instrument scores, stratified by day**_

|Day|N|Mean|SD|
|---|---|---|---|
|1|15|16.0|2.1|
|7|15|15.5|2.4|



_**Table 3: Changes in Marlowe-Crowne instrument scores from day 1 to day 7**_

|Col1|Mean Change|SD|p-value|
|---|---|---|---|
|Change from day 1 to day 7|-0.47|0.2|0.4614|



The Marlowe-Crowne looks at social desirability. It is used to measure the reliability of the data.
One common confounding variable in research is research subjects telling the researchers the
answers they think the researchers want. The middle range that is being shown here suggests
that this was not an issue with this particular group. It is also interesting that this group had a
non-significant negative mean change, indicating that the responders became more honest.


_International Journal of Healing and Caring 2020, 20(2), 1-13_


_LifeWave X39 Pilot Demonstrates Light Triggered Changes_


_**Table 4: Summary of AIOS-VAS instrument scores,**_

_**stratified by assessment time point**_

|Day|N|Mean|SD|
|---|---|---|---|
|1/Baseline|15|62.7|22.8|
|2|14|71.1|27.3|
|6|15|78.0|23.1|



_**Table 5: Changes in AIOS-VAS instrument scores from Consent to 1.2,**_

_**Consent to day 2, and Consent to day 7 assessments**_



6



|Col1|Mean Change|SD|p-value|
|---|---|---|---|
|Change from 1.1 to 2|7.6|15.3|0.0877|
|Change from 1.1 to 7|15.3|20.6|0.0151|


The AIOS-VAS looks at the overall wellness of an individual. In this case there was a clear, though not
quite significant positive shift established by the second day of testing. It had increased to significance
by day 7 showing clear overall improvement in the feelings of vitality and wellness.


_**Table 6: Summary of WAISIII instrument scores, stratified by assessment time point**_










|Time|Outcome|N|Mean|SD|
|---|---|---|---|---|
|Day 1|# Short# Mid# Long|151515|6.25.35.1|1.92.32.3|
|Day 7|# Short# Mid# Long|151515|7.36.16.1|2.32.93.1|



_International Journal of Healing and Caring 2020, 20(2), 1-13_


_LifeWave X39 Pilot Demonstrates Light Triggered Changes_


_**Table7: Changes in WAISIII instrument memory test scores from day 1 to day 7**_



7





|Col1|Memory Test|Mean Change|SD|p-value|
|---|---|---|---|---|
|Change from Day 1 to Day 7|#Short/Immediate# Mid/ 10 min# Long/ 20 min|1.10.81.1|2.42.93.2|0.08720.30080.2170|


Memory is a common issue for people above age 45. The WAIS III is a well-established
intelligence test which includes a standard memory test. There was a clear trend, though not
significant, improvement in short term memory by day 7. It is likely that this would get more
significant with a larger group of people and a longer intervention period. It is also interesting
that there was improvement in both mid and long-term memory as well, though to a much lower
degree. Further research should be done in this specific area as a non-invasive support to
memory as one ages has the potential to be of benefit to many individuals.







_**Table8: Summary of modified PSQI instrument total scores,**_

_**stratified by assessment time point**_

|Time|N|Mean|SD|
|---|---|---|---|
|Day 1|11|6.7|2.8|
|Day 2|11|5.2|2.7|
|Day 7|7|4.6|2.9|



_**Table 9: Changes in modified PSQI instrument scores**_

_**from day 1 to day 2 and from day 1 to day 7**_










|Col1|MeanChange|SD|p-value|
|---|---|---|---|
|Change from Day 1to Day 2|-1.0|1.3|0.0676|
|Change from Day 1to Day 7|-3.0|2.9|0.0522|



The Pittsburg Sleep Quality Index was used to look at sleep, which is also a common issue
once people get past 45. This questionnaire showed an immediate strong shift the first night,
though it was not quite significant. The shift by day 7 was significant. This is particularly
important as sleep strongly effects everything else related to health and wellbeing.
There were no significant changes in the Profile of Mood States and the McGill Pain scores
from the baseline (pre-patch) assessment to the close of the study.


_International Journal of Healing and Caring 2020, 20(2), 1-13_


_LifeWave X39 Pilot Demonstrates Light Triggered Changes_


**Metabolic Outcomes**


_**Table 10: Change from day 1 (pre-patch) to day 2, day 2 to day 7,**_

_**and day 1 (pre-patch) to day 7**_



8



|Marker|Change|Mean Change|SD|p-value|
|---|---|---|---|---|
|Alanine|Day 1 to Day 2|-20.17|36.89|0.0526|
|Cystine|Day 2 to Day 7|-16.07|23.86|0.0206|
|Epinephrine|Day 1 to Day 2|-2.09|3.08|0.0197|
|Epinephrine|Day 2 to Day 7|1.59|2.94|0.0552|
|Glutamate|Day 2 to Day 7|-3.82|6.73|0.0453|
|Glutamate|Day 1 to Day 7|-5.82|10.37|0.0475|
|Glycine|Day 1 to Day 2|-72.54|117.73|0.0317|
|HCys2|Day 1 to Day 2|0.35|0.55|0.0296|
|Histamine|Day 1 to Day 2|-46.32|75.35|0.0320|
|Histamine|Day 1 to Day 7|-46.64|49.35|0.0026|
|Leucine|Day 1 to Day 2|-4.84|7.84|0.0313|
|Normetanephrine|Day 2 to Day 7|-13.06|23.32|0.0479|
|PEA Phenylethylamine|Day 1 to Day 7|-0.59|1.12|0.0589|
|Phenylalanine|Day 2 to Day 7|6.33|10.94|0.0418|
|Tryptophan|Day 2 to Day 7|-10.81|18.55|0.0406|
|Alpha-aminobutyric acid|Day 1 to Day 7|-8.90|13.79|0.0256|
|Alpha-aminobutyric acid|Day 2 to Day 7|-5.29|7.79|0.0198|


Amino acids and neurotransmitters play a critical role in the health and wellbeing of
individuals. If an individual’s amino acid and neurotransmitter production pathways are
imbalanced, the individual cannot maintain body health for long.
The number of statistically significant changes demonstrated in this study shows the powerful
impact which can be created by the use of phototherapy products and the clear positive


_International Journal of Healing and Caring 2020, 20(2), 1-13_


_LifeWave X39 Pilot Demonstrates Light Triggered Changes_



9



changes produced by the application of this specific non-transdermal product X-39. Key findings
are in changes of many amino acids levels, including glutamate, histamine, glycine, and
indicates distinct reduction of inflammation produced by the patch.
Of note the amino acids cysteine (cystine, an oxidized form of cysteine) glycine and
glutamate, which are building blocks of glutathione, and which showed a drop at level of
significance indicates biosynthesis glutathione in a trans-sulfuration pathway. Glutathione is

  - one of major antioxidant naturally produced in liver

  - facilitates metabolism of xenobiotics

  - decreases toxins by conjugation and excretion

  - prevents cellular damages by scavenging reactive oxygen species,
free radicals, and heavy metals

  - acts as neurotransmitter by modulating the NMDA receptors

  - induces GABA release, which is a major inhibitor of neurotransmitters
The changes in all aromatic amino acid levels show improved metabolic activity on dopamine
and serotonin pathways as well, and increase in level of epinephrine. More importantly, changes
in normetanephrine level gives clear indication of liver function change, specifically monoamine
oxidase (MOA) and catechol-O-methyltransferase (COMT) enzyme activity changes. Therefore
these enzymes are responsible for regulation of neurotransmitters. Tryptophan is a major
building block of serotonin, which is mood booster and healthy sleep producer in dim light.
Further changes in branched chain amino acids, along with alanine level change, indicate
glycine-histidine-lysine tripeptide (GHK) synthesis stimulation, and their positive impact on
copper containing enzyme activities, including alanine synthase and tyrosinase, cytochrome
oxidase.

**Physiology Outcomes**


_**Table 11: Change from pre-patch to last-patch (day 7) of HF, LF/HF NN50, PNN50,**_

_**Power, RMSSD, and VLF, stratified by Epoch (1-6) for Blood Volume Pulse (BVP)**_







|Source|Outcome|Epoch|MeanChange|SD|p-value|
|---|---|---|---|---|---|
|BVP|HF|5|-1085.13|2038.55|0.05830|
|BVP|NN50|1|-3.13|5.34|0.03950|
|BVP|NN50|3|-1.73|2.89|0.03580|
|BVP|NN50|5|-2.73|3.03|0.00360|
|BVP|PNN50|1|-0.05|0.08|0.03820|
|BVP|PNN50|3|-0.03|0.04|0.04290|
|BVP|PNN50|5|-0.04|0.04|0.00360|
|BVP|RMSSD|5|-21.13|36.49|0.04160|
|BVP|SDNN|5|-19.42|27.08|0.01480|
|BVP|VLF|5|-382.47|426.65|0.00370|


_International Journal of Healing and Caring 2020, 20(2), 1-13_


_LifeWave X39 Pilot Demonstrates Light Triggered Changes_


_**Table 12: Change from pre-patch to last-patch (day 7) of BVP-HR,**_

_**for Average, Mode, and Area, stratified by Epoch (1-6)**_



10


|Source|Outcome|Epoch|Mean Change|SD|p-value|
|---|---|---|---|---|---|
|BVPHR|Average|2|4.51|7.83|0.0426|
|BVPHRMaxMin|Average|5|-2.23|3.13|0.0153|
|BVPHRMaxMin|Mode|1|-1.18|2.17|0.0533|



_**Table 13: Change from pre-patch to last-patch (day 7) of BVP-HR and EMG for Average,**_

_**Mode, and Area, across all 6 Epochs**_

|Source|Outcome|Mean Change|SD|p-value|
|---|---|---|---|---|
|BVPHR|Average|2.54|8.31|0.0047|
|BVPHR|Mode|2.31|9.60|0.0249|
|BVPHRMaxMin|Average|-1.67|5.50|0.0049|
|EMG|Average|-39.44|124.62|0.0035|
|EMG|Mode|-38.45|128.72|0.0057|
|EMG|Area|-2366.63|7477.30|0.0035|



Reduction in blood pressure and improved muscle relaxation are consistent changes which
are present in the physiology data.

**Discussion**

It is important to recognize that this was both a sample of convenience and a short-term pilot
study with a small sample size. However, there are several areas that showed significant
change, as well as a few that showed a clear trend towards change, though not quite to the
level of significance. It should also be noted that the shift in sleep is especially interesting, given
that the research subjects’ sleep was being interrupted every four hours for the saliva testing on
the days those questionnaires were administered. Therefore, the results may have been
stronger without this confounding variable.
The lack of shift in POM, which looks at overall mood, is also interesting. The patch itself was
not expected to shift the research subjects’ mood, but there was a possibility of this being a
secondary effect. Improved sleep and energy often also improve people’s mood.
There are several further key pieces of information in this data. The first is the improvement in
blood pressure. Further exploration of this parameter should be a priority, as phototherapy is a
non-invasive process, in contrast with the challenging side-effects caused by most blood
pressure medications, in a more vulnerable population of those who are aging. Reduction in
blood pressure would correlate with the aromatic amino acid findings which also would support
a GHK tripeptide increase and GHK copper binding peptide increase. This peptide development
does not only have antiSoxidant effect, it helps iron transmission while regulating cardiovascular
homeostasis. Further exploration and direct confirmation of tripeptide production should be
done.


_International Journal of Healing and Caring 2020, 20(2), 1-13_


_LifeWave X39 Pilot Demonstrates Light Triggered Changes_



11



The second is the impact of the over all improvement in amino acid production, stimulation of
enzyme activities, metabolism and overall bodies detoxifying ability. While amino acid
production and metabolism change on a daily basis and are strongly impacted by which foods
we eat and by our daily activities, the data taken over several days gives a snapshot of change.
Longer studies looking at stability of change should be considered. Key findings in the amino
acid production are increasing amino acids bioavailability, which are necessary building blocks
of protein and energy. The is an interactive process in which the body is engages where the
GHK tripeptide stimulates some amino acids production and metabolism, and the result is that
some of these amino acids act as inducers for biosynthesis of natural detoxifying agents like
glutathione. Glutathione is one of the major detoxifying agents our body produces and has
inhibiting effect on amyloid peptide oligomerization, which is well known cause of Alzheimer’s
disease. Glutathione is one of the liver’s main helpers along with cytochrome P450, by
conjugating toxins, and allowing free radicals to be excreted from the body.
The third interesting finding is that flexibility in gastrointestinal imbalance is restored. As one
ages there is often less flexibility in all the body systems. Flexibility is key in human survival. We
must be able to adapt, moment to moment, in order to survive. This patch triggers change in the
gut and may be determined in longitudinal studies to be restoring fitness with the body’s
adaptability to change.
The fourth interesting finding is in the changes to non-essential amino acid levels. Only
significant findings were listed in the tables. This indicates it is not only helping the gut
microbiome restore fitness and adaptability to change. It is reducing over all gut Inflammation,
as seen in the changes in cystine and glutathione production.
The fifth finding is the improved short-term memory within a week, which almost reached
significance (0.08). We have noted some aromatic amino acid level increase. These are the
major building blocks for dopamine, norepinephrine, epinephrine, and serotonin. Numerous
neurological disorders, Parkinson’s disease, attention deficit hyperactivity disorder (ADHD),
Alzheimer’s disease are associated with dopamine and serotonin systems imbalances. By
stimulating amino acid production, the potential exists to delay the natural aging process,
improve the memory, and protect overall neuronal health. Further exploration in this area should
be done.
Longer studies, with larger numbers of subjects to explore the impact of this phototherapy
product should be considered.

**Summary**

This study provides information on the experience of participants’ metabolic and physiological
effects as a result of wearing the LifeWave X39 patch for 12 hours per day for a period of one
week. Study scope included questionnaires which were administered concurrently, covering a
range of previously reported anecdotal experiences with the X39 patches. Questionnaire data
demonstrated improvements in quality of sleep, memory, feelings of vitality, reduction of pain
and inflammation, and an overall sense of well-being.
The X39 patch showed clear, significant improvements in metabolic, blood pressure,
memory, sleep and other factors over the course of one week. These areas warrant study over
longer periods of time in future studies so that a better understanding of the comprehensive
nature and effects of the phototherapy produced by this patch may be demonstrated.
The data results of improvement in blood pressure, 17 statistically significant amino acid
changes over the 7 days, significant improvement in anti-inflammatory response, improvement
in sleep levels, reduction in blood pressure, improvement in short term memory, improvement in
reported feelings of vitality all suggest that further research with a larger sample size and over a
longer period of time is warranted to confirm this data and the previously reported anecdotal
responses in the testing of earlier subjects.


_International Journal of Healing and Caring 2020, 20(2), 1-13_


_LifeWave X39 Pilot Demonstrates Light Triggered Changes_



12



Since this study was done on an aging population it is also important to note that the patch
appears to support shifts toward fitness of the gut system and improved adaptability to change.
The human body must live in such a way that it can adapt and respond to change moment to
moment in order to survive. One of the first areas of the body which shows a reduction in
responsiveness to environmental change as we age, is the gut. While this study covered only a
one-week period, the effect in the data over the sampling period showed an improved response
promoting body fitness and adaptability to change on each subject. If one can change in healthy
ways in response to the environment, one can survive longer. Combined with the antiinflammatory response shown in this data, there is a potential for a positive impact on longevity.
Further longitudinal studies need to be undertaken to determine if these effects are maintained
or improved over time.

**References**

Becker, R., Selden, G., “The Body Electric”, William Morrow Pub., New York, NY, 1985.

Bell, I., Cunningham, V., Caspi, O., Meek, P., Ferro, L., (2004) “Development and validation of a
new global well-being outcomes rating scale for integrative medicine research.” BMC
Complementary and Alternative Medicine. 2004; 4: 1.

Deadman, P., Al-Khafaji, M., Baker, K., (2001) A Manual of Acupuncture. Eastland Press. 1240
Activity Dr., #D Vista, CA, 92083.

DeHaven, C., (2014) Copper Tripeptide-1. Science of Skincare.

Feinstein, D., “Rapid Treatment of PTSD: Why Psychological Exposure with Acupoint Tapping
May Be Effective”, Psychotherapy: Theory, Research, Practice, Training. 47(3), 385-402, 2010,
American Psychological Association.

Flick, A. B., “Silver and Wound Healing”, CAM Research Symposium, Hershey Medical School,
Hershey PA, July 2004.
Geo Peptides Staff. (2015) What are Copper Peptides? Retrieved August 5, 2018.
https://www.geopeptides.com/copperpep.html

Kakimoto, C., (2017) What is phototherapy, and how does it work?
https://www.dermatologistoncall.com/blog/what-is-phototherapy-and-how-does-it-work/

Melzack R. (1975) The McGill Pain Questionnaire: Major properties and scoring methods. Pain.
1: 277-299.

Pickart, L., Vasquez-Soltero, J., Margolina, A. (2015) GHK Peptide as a Natural Modulator of
Multiple Cellular Pathways in Skin Regeneration. Hindawi Publishing Corporation BioMed
Research International Volume 2015, Article ID 648108, 7 pages

http://dx.doi.org/10.1155/2015/648108.

Reynolds, W. (1982) Development of reliable and valid short forms of the Marlowe-Crowne
Social Desirability Scale. Journal of Clinical Psychology. January 1982.


_International Journal of Healing and Caring 2020, 20(2), 1-13_


_LifeWave X39 Pilot Demonstrates Light Triggered Changes_


**Authors’ details**

Melinda H. Connor, DD, PhD, AMP, FAM
Research Professor, Arizona School of Acupuncture and Oriental Medicine

Caitlin A. Connor, MAcOM, DAOM
Post Doctoral Diploma Candidate, Health Sciences Research, Rawley House, Oxford
University, UK

Naran Gombosuran, PhD
Global Operations manager, Serametrix/Caprion

Jens Eickhoff, PhD
Senior Scientist, Biostatistics & Medical Informatics, University of Wisconsin Madison
Leonard Pugh, MacOM
Research Assistant, Earthsongs Holistic Consulting

**Corresponding Author:**



13



**Dr. Melinda H. Connor, D.D., Ph.D., AMP, FAM** holds degrees
from Harvard University, Wellesley College, University of San
Francisco, American Military University, California Coast University
and University of Arizona. Dr. Connor was a National Institutes of
Health T-32 postdoctoral fellow and received her training as a
research scientist at the University of Arizona in the Program in
Integrative Medicine under Dr. Andrew Weil and Dr. Iris Bell. She is
the former director of the Optimal Healing Research Program at the
Laboratory for Advances in Consciousness and Health at the
University of Arizona, directed by Dr. Gary E. Schwartz.

Ordained as a Buddhist Priest, Dr. Connor has trained as a clinical psychologist and
neuropsychologist. A professor with appointments at multiple universities, Dr. Connor is board
certified and a fellow of the American Alternative Medicine Association. Dr. Connor has written
ten books. She has a private practice in Arizona and continues to present her research work at
conferences around the world.

31907 South Davis Ranch Rd, Marana, AZ 85658
melinda_connor@mindspring.com (520) 609-1765





_International Journal of Healing and Caring 2020, 20(2), 1-13_",2025-08-29 21:05:00.601876+00
study-b,"**International Journal of Research Studies in Medical and Health Sciences**
**Volume 6, Issue 5, 2021, PP 08-14**
**ISSN : 2456-6373**
**DOI: https://doi.org/10.22259/ijrsmhs.0605002**

# **Phototherapy Induced Metabolism Change Produced by the** **LifeWave X39 Non-transdermal Patch**


**Melinda H. Connor, D.D., Ph.D., AMP, FAM** **[*1]** **, Caitlin A. Connor, MAcOM, DAOM** **[2]** **,**


**Naran Gombusuren, Ph.D.** **[3]** **, Jens Eickhoff, Ph.D.** **[4]** **, Nathan Anderson, MACOM, LAc.** **[5]** **,**


**Marsha Perry, RN, MA** **[6]** **, Leonard Peugh, MAcOM** **[7]**


_1_ _Founder, Earth Songs Holistic Consulting_
_2_ _Post Doctoral Diploma Candidate, Health Sciences Research, Rewley House, Oxford University, UK_

_3_ _Global Operations Manager, Serametrix/Caprion_
_4_ _Senior Scientist, Biostatistics & Medical Informatics, University of Wisconsin Madison_

_5_ _Dean of Clinical Education, Arizona School of Acupuncture and Oriental Medicine_

_6_ _Study Manager, Earth Songs Holistic Consulting_
_7_ _Senior Research Assistant, Earth Songs Holistic Consulting_


_***Corresponding Author:**_ _Melinda H. Connor, D.D., Ph.D., AMP, FAM, Earth Songs Holistic_
_Consulting, 31907 South Davis Ranch Rd. Marana, AZ 85658, USA_


**ABSTRACT**


**Purpose:** _To determine X-39 patch impact in stimulation of Copper peptide biosynthesis and bio-available_
_amino acid levels, neurotransmitters production, memory, sleep quality, vitality, muscle relaxation and_
_blood pressure._


**Materials:** _Biography Infinity physiology suite: Heart rate variability (HRV), GSR, EMG, EKG, blood_
_volume pulse (BVP), temperature and respiration. Questionnaires: Marlow-Crowne, Global Mood Scale,_
_Pittsburg Sleep Quality Index, Arizona Integrative Outcomes scale. WAIS III memory test. Amino acid and_
_neurotransmitters testing of urine._


**Method:** _Subjects were recruited (age 40 - 81), consented, randomized and scheduled. Data taken day 1,_
_day 2, and day 7 except Marlow-Crowne taken day 1 and day 7._


**Results:** _Improvements in short term memory ``p < 0.001``, sleep quality ``p < 0.04``, vitality ``p < 0.03`` day 2 and_
_p<0.08 at day 7. Blood pressure change in VLF on day 7 at ``p < 0.02``, respiration on day 7 at ``p < 0.04``._
_Increase in amino acids: Creatinine, Normetanephrine, methionine, homocystine, isoleucine, glutamine,_
_cysteine, 5-hydroxytrytophane, β-aminobutyric-acid._


**Conclusion:** _The results of the double blind randomized controlled trial of 50 subjects with mean age 63_
_years, using the LifeWave non-transdermal X-39 phototherapy patch worn 8-12 hours per day for seven_
_days produced an increase in 8 amino acids at significant levels. The study showed, there was an_
_improvement in short term memory as measured by the WAIS III memory test at significant levels over 7_
_days, in Quality of Sleep at significant levels within 24 hours and a self reported increase in vitality at near_
_significant levels in 7 days as measured by the Arizona Integrative Outcomes scale._


_Our findings suggest this patch is not only stimulating the biosynthesis of copper-peptide production, but_
_also increases neurotransmitters production and improves metabolism. Additional studies could address_
_underlying mechanisms of action to the phototherapy process and longer periods of study might be explored_
_for additional potential physical changes and longevity of the demonstrated changes._


**Keywords:** _Photobiology, Photobiomodulation, Amino Acid, Metabolism_



**I** **NTRODUCTION**


The Lifewave X39 non-transdermal patch
focuses on stimulating the copper tripeptide
GHK- Cu [1,2,3]. “Copper tripeptide-1(GHKCu) is a small protein composed of the three
amino acids glycine, histidine, and lysine



combined in a specific geometric configuration
with the physiologically beneficial mineral
(copper)” [4]. The goal of this research was to
determine X-39 patch impact in stimulation of
Copper peptide biosynthesis and bio-available
amino acid levels, neurotransmitters production,
memory, sleep quality, vitality, muscle



**International Journal of Research Studies in Medical and Health Sciences V6 ● I5 ● 2021             8**


**Phototherapy Induced Metabolism Change Produced by the LifeWave X39 Non-transdermal Patch**



relaxation and blood pressure. This tripeptide
was first isolated from human plasma albumin
in 1973 by Dr. Loren Pickart. Pickart, noticed
differences in the levels of fibrinogen based on
age. He additionally noticed that these
differences stopped when the older liver cells
were incubated in blood from younger
individuals. “In 1977, David Schlesinger of the
Harvard University Chemistry Department
confirmed that the growth modulating peptide
isolated by Pickart was a glycyl-L-histidyl-Llysine peptide”[5]. It is interesting to note that
this peptide has also been found in saliva, urine,
and collagen. Additional research has
established the strong affinity the GHK peptide
has for copper, and exists in two forms, as this was
not covered in the initial experiment. These two
forms are GHK and GHK-Cu. It is also important
to mention that none of the research around GHK

has ever found it to cause an issue [4].


Research has identified that the peptide is used
to signal the beginning of the natural repair
process. This benefit has specifically been
documented through research for post-laser or
surgical wounds, ischemic, burns, skin or hair
transplants, and diabetic ulcers. “Diabetic
wounds healed three times faster in the presence
of Copper tripeptide-1. Time to reepithelialization is shortened” [4]. The tripeptide
has also been demonstrated to improve tissue
remodeling. “It increases keratinocyte
proliferation and normal collagen synthesis,
improves skin thickness, skin elasticity and
firmness, improves wrinkles, photodamage and
uneven pigmentation, improves skin clarity, and
tightens protective barrier proteins” [4]. This has
an impact on both scars and other effects of
damage to the skin, and natural aging processes.
The effects of tissue remodeling also appear to
have an impact on cancerous cells. “The fact
that GHK was able to suppress 70% of genes
involved in the development of an aggressive
metastatic form of colon cancer indicates that

GHK is capable of the regulation of various
biochemical pathways on a gene level and it
seems to be resetting the gene activity back to
health, which leads to the improvement of tissue
repair” [6].


GHK-Cu also has a demonstrated impact on
other organs in the body after they have been
damaged. “A collaborative study conducted by
scientists from Boston University, University of
Groningen, University of British Columbia, and
University of Pennsylvania established that the
GHK peptide reverses the gene expression
signature of COPD, which is manifested by



emphysema, inflammation, lung tissue
destruction, and significant reduction of lung
capacity” [6]. It is also important to note that
“…the level of GHK is about 200
ng/mL(10−7M) at age 20 and it declines to 80
ng/mL by age 60” [6]. This likely explains the
increasing effects of aging. It would also
suggest that increased levels over time of GHKCu would have a positive effect on both life
expectancy and aging.


While phototherapy has been defined as “the use
of ultraviolet (UV) light for its healing effects”

[7], the LifeWave patches have been
specifically developed to reflect light in the
infrared and visible light bands back onto the
skin where the patch has been placed. Supported
by normal electro-dermal skin conductance

[8,9], the human body gives off a number of
materials biochemically including particulate
release, gas emission, ultraviolet, infrared, near
infrared, and visible spectrum light. This then
stimulates the area of skin, producing improved
physiological effects. Variations on
phototherapy have been used for at least 100
years. In that time there has been little evidence
of negative side effects. This suggests that this is
a relatively untapped option for healing with
relatively few risks.


**M** **ATERIALS AND** **M** **ETHODS**


This study was done as a whole systems
research randomized controlled double blind

trial of 50 participants. Human studies ethics
approval for this research was given NFFEH 0331-19-02. Participants were recruited using
flyers, emails and radio announcements. A
sample of convenience drawn from those who
responded and met inclusion/exclusion criterion
of men and women age 40-81 with no major
mental health issues who were then randomized

into control and active groups via computer and
to patch placements (GV14, CV6). Patches used
in the trial were mailed prepackaged as groups
A and B and the blind was not broken until after

the statistical analysis was done. Participants
were scheduled for the same time each day for
each of the data points (day1/baseline, day2/24
hours, day 7). Participants were consented, and
data was taken in the following order:
questionnaires, urine sample, physiology
measures. On day one the participant was given
9 days supply of the patches for use in the study.
A one month supply of the active patch was
given at the end of the week's participation and
$20 toward the participants time and gasoline.



**9            International Journal of Research Studies in Medical and Health Sciences V6 ● I5 ● 2021**


**Phototherapy Induced Metabolism Change Produced by the LifeWave X39 Non-transdermal Patch**



The trial was conducted at the Arizona School

of Acupuncture and Oriental Medicine clinic in
Tucson, AZ.


**Non-transdermal Patch and Patch Placement**


All X39 patches are sealed so that none of the
substances in the patch actually penetrate the
skin. This allows for consistent patch promotion
of the light flow during the period of patch
application. There is sufficient evidence of
electrical-dermal response in orthopedic
research to use previously measured
acupuncture points as ""strategic conductors of
electromagnetic signals"" [10]. Two points were
selected for this research so the process of patch
placement could be standardized across the
participant population. Earlier studies of this
patch selected acupuncture/acupressure points
designated GV14 and CV6 [2, 3] and based on
pilot results, the same patch placement was
selected for consistency. Participants were
randomized by computer into groups and the
point usage was selected based on the
randomization.


**Metabolic Suite**


Sabre Sciences Inc. conducted the urine analysis
using their HPA1 metabolic panel using LCMS/MS tandem mass spectrometry. The
metabolic panel measures excreditory level of
amino acids and their metabolites, including
catecholaminergic, serotonergic, glutamatergic
pathways and metabolites, and trans-sulfuration
and histidine pathways. Three urine data points
were taken on each subject before 10am each of
baseline/day1, at 24 hours/day 2 and on day 7.
Samples were frozen and then shipped to the
Sabre Science laboratory in Carlsbad, CA each
day for analysis.


**Physiology Suite**


The Thought Technology Biography Infinity
physiology suite was used for six minute
measures of heart rate variability (HRV),
galvanic skin response (GSR), EMG, EKG,
blood volume pulse (BVP), temperature and
respiration at each data point.


**Questionnaires**


Questionnaires and memory test were
administered at each data point with the
exception of the Marlow-Crowne which was
administered day one and day seven.


_**Marlowe Crowne**_


The Marlowe Crowne is a 13 Item true/false

short likert scale that measures political



correctness. This instrument was selected to

confirm accuracy of the data. The instrument
takes about 2 minutes to do for most

participants. (Norming: [11].)


_**Pittsburg Sleep Quality Index**_


Normed by Cole et al (2006) this scale is a mix
of quantitative questions and five likert scale
questions 0-3 addressing the participants quality
of sleep.


_**Arizona Integrative Outcome Scale, Visual**_
_**Analogue Scale (AIOS-VAS)**_ _**for Vitality**_


The AIOS- VAS (Normed: [12]) rates subject’s
“overall sense of well-being and vitality.” It
uses a 100mm one-line visual analogue scale on
which the participant notes their sense of well
being with an x on the line.


_**WAS III memory sub-test**_


A subsection of the WAS III was administered

which looks at the level of short, mid and longer
term memory. The test was administered
concurrent to the filling out of other
questionnaires. Ten numbers which were taken
from a randomized list were repeated without
inflection three times to each participant.
Participants were asked to immediately repeat
the numbers back at the end of the third

repetition, then again asked to repeat the
numbers back at 10 minutes and at twenty
minutes. Count was taken of the number of

correct digits in the order originally given.
Count was stopped when an error in the order
was made.


_**Global Mood Scale**_


Denollet normed the Global Mood Scale in

1993. It includes a twenty item, five factor likert
scale that assesses participants current mood and
a one item, ten factor likert scale assessing well
being at the current moment. It was selected
both as a redundant measure comparison to the
AIOS-VAS and an overall assessment of mood.


**Statistical Analysis**


All data results were entered into spread sheets
and they were then analyzed for significant
results. Questionnaires were analyzed for mean
and standard deviation and stratified by
assessment time point. Paired t-test or
nonparametric Wilcoxon Signed Rank tests
were then done. Physiology measures were
summarized stratified across the 6 study epochs
looking at means and standard deviation. Pre post changes were evaluated using a paired ttest. Distribution assumptions were then verified



**International Journal of Research Studies in Medical and Health Sciences V6 ● I5 ● 2021            10**


**Phototherapy Induced Metabolism Change Produced by the LifeWave X39 Non-transdermal Patch**



using normal probability plots. The values for p
are two-sided and statistical significance was
defined as ``p < 0.05``. The metabolic analysis
included stratification by assessment point and
summary means and standard deviation.
Analysis was done including changes from
baseline to day 2, day 2 to day 7 and day 1 to
day 7. These were evaluated using Paired t-test
or nonparametric Wilcoxon Signed Rank tests.


**R** **ESULTS AND** **D** **ISCUSSION**


This was a double blind randomized controlled

trial with a sample of convenience and which
had a seven day intervention period. While this
was a sample of convenience participants were
recruited through five different methods
including: radio announcements, email, posting
in cafe's and at university center's, prior study
participant announcement lists and through area
community groups. So while this could be
considered a study weakness, the range of
recruiting methods insured a diversity of
population who decided to participate. There
were 26 individuals in the Active group and 24
in the Control group, with an overall mean age
of 63 and a range of 40-81 years. The Active
groups mean age matched the overall mean,
while the Control group was slightly lower at 62
years. Despite the limitations of smaller
participant sample size (N=50) in this study,
there were several interesting significant
changes, as well as some changes of near
significance within the study test results. There
were two adverse events, where two individuals
in the study had headaches while using the
patches. These headaches took place during
monsoon season, and both were individuals who
had a previous history of barometric pressure
triggered migraine headaches. The IRB
reviewed the cases and determined that they
were both consistent with the individuals past



history and had nothing to do with the product.
Two individuals were also dropped from the
study when they did not complete the study

visits.


The specific impact of research location should
also be recognized. Aside from the barometric
pressure effects of monsoon season, this study
largely took place over the summer in Arizona.
This meant that participant hydration was a
constant issue, especially with the necessity of a
urine sample. As such, it was determined that

water had to be available and was offered to

each participant at the beginning of each study
appointment. Included are the significant and
some near significance findings for the
LifeWave non-transdermal X39 phototherapy
patch.


The urine analysis data showed an increase in
amino acids: Creatinine, Normetanephrine,
methionine, homocystine, isoleucine, glutamine,
cysteine, 5-hydroxytrytophane, β-aminobutyricacid. These are important findings as branched
chain amino acids like isoleucine, which is
constantly oxidized in muscle, methionine and
homocystine, are major ingredients of transsulfuration pathway. This pathway is
responsible for methyl donor S-adenosylmethionine (SAMe) production. SAMe is
readily donates methyl groups to other
substances, enabling cardiovascular,
neurological, reproductive and detoxifying
systems. 5-hydroxytrytophane is major building
block of important neurological monoamine
neurotransmitter, serotonin, which later
methylates into melatonin, and is a main
hormone which regulates sleep-wake cycle.
Normetanephrine is a norephinephrine break
down product in dopamine pathway and is
major hormone of neuromodulatory system.



**Table 1:** _Comparisons of amino acid concentrations between Control group vs. Active group at day baseline_
_(1), day 2 (2) and day 7 (7)_ _All amino acids concentration results were summarized in terms of means and_
_standard deviations (SD), stratified by group (Control vs. Active) and assessment time point (1, 2, 7). Absolute_
_changes from baseline (1) to 2 and baseline (1) to 7 were evaluated using a paired t-test or nonparametric_
_Wilcoxon signed rank test. All reported p-values are two-sided._

|Parameter|Unit|Day|Control group Mean (SD)|Active group Mean (SD)|p-value|
|---|---|---|---|---|---|
|Creatinine|mg/ml|1|147.7 (69.7)|88.2 (52.7)|0.002|
|Creatinine|mg/ml|2|159.5 (67.9)|82.7 (50.6)|0.000|
|Creatinine|mg/ml|7|147 (77)|104 (62.2)|0.040|
|Normetanephrine|mg/g-c|2|66.5 (32.4)|93.1 (49.7)|0.036|
|Normetanephrine|mg/g-c|7|68.9 (37)|97.7 (52)|0.036|
|Methionine|mmol/g|1|7.4 (3.6)|10.3 (6.4)|0.066|



**11            International Journal of Research Studies in Medical and Health Sciences V6 ● I5 ● 2021**


**Phototherapy Induced Metabolism Change Produced by the LifeWave X39 Non-transdermal Patch**


**Table 2:** _Comparisons of absolute changes in amino acid concentrations from baseline (1) to day 2 and_
_baseline (1) to day 7 between Control group vs. Active group_

|Col1|Col2|Col3|Control group|Col5|Active group|Col7|Col8|
|---|---|---|---|---|---|---|---|
|**Parameter**|**Unit**|**Day**|**Mean (SD)**|**p-value**~~**1**~~|**Mean (SD)**|**p-value**~~**1**~~|**p-value**~~**2**~~|
|Epinephrine|mg/g-c|2|-1.8 (4.1)|0.054|0.9 (5.9)|0.464|0.083|
|Normetanephrine|mg/g-c|2|-8.2 (32.7)|0.255|9.9 (29.3)|0.097|0.049|
|Homocystine|mmol/g|2|0.1 (0.5)|0.234|0.4 (0.7)|0.010|0.180|
|β-aminobutyric-acid|mmol/g|2|5.5 (40.2)|0.524|14.9 (33.4)|0.032|0.384|
|Isoleucine|mmol/g|2|0.7 (4.9)|0.495|2.2 (5.1)|0.037|0.310|
|Glutamine|mmol/g|2|0.9 (75.9)|0.956|33.4 (83)|0.051|0.166|
|5-hydroxytryptophane|mg/g-c|7|-0.3 (24)|0.954|11.3 (28.3)|0.058|0.140|
|Cysteine|mmol/g|7|0.4 (33.2)|0.953|10.1 (24.2)|0.047|0.255|



_1_ _:p-pvalue for evaluating changes from baseline to 2 and baseline to 7 within each arm_



_2_ _:p-value for comparing changes from baseline to 2 and 7 between arms_

All questionnaire scores were summarized in terms of means and standard deviations (SD), stratified by group (Control vs. Active) and
assessment time point (1, 2, 7). Absolute
changes from baseline (1) to day 2 and baseline
(1) to day 7 were evaluated using a paired t-test significant
or nonparametric Wilcoxon signed rank test. All
reported p-values are two-sided.




- Marlow-Crowne (total score)

- AIOS-VAS (total score)



Questionnaire outcomes:


- WAIS III (three subscales #Short, # Mid,
#Long)

- Global Mood Scale (two subscale: Positive
Affect (PA), Negative Affect (NA))

- Pittsburgh Sleep Quality Index (total score –
higher score indicates worse sleep quality)



Within the questionnaire results the shifts in
sleep were particularly interesting, as they were
significant in both groups, in opposite
directions. The Active group had a significant
improvement in sleep, and the control group had
a significant decline in sleep. Vitality also
showed a particularly interesting shift, with
significant improvement within 24 hours which
dropped slightly at day 7. The Global mood
scale showed a change in negative affect in both
groups. Additionally the Marlow-Crowne
showed no significance so that responses on the
questionnaires were not as a result of the desire
to provide socially correct or desired answers.



**Table 3:** _Significant and almost significant WAIS III scores between baseline (1) and day 7 (7)_

|Subscale|Day|Control group Mean (SD)|Active group Mean (SD)|p-value|
|---|---|---|---|---|
|#Short|7|9 (1.3)|6.5 (2.6)|<0.001|
|#Mid|7|7.3 (2.3)|6 (2.7)|0.098|



**Table 4:** _Comparisons of significant absolute changes in GMS subscale scores (PA-Positive Affect, NA-_
_Negative Affect) from baseline (1) to day 2 and baseline (1) to day 7 between Control group vs. Active group_

|Col1|Col2|Control group|Col4|Active group|Col6|Col7|
|---|---|---|---|---|---|---|
|**Subscale**|**Day**|**Mean (SD)**|**p-value**~~**1**~~|**Mean (SD)**|**p-value**~~**1**~~|**p-value**~~**2**~~|
|GMS-NA|2|-3 (4.7)|0.008|-2.2 (5.3)|0.067|0.576|



_1_ _:p-pvalue for evaluating changes from baseline to 2 and baseline to 7 within each arm_

_2_ _:p-value for comparing changes from baseline to 2 and 7 between arms_

**Table 5:** _Comparisons of significant absolute changes in PSQI total scores from baseline (1) to day 2 and_
_baseline (1) to day 7 between Control group vs. Active group_

|Col1|Col2|Control group|Col4|Active group|Col6|Col7|
|---|---|---|---|---|---|---|
|**Total Score**|**Day**|**Mean (SD)**|**p-value**~~**1**~~|**Mean (SD)**|**p-value**~~**1**~~|**p-value**~~**2**~~|
|PSQI Total Score|2|-1.4 (2.3)|0.049|0.2 (1.6)|0.646|0.042|



_1_ _:p-pvalue for evaluating changes from baseline to 2 and baseline to 7 within each arm_

_2_ _:p-value for comparing changes from baseline to 2 and 7 between arms_


**Table 6:** _Comparisons of Marlow-Crowne scores between Control group vs. Active group at time baseline (1)_
_and day 7 (7)_

|Total Score|Day|Control group Mean (SD)|Active group Mean (SD)|p-value|
|---|---|---|---|---|
|Marlow-Crowne|1|15.8 (6.6)|15.9 (5.4)|0.920|
|Marlow-Crowne|7|14.9 (6.3)|14.7 (6.7)|0.887|



**International Journal of Research Studies in Medical and Health Sciences V6 ● I5 ● 2021            12**


**Phototherapy Induced Metabolism Change Produced by the LifeWave X39 Non-transdermal Patch**


**Table 7:** _Comparisons of AIOS-VAS scores between Control group vs. Active group at time baseline (1), day 2_
_(2) and day 7 (7)_

|Total Score|Day|Control group Mean (SD)|Active group Mean (SD)|p-value|
|---|---|---|---|---|
|AIOS-VAS|1|73.2 (11.3)|58.6 (24.4)|0.039|
|AIOS-VAS|7|76.4 (14.5)|64.5 (24.3)|0.086|



Physiological measures showed significant normalization in blood pressure in VLF ``p < 0.02`` and near
significance in LF ``p < 0.09`` and power ``p < 0.06``. Average respiration became deeper by day 7 at ``p < 0.04``
and neck and shoulder muscles showed improved relaxation effects by day 7 at ``p < 0.08``.


**Table8:** _Summary of significant and near significance physiological parameters, stratified by time (day) and_
_group._ _Since the physiology parameters were non-normally distributed, all parameters were summarized in_
_terms of medians and interquartile ranges (IQR). Changes from run 1 (baseline) to run 3 were evaluated using a_
_nonparametric Wilcoxon signed rank test. Comparisons between groups were conducted using a nonparametric_
_Wilcoxon rank sum test. All reported p-values are two-sided and ``P < 0.05`` was used to define statistical_
_significance._

|Col1|Col2|Col3|Control group|Active group|Col6|
|---|---|---|---|---|---|
|**Source**|**Parameter**|**Day**|**Median (IQ1)**|**Median (IQ1)**|**p-value**~~**2**~~|
|B:BVP|VLF|7|217.9 (65.4-431.4)|57.4 (18.7-147.2)|0.0262|
|B:BVP|LF|7|194.5 (89.1-1122.4)|99.1 (45.5-167.5)|0.0976|
|B:BVP|Power|7|503.9 (295.5-1651.5)|238.1 (132.3-665.1)|0.0677|
|Resp.Rate|Average†|7|14.6 (13.7-14.9)|13.6 (11.9-14.2)|0.0490|
|C:EMG|Average†|7|15.1 (10-40.4)|7.8 (4.9-25.8)|0.0866|



_1_ _: IQR: Interquartile range (25_ _th_ _to 75_ _th_ _percentile)_



_2_ _: P-value for comparison between Control group vs. Active group_

_Average†: Average across Epoch 1-6_

A comparison of this studies results with the
pilot study showed some interesting differences.
The first was the change in the level of
significance in memory improvement. While the
pilot study showed a near significant
improvement in short-term memory, the double
blind showed very clear significance, ``p < 0.001``,

**C**

as well as near significance in mid-term
memory. It would be very interesting to see if
this improvement continued to strengthen with a
longer intervention period or a population with a
mean age of 70+.

Of note, was the difference in which amino
acids were significant between the pilot and the
current study. The amino acids which has
significance were further down the
catecholaminergic, serotonergic, and
glutamatergic pathways that the significant
findings of the pilot study. This may be due to
the difference in median age, with the double
blind having an older median population or may
be due to utilization by the body when higher
concentrations of the amino acids were available

for use. It should also be noted that while we

saw more prevalent amino acid changes tied to
antioxidant events in the pilot study, the data
from the double blind shows an overall

rebalancing of the gut and overall improvement
in gut performance.



It would be interesting to determine how long
and at what continuing rate changes to gut



performance, physiological and overall wellness
support would be produced by wearing the
LifeWave X-39 patch. Longer periods of study
such as six to twelve weeks including
comprehensive blood and metabolism testing
might be considered in the future.


**C** **ONCLUSION**

The results of the double blind randomized
controlled trial of 50 subjects on the LifeWave
non-transdermal X-39 phototherapy patch worn
for 8-12 hours per day for seven days produced
an increase in 8 amino acids at 10 significant
levels over the 3 time periods. There was
additional increase in 3 amino acids at near

significance. These specific changes served to
rebalance the gut toward a positive homeostatic
balance. There was an increase in short term

memory as measured by the WAIS III memory
test at significant levels over 7 days. There was
an improvement in Quality of Sleep at
significant levels within 24 hours and a self
reported increase in vitality at near significant
levels in 7 days as measured by the Arizona
Integrative Outcomes scale. Given the mean age
of the population at 63 years this is a substantial
improvement in overall quality of life.
Additional studies could address underlying
mechanisms of action to the phototherapy
process and longer periods of study might be
explored for additional potential physical
changes.



**13            International Journal of Research Studies in Medical and Health Sciences V6 ● I5 ● 2021**


**Phototherapy Induced Metabolism Change Produced by the LifeWave X39 Non-transdermal Patch**



**A** **CKNOWLEDGMENTS**


Funding for the study was provided by:
LifeWave Corp.


All author salaries for the research were

provided by LifeWave. No author has a
commercial interest in the company of any kind.


**R** **EFERENCES**


[1] Connor, C., Connor, M., Yue, D., Eickhoff, J.,

Wagner, S., et al. (2021) Double-Blind Testing
of the Lifewave X39 Patch to Determine GHKCu Production Levels. Internal Med Res Open J
Volume 6(1):1-3.

[2] Connor, C., Connor, M ., Yue, D., Chang, CL.,

Eickhoff, J., Wagner, S. ""Changes in
Tripeptides Produced by the LifeWave X-39
patch"", International Journal of Healing and
Caring Online, May 3, 2020

[3] Connor, M., Connor, C., Gombosuren, N.,

Eickhoff, J., ""LifeWave X39 Pilot
Demonstrates Light Triggered Changes"",
International Journal of Healing and Caring
Online, May 2020

[4] DeHaven, C., (2014) Copper Tripeptide-1.

Science of Skincare.

[5] Schlesinger, DH; Pickart, L; Thaler, MM

(1977). ""Growth-modulating serum tripeptide is
glycyl-histidyl-lysine"". Cellular and Molecular
Life Sci **33** [(3): 324–325. doi:10.1007/BF0200](https://en-academic.com/dic.nsf/enwiki/238842)
2806.




[6] Pickart, L., Vasquez-Soltero, J., Margolina, A.

(2015) GHK Peptide as a Natural Modulator of
Multiple Cellular Pathways in Skin
Regeneration. Hindawi Publishing Corporation
BioMed Research International Volume 2015,
Article ID 648108, 7 pages
[http://dx.doi.org/10.1155/2015/648108.](http://dx.doi.org/10.1155/2015/648108)

[7] Kakimoto, C., (2017) What is phototherapy,

and how does it work? https://www.
dermatologistoncall. com/blog/what-isphototherapy-and-how-does-it-work/

[8] Flick, A. B., “Silver and Wound Healing”,

CAM Research Symposium, Hershey Medical
School, Hershey PA, July 2004.

[9] Becker, R., Selden, G., “The Body Electric”,

William Morrow Pub., New York, NY, 1985.

[10] Feinstein, D., “Rapid Treatment of PTSD: Why

Psychological Exposure with Acupoint Tapping
May Be Effective”, Psychotherapy: Theory,
Research, Practice, Training. 47(3), 385-402,
2010, American Psychological Association.

[11] Reynolds, W. (1982) Development of reliable

and valid short forms of the Marlowe-Crowne

Social Desirability Scale. Journal of Clinical
Psychology. January 1982.

[12] Bell, I., Cunningham, V., Caspi, O., Meek, P.,

Ferro, L., (2004) “Development and validation
of a new global well-being outcomes rating
scale for integrative medicine research.” BMC
Complementary and Alternative Medicine.
2004; 4: 1.



**Citation:** _Melinda H. Connor et al, “Phototherapy Induced Metabolism Change Produced by the LifeWave_
_X39 Non-transdermal Patch”, International Journal of Research Studies in Medical and Health Sciences._
_2021; 6(5):8-14._ _DOI: https://doi.org/10.22259/ijrsmhs.0605002_


**Copyright:** _© 2021 Melinda H. Connor et al,_ _This is an open-access article distributed under the terms of_
_the Creative Commons Attribution License, which permits unrestricted use, distribution, and reproduction in_
_any medium, provided the original author and source are credited._


**International Journal of Research Studies in Medical and Health Sciences V6 ● I5 ● 2021            14**",2025-08-29 21:05:00.9603+00
auricular-acupressure-for-weight-reducation-in-obese-asian-young-adults-a-randomized-controlled-trial,"**MEDICAL ACUPUNCTURE**

Volume 19, Number 4, 2007
© Mary Ann Liebert, Inc.
DOI: 10.1089/acu.2007.0542

# Auricular Acupressure for Weight Reduction in Obese Asian Young Adults: A Randomized Controlled Trial


Ching Hsiu Hsieh, BSN


**ABSTRACT**


**Background:** Treatment options for obesity include calorie reduction, increased activity, behavior modification, pharmacotherapy, and surgery. Alternative options such as ear acupuncture may be effective adjunct ther
apy.
**Objective:** To test the efficacy of auricular acupressure for weight reduction in overweight and obese young
adults.

**Design, Setting, and Participants:** An 8-week randomized controlled trial of 55 young Asian adults (18–20
years) with a body mass index (BMI) of 23 or higher (the cutpoint for overweight in Asians set by the World
Health Organization).
**Intervention:** All participants met once weekly for 10 minutes. Ear acupressure treatment was administered
weekly for 8 weeks (10 minutes per session): the control group had adhesive tape placed on the ear acupoints
only while the experimental group had Japanese Magnetic Pearls placed on the ear acupoints using adhesive
tape to hold them in place.
**Main Outcome Measure:** Change in BMI from baseline to trial completion.
**Results:** Control group BMI increased significantly from baseline by 0.05 ( _P_  .001) and the acupressure group
BMI decreased significantly from baseline by 0.70 ( _P_  .001).
**Conclusion:** Auricular acupressure using Japanese Magnetic Pearls could be used to decrease BMI in young
adults.


**Key Words:** Auricular Pressure Therapy, Weight Reduction, BMI, Obesity, Randomized Controlled Trial



**INTRODUCTION**


According to an NHANES study (National Health and Nutrition Examination Survey), overweight adolescents have a
70% chance of becoming overweight or obese adults. If one
or both parents are overweight or obese, this risk increases to
80%. [1] To prevent obesity, strategies should target young
adults. Special prevention strategies might focus on ethnic
groups at highest risk for becoming obese by their mid-30s. [2]

Obesity is becoming more prevalent globally. It remains


Yuan-Pei University, Hsinchu, Taiwan.



a major critical public health problem in industrialized countries [3] because of its association with multiple chronic disorders, including hypertension, dyslipidemia, insulin resistance, hyperinsulinemia, diabetes mellitus, gallbladder
disease, osteoarthritis, some cancers, and increased mortality. [2–5] Also, the prevalence of social problems among obese
adolescents is quite high, and these social problems are predictive of both short-term and long-term psychological outcomes. [6]


Overweight and obesity are identified according to the



**181**


**182** **HSIEH**



classification adopted by the World Health Organization
(WHO). Body mass index (BMI, measured as weight in kilograms divided by height in meters squared) is widely used
among adults as a measure of adiposity, with a BMI greater
than 25 being indicative of overweight and a BMI greater
than 30 being indicative of obesity. [7,8] However, a WHO
consultation on BMI for Asian populations (which met in
Singapore in 2002) focused exclusively on issues related to
overweight and obesity. The WHO suggested Asian populations use BMI greater than 23 to define overweight and
BMI greater than 27.5 to define obesity. In this article, BMI
is classified according to those criteria. [8,9]

In the field of Traditional Chinese Medicine (TCM), practitioners believe that acupuncture works to modify central
nervous system neurotransmitter levels by stimulating acupoints. [10,11] Auricular acupuncture therapy has been used
worldwide to treat addiction. [11–15] The points in the human
body where acupuncture can be applied are the channels that
the spirit passes through and are the acupuncture sites. [16] The
veins and arteries of the ear connect the internal organs of
the whole body. [17,18]

Auricular acupuncture therapy is the method most often
used for the treatment of obesity. [19] Research shows that the
most common acupuncture points for treating obesity are
Shenmen, Mouth, Stomach, Endocrine points, and Small intestine. Stimulating the Shenmen point can lead participants
to become calmer and can lead to sedation. Auricular of

Mouth point can reduce the strong angry feeling and treat
oral ulcer. The Stomach and Endocrine on the ear point can
restrain appetite and eliminate the feeling of hunger (satiety
and fullness), and then achieve the effect of losing
weight. [3,5,16–23] The Small Intestine point can treat dyspepsia and then achieve the effect of losing weight. [17]

This study was a randomized controlled trial designed to
test the effectiveness of auricular acupressure interventions
(Japanese Magnetic Pearl on a small adhesive tape) for



weight reduction in Asian young adults with a BMI of 23

or greater.


**METHODS**


**Demographics and Study Design**


This study used a randomized design including a control
group and experimental. The sample consisted of 70 participants who were between 18 and 20 years old.
Ethics approval was obtained from the Yuan-Pei University Human Research Ethics Committee and informed
consent was obtained from each participant prior to study
enrollment.


**Intervention**


Participants were then randomly placed into 1 of 2
groups. Both groups received health education regarding
consuming a reduced-calorie diet, increasing activity levels, and making lifestyle modifications. The control group
received a small adhesive only on the acupoints. The experimental group had added Japanese Magnetic Pearl for
acupressure on the acupoints. The points for treating obesity on the ear are Shenmen, Mouth, Stomach, Endocrine
points, and Small Intestine. The weight-reduction program
extended over 8 weeks. All participants met once weekly
for 10 minutes. Body mass index (BMI) was measured each
week.


**Statistical Analysis**


Data were analyzed using the SPSS General Linear MixEffect Model (GLMM) guided variables inferences at individual levels and appropriated for continuous outcomes



T ABLE 1. M EAN D IFFERENCE OF BMI FROM B ASELINE TO THE C OMPLETION OF THE I NTERVENTION ( _N_  55)


_Control group_ _Acupressure group_

_Change_
_from_ _BMI mean_ _BMI mean_
_baseline_ _difference_ _t_ _P value_ _difference_ _t_ _P value_


Week 1 0.02 11.7 .000 0.08 2.7 .008

Week 2 0.003 8.3 .000 0.15 1.9 .7

Week 3 0.006 6.8 .000 0.15 1.3 .19

Week 4 0.01 7.6 .000 0.3 0.32 .75

Week 5 0.03 6.9 .000 0.4 0.89 .37

Week 6 0.05 6.6 .000 0.5 0.68 .50

Week 7 0.02 5.4 .000 0.6 0.32 .75
Study end 0.05  .001 0.7  .001
(Week 8)


Abbreviation: BMI, body mass index, calculated as weight in kilograms divided by height in meters squared.


**A RANDOMIZED CONTROLLED TRIAL** **183**



(SPSS Inc, Chicago, IL). For estimates of dependent variable, each group and each time (week) were also repeated
for significance; _P_  .05 was set a priori as the threshold
for significance.


**RESULTS**


After 8 weeks of auricular therapy, the total sample of
this study had 55 participants: 15 withdrew for a variety of
reasons and are not included in the final analysis. There were
28 participants in the control group and 27 in the acupressure group. The breakdown of study participants by gender
is as follows: 26/28 women in the control group and 24/27
women in the acupressure group (women comprised 91% of
the sample).
After 8 weeks of ear acupressure treatment, BMI increased
significantly in the control group by 0.05 ( _P_  .001). This
indicated that continuous ear acupressure treatment with adhesive only on the acupoints could not decrease BMI after
8 weeks (Table 1).
In the experimental group, BMI decreased significantly
by 0.7 ( _P_  .001). There was a nearly statistically significant BMI result in the second week, which indicated that
participants who received continuous ear acupressure treatment with Japanese Magnetic Pearl could decrease BMI.
However, there were many statistically nonsignificant BMI
results in the third through seventh weeks (Table 1).


**DISCUSSION**


The present study results showed that after 8 weeks of
ear acupressure treatment by Japanese Magnetic Pearls, the
average BMI decreased significantly. Other studies support
this finding. For example, in a 4-week ear acupuncture study,
the mean (SD) weight loss was 4.0 (1.4) kg ( _P_  .05) in
the treatment group. [23] In a study of 21 obese patients using
various auricular points for treatment periods ranging from
2–6 weeks, mean (SD) weight loss was 3.3 (1.9) kg (range,
1–7.3 kg). [18]


**CONCLUSIONS**


Reduction of body weight and decreasing the prevalence
of obesity is an important and urgent issue. [24] This study’s
sample size is similar to that in previous research, which
reached similar conclusions. One limitation is that participants were predominantly female. Thus, future work should
work to balance participants’ sex, with further studies involving much large groups.
In this study, auricular acupressure using Japanese Magnetic Pearls decreased BMI after 8 weeks. However, there



was no statistically significant result from the first through
seventh weeks. Therefore, long-term treatment and followup are also necessary for further study.


**REFERENCES**


1. National Health and Nutrition Examination Survey
(NHANES) 1999–2000. Hyattsville, MD: US Dept of Health
and Human Services, Centers for Disease Control and Prevention, National Center for Health Statistics; 2002.

2. National Center for Chronic Disease Prevention and Health

Promotion (2004). _Defining Overweight and Obesity._
http://www.cdc.gov/nccdphp/dnpa/obesity/defining.htm. Accessed July 28, 2004.
3. Ginsberg-Fellner F, Jagenforf LLA, Carmel H. Overweight
and obesity in preschool children in New York City. _Am J Clin_
_Nurs_ . 1981;34:2236–2241.
4. Lei ZP. Treatment of 42 cases of obesity with acupuncture.
_J Tradit Chin Med_ . 1998;8(2): 125–126.
5. Lin JG, Lin JC, Sa LS. The effect of an ear acupuncture treatment on lactate after exercise. _J Chin Med University._
1994;3(2):63–67.
6. Janseen I, Craig WM, Boyce WF, Pickett W. Associations between overweight and obesity with bullying behaviors in
school-aged children. _Pediatrics._ 2004;113(5):1187–1194.
7. National Center for Health Statistics. Prevalence of overweight
among children and adolescents: United States, 1999–2000.
http://www.cdc.gov/nchs/products/pubs/pubd/hestats/overweight99.htm. Accessed July 28, 2004.
8. WHO Expert Consultation. Appropriate body-mass index for
Asian populations and its implications for policy and intervention strategies. _Lancet._ 2004;363:157–163.
9. WHO Expert Committee. _Physical Status: The Use and Inter-_
_pretation of Anthropometry_ . Geneva, Switzerland: WHO; 1998.
10. Oleson T. _Auriculotherapy Manual: Chinese and Western Sys-_
_tems of Ear Acupuncture_ . 2nd ed. Los Angeles, CA: Health
Care Alternatives; 1996.
11. Oleson T. Differential application of auricular acupuncture
for myofascial, autonomic, and naturopathic pain. _Medical_
_Acupuncture_ . 1998;9:23–28.
12. Oleson T. Auriculotherapy stimulation for neuro-rehabilitation. _NeuroRehabilitation_ . 2002;17:49–62.
13. Vickers A, Zollman C. ABC of complementary medicine:
acupuncture. _BMJ._ 1999;319:973–976.
14. Mitchell ER. Fighting drug abuse with acupuncture: thru treatment that works. Berkeley, CA: Pacific View Press; 1995.
15. Frank BL, Soliman N. Obesity treatment through auricular
therapy and auricular medicine. _Medical Acupuncture_ .
2001;14 (1).
16. Chuang MH. _The effectiveness of acupressure in the im-_
_provement of dysmenorrhea_ [thesis]. Taipei: National Yang
Ming University; 2001.
17. Oleson T, Kroening R. A comparison of Chinese and Nogier
auricular acupuncture points. _Am J Acupuncture._ 1983;11:
205–223.

18. Soong YS. The treatment of exogenous obesity employing auricular acupuncture. _Am J Chin Med_ . 1975;3:285–287.


**184** **HSIEH**



19. Stux G, Pomeranz B. _Basics of Acupuncture_ . 4th ed. Berlin,
Germany: Springer-Verlag; 1998.
20. Mazzoni R, Mannucci E, Rizzollo SM, Ricca V, Rotella CM.
Failure of acupuncture in the treatment of obesity: a pilot study.
_Eat Weight Disorder._ 19994:198–202.
21. Shafshak TS. Electroacupuncture and exercise in body weight
reduction and their application in rehabilitating patients with
knee osteoarthritis. _Am J Chin Med_ . 1995;23:15–25.
22. Steiner RP, Kupper N, Davis AW. Obesity and appetite control: comparison of acupuncture therapies and behavior modification. Proceedings of the International Forum on Family
Medicine Education. Kansas City, MO: Society of Teachers
of Family Medicine; 1983:313–326.



23. Richards D, Marley J. Stimulation of auricular acupuncture
points in weight loss. _Aust Fam Physician._ 1998;27:73–77.
24. Ripp JM, Hess S. The role of physical activity in the prevention
and management of obesity. _J Am Diet Assoc._ 1998;98:31–38.


Address correspondence to:
_Ching Hsiu Hsieh, RN, BSN, Master of TCM, EDD_
_Department of Nursing, Yuanpei University_
_306 Yuanpei Street_
_Hsinchu City, 300 Taiwan_


_E-mail:_ chinghsiuh@yahoo.com",2025-08-29 21:05:01.469811+00
acupressure-and-mental-clarity,"5


6


|JOURNAL OF CHINESE MEDICINE NUMBER 70 OCTOBER 2002|Col2|
|---|---|
|**Stimulation of acupuncture points on the arm**ChassidicAshkenaziSefardSefardimLU-3XXXXHE-3XXXLU-5XXXSI-7XXXXLI-6XXXXLI-7XXXXLU-7XXXXHE-7XXXXLU9XXX|**Stimulation of acupuncture points on the head**ChassidicAshkenaziSefardSefardimDU-24XXXXDU-23XXXXDU-16XXXX|
|**Stimulation of acupuncture points on the arm**ChassidicAshkenaziSefardSefardimLU-3XXXXHE-3XXXLU-5XXXSI-7XXXXLI-6XXXXLI-7XXXXLU-7XXXXHE-7XXXXLU9XXX||
|**Stimulation of acupuncture points on the arm**ChassidicAshkenaziSefardSefardimLU-3XXXXHE-3XXXLU-5XXXSI-7XXXXLI-6XXXXLI-7XXXXLU-7XXXXHE-7XXXXLU9XXX|**Stimulation of acupuncture points on the hand**ChassidicAshkenaziSefardSefardimSI-3XXXXL.I.-4XXXXPericardiumXXXX|
|L.I.-4 and the Pericardium channel (from wrapping themiddle finger) always have more stimulation than others.Also, wrist points including Taiyuan LU-9 and ShenmenHE-7 receive stronger pressure compared to the other pointson the body of the forearm. Thus a more honed formula ofthe more significant points is as follows:_Chassidic_: Tianfu LU-3, Fengfu DU-16, Lieque LU-7, ShenmenHE-7, Taiyuan LU-9, Houxi SI-3, Hegu L.I.-4, Pericardiumchannel._Ashkenazi_: Tianfu LU-3, Fengfu DU-16, Lieque LU-7, ShenmenHE-7, Houxi SI-3, Hegu L.I.-4, Pericardium channel._Sefard_: Tianfu LU-3, Fengfu DU-16, Lieque LU-7, ShenmenHE-7, Taiyuan LU-9, Houxi SI-3, Hegu L.I.-4, Pericardiumchannel._Sefardim_:Tianfu LU-3, Fengfu DU-16, Lieque LU-7, ShenmenHE-7, Taiyuan LU-9, Houxi SI-3, Hegu L.I.-4, Pericardiumchannel.Note that there is essential agreement and overlap be-tween the honed point prescriptions called for by the fourdifferent tefillin wrapping techniques. The only differenceis that the the Ashkenazi style excludes Taiyuan LU-9. Thisshould have little clinical significance, given the scope ofthe remaining points in the formula.**_Point and channel discussion_**• The Governing Vessel (Du Mai) is an extra-ordinarymeridian that runs up the spine and penetrates the brain. Itis well known for its ability to treat psychiatric disordersand influence the mind8. The Spiritual action of points onthe Governing vessel can be explained because it has theclosest relationship with the brain, which, according to pre-Inner Classic and later Daoist traditions is considered to bethe seat of the spirit. A further connection of the GoverningVessel to Spirit is found from its anterior pathway, whichdirectly connects it to the more traditional home of Spirit,the Heart.• _Fengfu DU-16_(Wind Mansion) is also known as Gui Zhen,which translates as Ghost Pillow9. It has also a point in theWindow of Heaven category10. According to channel theory,Fengfu DU-16 is where the Governing vessel penetrates thebrain. It is one of two points (the other being Baihui DU-20)that directly nurture the brain and spinal cord. The thera-peutic scope of Fengfu DU-16 is quite wide and it is knownto strongly benefit both concentration and memory. It alsotreats dizziness, stroke, aphasia and headache. In psychoticpatients, it reduces the desire for suicide and for self-mutilation. Fengfu DU-16 is also is a point on Yang Linkingvessel that connects all heavenly rising Yang energy.• _Shangxing DU-23_ (Upper Star) is also known as Gui Tangwhich translates as Ghost Hall. It treats psychosis, head-aches, and nearsightedness. It is also the root of the sinusand is very effective in treating loss of smell. Since theolfactory nerve is the first of the 12 cranial nerves, its use inthis manner clearly indicates a profound effect on the brain.• _Shenting DU-24_ (Spirit Court) is also known as Tianting(Courtyard of Heaven) calms the mind and balances thespirit. It can be used to treat any mental disease11. Like otherpoints of the Governing vessel, it has a strong action oncalming the spirit and treating epilepsy and other maniadisorders. According to Daoist tradition, this point canconnect directly to Niwan (Mud Ball), which is consideredto be the location of the physical basis of the spirit. “The qiof the Heart is connected with the Niwan Palace above.”12The significance of Niwan, also known as Huangting (Yel-low Courtyard) is emphasized in the_Classic on the Central__Void in the Inner Sphere_ which said, “The origin of essence-spirit in the brain is also called Niwan” and also “The entirespirit that expresses in the face has its origin in Niwan”.13• _Houxi SI-3 (Back Ravine)_ is the most important point on thehand with respect to the mind because it is the openingpoint to the Governing vessel. It frees and moves qi in theGoverning vessel and acts as a multiplier that strengthensthe actions of the vessel’s points (Fengfu DU-16, ShangxingDU-23 and Shenting DU-24) already stimulated by the headtefillin. Alone or in combination with other points, it clearsthe spirit, treats any kind of psychosis including loss ofmemory, dementia, sorrow or fear.• _Zhizheng SI-7_(Branch of the Upright) is the luo connectingpoint of the Small Intestine channel, connecting to the Heartchannel. It has a pronounced effect on regulating andcalming the shen. It helps relieve anxiety, fear and sorrow.• _Hegu L.I.-4_ (Union Valley) is the command point of thehead and face. It is used to treat all conditions of the head,face, sinuses or eyes. It has a powerful calming and anti-spasmodic effect and is widely used in relieving pain. It hasa strong influence on the mind and has the ability to soothethe mind and calm anxieties. It is widely used in combina-tion with other points because it strongly enhances the|L.I.-4 and the Pericardium channel (from wrapping themiddle finger) always have more stimulation than others.Also, wrist points including Taiyuan LU-9 and ShenmenHE-7 receive stronger pressure compared to the other pointson the body of the forearm. Thus a more honed formula ofthe more significant points is as follows:_Chassidic_: Tianfu LU-3, Fengfu DU-16, Lieque LU-7, ShenmenHE-7, Taiyuan LU-9, Houxi SI-3, Hegu L.I.-4, Pericardiumchannel._Ashkenazi_: Tianfu LU-3, Fengfu DU-16, Lieque LU-7, ShenmenHE-7, Houxi SI-3, Hegu L.I.-4, Pericardium channel._Sefard_: Tianfu LU-3, Fengfu DU-16, Lieque LU-7, ShenmenHE-7, Taiyuan LU-9, Houxi SI-3, Hegu L.I.-4, Pericardiumchannel._Sefardim_:Tianfu LU-3, Fengfu DU-16, Lieque LU-7, ShenmenHE-7, Taiyuan LU-9, Houxi SI-3, Hegu L.I.-4, Pericardiumchannel.Note that there is essential agreement and overlap be-tween the honed point prescriptions called for by the fourdifferent tefillin wrapping techniques. The only differenceis that the the Ashkenazi style excludes Taiyuan LU-9. Thisshould have little clinical significance, given the scope ofthe remaining points in the formula.**_Point and channel discussion_**• The Governing Vessel (Du Mai) is an extra-ordinarymeridian that runs up the spine and penetrates the brain. Itis well known for its ability to treat psychiatric disordersand influence the mind8. The Spiritual action of points onthe Governing vessel can be explained because it has theclosest relationship with the brain, which, according to pre-Inner Classic and later Daoist traditions is considered to bethe seat of the spirit. A further connection of the GoverningVessel to Spirit is found from its anterior pathway, whichdirectly connects it to the more traditional home of Spirit,the Heart.• _Fengfu DU-16_(Wind Mansion) is also known as Gui Zhen,which translates as Ghost Pillow9. It has also a point in theWindow of Heaven category10. According to channel theory,Fengfu DU-16 is where the Governing vessel penetrates thebrain. It is one of two points (the other being Baihui DU-20)that directly nurture the brain and spinal cord. The thera-peutic scope of Fengfu DU-16 is quite wide and it is knownto strongly benefit both concentration and memory. It alsotreats dizziness, stroke, aphasia and headache. In psychoticpatients, it reduces the desire for suicide and for self-mutilation. Fengfu DU-16 is also is a point on Yang Linkingvessel that connects all heavenly rising Yang energy.• _Shangxing DU-23_ (Upper Star) is also known as Gui Tangwhich translates as Ghost Hall. It treats psychosis, head-aches, and nearsightedness. It is also the root of the sinusand is very effective in treating loss of smell. Since theolfactory nerve is the first of the 12 cranial nerves, its use inthis manner clearly indicates a profound effect on the brain.• _Shenting DU-24_ (Spirit Court) is also known as Tianting(Courtyard of Heaven) calms the mind and balances thespirit. It can be used to treat any mental disease11. Like otherpoints of the Governing vessel, it has a strong action oncalming the spirit and treating epilepsy and other maniadisorders. According to Daoist tradition, this point canconnect directly to Niwan (Mud Ball), which is consideredto be the location of the physical basis of the spirit. “The qiof the Heart is connected with the Niwan Palace above.”12The significance of Niwan, also known as Huangting (Yel-low Courtyard) is emphasized in the_Classic on the Central__Void in the Inner Sphere_ which said, “The origin of essence-spirit in the brain is also called Niwan” and also “The entirespirit that expresses in the face has its origin in Niwan”.13• _Houxi SI-3 (Back Ravine)_ is the most important point on thehand with respect to the mind because it is the openingpoint to the Governing vessel. It frees and moves qi in theGoverning vessel and acts as a multiplier that strengthensthe actions of the vessel’s points (Fengfu DU-16, ShangxingDU-23 and Shenting DU-24) already stimulated by the headtefillin. Alone or in combination with other points, it clearsthe spirit, treats any kind of psychosis including loss ofmemory, dementia, sorrow or fear.• _Zhizheng SI-7_(Branch of the Upright) is the luo connectingpoint of the Small Intestine channel, connecting to the Heartchannel. It has a pronounced effect on regulating andcalming the shen. It helps relieve anxiety, fear and sorrow.• _Hegu L.I.-4_ (Union Valley) is the command point of thehead and face. It is used to treat all conditions of the head,face, sinuses or eyes. It has a powerful calming and anti-spasmodic effect and is widely used in relieving pain. It hasa strong influence on the mind and has the ability to soothethe mind and calm anxieties. It is widely used in combina-tion with other points because it strongly enhances the|


|Stimulation of acupuncture points on the head|Col2|Col3|Col4|Col5|
|---|---|---|---|---|
||Chassidic|Ashkenazi|Sefard|Sefardim|
|DU-24|X|X|X|X|
|DU-23|X|X|X|X|
|DU-16|X|X|X|X|


|Stimulation of acupuncture points on the hand|Col2|Col3|Col4|Col5|
|---|---|---|---|---|
||Chassidic|Ashkenazi|Sefard|Sefardim|
|SI-3|X|X|X|X|
|L.I.-4|X|X|X|X|
|Pericardium|X|X|X|X|


7


|Stimulation of acupuncture points on the arm|Col2|Col3|Col4|Col5|
|---|---|---|---|---|
||Chassidic|Ashkenazi|Sefard|Sefardim|
|LU-3|X|X|X|X|
|HE-3|X||X|X|
|LU-5|X||X|X|
|SI-7|X|X|X|X|
|LI-6|X|X|X|X|
|LI-7|X|X|X|X|
|LU-7|X|X|X|X|
|HE-7|X|X|X|X|
|LU9|X||X|X|


8",2025-08-29 21:05:01.933292+00
dr-dean-clark-letter,"Dr. Dean Clark

6105 S.W. Macadam Ave.
Portland, Oregon 97239
Phone: 503-244-3389

Fax: 503-244-4855
Email: drdeanclark@comcast.net

July 6, 2006

To Whom It May Concern:

Please be advised that I have tested and measured over 200 people in the course of
studying the effects of the Lifewave products. I have relied on surveys of the people
studied before and after application of the patches. I then measured the physiological
response with infrared imaging. In all cases thus far, there has been an undeniable
physiological response through the autonomic nervous system creating a localized
thermal change to the subjects and ultimately an overall body thermal change as
measured in distal parts of the body remote from the area of application.

In the first study of the energy patches, the results were greater than 85 percent of the
people that used the products received a significant measurable difference in
physiological responses such as sleep differences, bowel function and overall energy.

In all cases that I have studied so far the patches have created a measurable change to
the body when measured by infrared studies. Although the body has responded with a
cooling effect, there is a small percentage that had an area of hypothermic change and
ultimately warmed in the localized region. What has always created curiosity in the
subjects studied was the whole body effects that were brought on by the application of
the patches in general, the body just worked more efficiently, rested better and had
better strength and endurance.

The side-effects and safety of the patches is also a significant aspect when offering
these to my patients. Since I treat and prepare world class and professional athletes for
competition, it is imperative that the products are safe and beyond any and all drug and
substance standards. To satisfy the rigorous drug testing standards and safety, of
International Olympic Committee I had to be sure the products were beyond reproach.
The only occasional side-effects have been temporary fatigue and sleepiness. There
have been a few cases that have noted a detoxification to the body which caused an
unusual thirst. Besides these reactions, I have found no other abnormal responses by
the participants in the studies as well as those who purchased the products and used
them outside of the studies.

Sincerely,

Dr. Dean Clark, D.C.",2025-08-29 21:05:02.241629+00
x39-non-invasive-scanning-and-subtle-energy-testing-lab-effect-of-lifewave-x39-patches-on-brain-as-seen-with-p3-brain-mapping,"# **Non-Invasive Scanning and Subtle Energy Testing Lab** **Effect of LifeWave X39 [TM] Patches on Brain as Seen with P3** **Brain Mapping: Preliminary Results**

## Principal Investigator: Gaétan Chevalier, Ph.D., Research Director (Bio in Appendix A) Co-Investigator: Mary D. Clark, Ph.D., Managing Director (Bio in Appendix B) Abstract: Brain mapping measurements were performed on twelve (12) heathy older adult

participants before, after 3 weeks and after 6 weeks of use of Lifewave X39 [TM] patches 12
hour a day. All participants showed dramatic changes in their scalp topographic maps
reporting the amplitude of the P300 recording for each channel and also in their coherence
maps. According to their coherence maps, the majority of participants started with an over
active brain and their brain calmed down significantly after 3 weeks of wearing the X39 [TM]
patch. Several participants reported various notable improvements and most participants
reported feeling slightly better or a lot better at the end of their participation. There was a
statistically significant increase in physical reaction time at Session 2 that may be due to the
effect of the X39 [TM] patch on the physiology of the participants. The fact that the physical
reaction time returned to the initial average value after 6 weeks suggests that there is a
temporary physiological effect due to the X39 [TM] patch that readjusts itself to a normal level
within a 6-week period. The significantly lower average values of Audio P300 Voltage at
Session 2 and at Session 3 compared to Session 1, coupled with the coherence results,
suggest that the initial Audio P300 Voltage was high and reflects a hyperactive brain.
Application of a X39 [TM] patch for 3 weeks brought the Audio P300 Voltage to a normal level
and that level stayed normal until the end of the 6-week duration of the study.

## Goal: This is a pilot project using brain mapping to assess any differences in brain function

after using Lifewave X39 [TM] for 6 weeks.

## Statement of Work: Brain mapping measurements were performed on twelve (12)

healthy older adult participants before, after 3 weeks and after 6 weeks of use of Lifewave
X39 [TM] patches 12 hours a day as recommended by the Sponsor. Additionally, we monitored
mood and well-being levels of each subject at each brain mapping measurement using well
accepted psychological tests. The Brief Mood Introspection Scale (BMIS) was used for mood
and the Arizona Integrated Outcome Visual Analog Scale (AIO-VAS) for well-being.

## Equipment: Sponsor provided Lifewave X39 [TM] patches with detailed information on how to

use them (location on the body, duration for the use of the patch, frequency of patches
replacement, etc.). The brain mapping equipment used for this project was the p3 Baseline
[brain mapping system (www.p3baseline.com), a non-invasive commercially available device](http://www.p3baseline.com/)
that is FDA cleared for use in routine clinical and research settings.

## Participants Selection: To be accepted in the study, potential participants were

required to comply with the following criteria:


© 2019 Psy-Tek Labs | 741 Garden View Court | Suite 206 | Encinitas, CA 92024 | 760.733.6000  Initials: _____ P. 1


# **Non-Invasive Scanning and Subtle Energy Testing Lab**


  Healthy adult between the ages 50 and 80 years old;

  No mental disorder;

  Did not receive treatment for mental disorder or taken psychotropic medication within

the past 2 years;

  No prescribed medication taken (less than two months prior to participation);

  No cardiovascular or pulmonary condition such as asthma or heartbeat irregularities;

  No use of recreational drugs, cigarettes or vaping;

  No simultaneous participation in any other research project;

  No previous utilization of LifeWave X39 [TM] Patches;

  No consumption of alcohol within 48 hours of participation;

  No food, caffeine or other stimulants within 2 hours prior of participation

  Agree and able to wear a patch for 12 hours daily for 6 weeks

  Commit to come to Psy-Tek lab 3 times (each appointment was approx. 2 hours)

## **Procedure and Methodology**


Once a potential participant met all the inclusion criteria, an appointment was set up to have
the participant come to the lab for the first testing. Once at Psy-Tek Labs, the participant had
the opportunity to ask questions and when all questions were answered the participant
signed the consent form. At the beginning of each visit, each participant was asked to fill two
questionnaires: one about mood (Brief Mood Introspection Scale or BMIS) and the other
about well-being (Arizona Integrated Outcome Visual Analog Scale or AIO-VAS). Next, the
technician ran the following brain scan tests:


     - P300 Eyes Closed Auditory ERP (provides measures of cognitive response)

     - Eyes Opened Focused Test (EEG measurement of brain wave patterns)

     - Flanker Test (Eriksen flanker test provides a measure of cognitive control)

     - 2 Trail Making Tests (provides a measure of visual control and task switching)

In all, brain mapping measurements were performed on each participant 3 times: before,
after 3 weeks and after 6 weeks of use of LifeWave X39 [TM] patches for 12 hours a day as
recommended by the Sponsor. After all measurements were done at the last visit,
participants filled a final questionnaire, the Overall Wellness Assessment Form.


© 2019 Psy-Tek Labs | 741 Garden View Court | Suite 206 | Encinitas, CA 92024 | 760.733.6000  Initials: _____ P. 2


# **Non-Invasive Scanning and Subtle Energy Testing Lab**

## **Results**

**Participant 1**

Female, 77, Yoga instructor. During the entire experiment she placed the X39 [TM] patch at the
back of middle neck. At her first visit she indicated that her sense of well-being was very high
(100%) on the AIO-VAS (0 = worst you have ever been; 100% = best you have ever been)
and her mood was +10 according to the BMIS (the BMIS scale goes from -10 = very
unpleasant to +10 = very pleasant). The AIO-VAS and the BMIS scores were the same also
at her second visit and her third and final visit. At her third visit she indicated that her
discipline in doing her morning exercises and meditation greatly improved. She also indicated
that she had vivid dreams during the experiment. In the Overall Wellness Assessment Form
(always filled at the end of their participation) she indicated that she felt slightly better than
usual at her first visit, and a lot better than usual at her second and third visits.

Scalp Topography Map


These scalp topographical maps were computed from the 19 EEG channels recorded by the
brain mapping system (frontal part of the brain at the top and back of the head at the bottom
of each circle). These maps show the amplitude of the P300 recording for each channel (in
microvolts or µV) using a color-coding scale presented on the right side referenced to
Session 3 (red is for the maximum amplitude of 13 µV and dark blue for the minimum
amplitude of 6 µV). It can be noted that when she came in, her brain was hyperactive. Her
brain calmed down dramatically at the second visit (Session 2), after wearing the X39 [TM]
patch for 3 weeks. Her brain remained calm after wearing the patch for 6 weeks (Session 3).


© 2019 Psy-Tek Labs | 741 Garden View Court | Suite 206 | Encinitas, CA 92024 | 760.733.6000  Initials: _____ P. 3


# **Non-Invasive Scanning and Subtle Energy Testing Lab**

Coherence


Session 1


Session 2


Session 3


© 2019 Psy-Tek Labs | 741 Garden View Court | Suite 206 | Encinitas, CA 92024 | 760.733.6000  Initials: _____ P. 4


# **Non-Invasive Scanning and Subtle Energy Testing Lab**

The coherence diagrams above show a perspective where we are looking down at the top of
the head from above (FP1 and FP2 are on the forehead while O1 and O2 are at the back of
the head). EEG coherence can be defined as the normalized cross-power spectrum per
frequency of two signals recorded simultaneously at different sites of the scalp. It is a
measure of the synchronization between the two signals and may be interpreted as an
expression of their functional interaction (1). Coherence reflects how stable the phase
relationship is between two electrode sites. Coherence quantifies the degree of interaction or
communication, shared information, between brain sites. Hypercoherence is when brain sites
are not functioning in efficient interdependent fashion, they have too much “cross-talk”, they
are overly connected or locked together. Hypocoherence is called poor inter-site interaction
and is associated with diminished cognitive efficiency (2). The red lines between two sites
indicate hypercoherence while blue lines reflect hypocoherence. Beta brain waves are
normally dominant in a person awake, alert, with normal level of consciousness and brain
function. Alpha become dominant in a person with eyes closed, calm, aware and quietly alert.
Theta brain waves show up in deep relaxation, meditation and mental imagery (3).
Participants were awake with eyes closed during these measurements and so the most
relevant results are those presented in the Alpha (relaxation) and Beta (normal brain activity)
bands.

At the beginning of her participation (Session 1), Participant 1 had most of her brain sites in
hypercoherence for all 3 frequency bands (Beta, Alpha and Theta). After wearing the X39 [TM]
patch for 3 weeks (Session 2), most of the frontal part of the brain was still in
hypercoherence (mainly in Alpha) and after wearing the X39 [TM] patch for 6 weeks (Session 3)
there was less hypercoherence that was more evenly distributed both among brain sites and
frequency bands.

Screening Scores


© 2019 Psy-Tek Labs | 741 Garden View Court | Suite 206 | Encinitas, CA 92024 | 760.733.6000  Initials: _____ P. 5


# **Non-Invasive Scanning and Subtle Energy Testing Lab**

The goal is for each screening score to be inside the target range. If a score is below or
above the target range it is considered abnormal (too fast if below or too slow if above the
target time). An explanation of each screening score follows. These explanations are
[provided by p3baseline (www.p3baseline.com).](http://www.p3baseline.com/)

_Physical Reaction time_

It is a measure of speed in response to an audible odd tone. This relies on different pathways
than the Auditory P300, so physical reaction time may be different than the brain speed.

_Trail Making_

A standard measure of brain function and includes measures of psychomotor and visual
scanning.

_-_
_Evoked Potentials_ _Auditory P300_

Auditory P300 is a measure of brain response speed and attentional resources. P300
slowing and/or a reduction in voltage may signal changes in cognitive function.


_-_
_State_ _CZ Theta/Beta_


Theta and Beta frequency bands are affected by cortical arousal and can give insight into
how the brain functions. In some people high Theta/Beta ratios at CZ may present as
inattention, while others may benefit from cortical arousal.


Researchers have shown that calculating the relative power ratio Theta/Beta at CZ can be
used to determine slow-wave disorders, ADHD, interpersonal detachment with qualitative
aspects of autistic or Asperger's behavior (3, 4, 5).


_-_
_State_ _F3/F4 Alpha_


Large differences in Alpha power between the left-front and right-front of the brain have been
associated with depression and/or anxiety.


Researchers also discovered that calculating F3/F4 relative power ratio in the Alpha band
means processing information in a positive way for an increase while a decrease in the ratio
indicated a more negative processing mode (6, 7).


© 2019 Psy-Tek Labs | 741 Garden View Court | Suite 206 | Encinitas, CA 92024 | 760.733.6000  Initials: _____ P. 6


# **Non-Invasive Scanning and Subtle Energy Testing Lab**

**Participant 2**

Female, 67, manual therapist, specializing in craniosacral and massage. She indicated that
she has pain in bones, joint, or muscles that is aggravated by exercise. During her
participation in the study she placed the patch 3 inches below the navel. At her first visit her
sense of well-being on the AIO-VAS was at 71% VAS (0 = worst you have ever been; 100%
= best you have ever been) and her mood at +9 on the BMIS (the BMIS scale goes from -10
= very unpleasant to +10 = very pleasant). At her second visit she indicated that her wellbeing score on the AIO-VAS was 57% and her mood was +5 on the BMIS scale. At her third
and final visit she indicated that her well-being score was 63% and her BMIS mood score
was +8. In the Overall Wellness Assessment Form, she indicated that she felt slightly better
than usual at all 3 visits.

Scalp Topography Map


These scalp topographical maps were computed from the 19 EEG channels recorded by the
brain mapping system. These maps show the amplitude of the P300 recording for each
channel (in microvolts or µV) using a color-coding scale presented on the right side
referenced to Session 3 (red is for the maximum amplitude of 10 µV and dark blue for the
minimum amplitude of 0 µV). It can be noted that when she came in, her brain was
hyperactive. Her brain calmed down dramatically at the second visit (Session 2), after
wearing the X39 [TM] patch for 3 weeks and became even calmer after wearing the X39 [TM]
patch for 6 weeks (Session 3).


© 2019 Psy-Tek Labs | 741 Garden View Court | Suite 206 | Encinitas, CA 92024 | 760.733.6000  Initials: _____ P. 7


# **Non-Invasive Scanning and Subtle Energy Testing Lab**

Coherence


Session 1


Session 2


Session 3


© 2019 Psy-Tek Labs | 741 Garden View Court | Suite 206 | Encinitas, CA 92024 | 760.733.6000  Initials: _____ P. 8


# **Non-Invasive Scanning and Subtle Energy Testing Lab**

EEG coherence can be defined as the normalized cross-power spectrum per frequency of
two signals recorded simultaneously at different sites of the scalp. It is a measure of the
synchronization between the two signals and may be interpreted as an expression of their
functional interaction (1). Coherence reflects how stable the phase relationship is between
two electrode sites. Coherence quantifies the degree of interaction or communication, shared
information, between brain sites. Hypercoherence is when brain sites are not functioning in
efficient interdependent fashion, they have too much “cross-talk”, they are overly connected
or locked together. Hypocoherence is called poor inter-site interaction and is associated with
diminished cognitive efficiency (2). The red lines between two sites indicate hypercoherence
while blue lines reflect hypocoherence. Beta brain waves are normally dominant in a person
awake, alert, with normal level of consciousness and brain function. Alpha become dominant
in a person with eyes closed, calm, aware and quietly alert. Theta brain waves show up in
deep relaxation, meditation and mental imagery (3). Participants were awake with eyes
closed during these measurements and so the most relevant results are those presented in
the Alpha (relaxation) and Beta (normal brain activity) bands.

At the beginning of her participation (Session 1), Participant 2 had most of her brain sites in
hypercoherence for all 3 frequency bands (Beta, Alpha and Theta). After wearing the X39 [TM]
patch for 3 weeks (Session 2), there was some level of hypocohrence mainly in the back of
the head for all 3 frequency bands and after wearing the X39 [TM] patch for 6 weeks (Session
3) there was much less hypercoherence than at the beginning of her participation and both
hyper and hypo coherence between sites were less frequent and more evenly distributed
among brain sites and frequency bands.

Screening Scores


The goal is for each screening score to be inside the target range. If a score is below or
above the target range it is considered abnormal (too fast if below or too slow if above the


© 2019 Psy-Tek Labs | 741 Garden View Court | Suite 206 | Encinitas, CA 92024 | 760.733.6000  Initials: _____ P. 9


# **Non-Invasive Scanning and Subtle Energy Testing Lab**

target time). An explanation of each of screening score follows. These explanations are
[provided by p3baseline (www.p3baseline.com).](http://www.p3baseline.com/)

_Physical Reaction time_

It is a measure of speed in response to an audible odd tone. This relies on different pathways
than the Auditory P300, so physical reaction time may be different than the brain speed.

_Trail Making_

A standard measure of brain function and includes measures of psychomotor and visual
scanning.

_-_
_Evoked Potentials_ _Auditory P300_

Auditory P300 is a measure of brain response speed and attentional resources. P300
slowing and/or a reduction in voltage may signal changes in cognitive function.


_-_
_State_ _CZ Theta/Beta_


Theta and Beta frequency bands are affected by cortical arousal and can give insight into
how the brain functions. In some people high Theta/Beta ratios at CZ may present as
inattention, while others may benefit from cortical arousal.


Researchers have shown that calculating the relative power ratio Theta/Beta at CZ can be
used to determine slow-wave disorders, ADHD, interpersonal detachment with qualitative
aspects of autistic or Asperger's behavior (3, 4, 5).


_-_
_State_ _F3/F4 Alpha_


Large differences in Alpha power between the left-front and right-front of the brain have been
associated with depression and/or anxiety.


Researchers also discovered that calculating F3/F4 relative power ratio in the Alpha band
means processing information in a positive way for an increase while a decrease in the ratio
indicated a more negative processing mode (6, 7).


**Participant 3**

Female, 68, real estate broker. She indicated that she has high blood pressure and that she
experiences problems or pain in her bones, joints, or muscles. She also has swelling of the
ankles or lower extremities. For the entire duration of her participation she placed the patch


© 2019 Psy-Tek Labs | 741 Garden View Court | Suite 206 | Encinitas, CA 92024 | 760.733.6000  Initials: _____ P. 10


# **Non-Invasive Scanning and Subtle Energy Testing Lab**

in the middle of the neck. At her first visit she indicated that her sense of well-being was 77%
on the AIO-VAS (0 = worst you have ever been; 100% = best you have ever been) and her
mood was +8 according to the BMIS (the BMIS scale goes from -10 = very unpleasant to +10
= very pleasant). At her second visit, her AIO-VAS score changed a bit to 57% and the BMIS
score became +9. At her third visit her AIO-VAS score increased to 63% and her BMIS score
stayed at +9. She indicated that overall she was able to work out harder, with more stamina,
without muscle cramps, feeling better about workouts with less pain. She also indicated that
she is more even keeled, mentally alert, sharp and that her skin is a little dryer. The Overall
Wellness Assessment form indicated that she felt slightly better than usual at the beginning
of her participation and after 3 weeks into her participation but that she felt a lot better at the
end of her participation.

Scalp Topography Map


These scalp topographical maps were computed from the 19 EEG channels recorded by the
brain mapping system. These maps show the amplitude of the P300 recording for each
channel (in microvolts or µV) using a color-coding scale presented on the right side
referenced to Session 3 (red is for the maximum amplitude of 10 µV and dark blue for the
minimum amplitude of 1 µV). It can be noted that when she came in, her brain was
hyperactive. Her brain calmed down dramatically at the second visit (Session 2), after
wearing the X39 [TM] patch for 3 weeks and her brain remained calm after wearing the X39 [TM]
patch for 6 weeks (Session 3).


© 2019 Psy-Tek Labs | 741 Garden View Court | Suite 206 | Encinitas, CA 92024 | 760.733.6000  Initials: _____ P. 11


# **Non-Invasive Scanning and Subtle Energy Testing Lab**

Coherence


Session 1


Session 2


Session 3


© 2019 Psy-Tek Labs | 741 Garden View Court | Suite 206 | Encinitas, CA 92024 | 760.733.6000  Initials: _____ P. 12


# **Non-Invasive Scanning and Subtle Energy Testing Lab**

EEG coherence can be defined as the normalized cross-power spectrum per frequency of
two signals recorded simultaneously at different sites of the scalp. It is a measure of the
synchronization between the two signals and may be interpreted as an expression of their
functional interaction (1). Coherence reflects how stable the phase relationship is between
two electrode sites. Coherence quantifies the degree of interaction or communication, shared
information, between brain sites. Hypercoherence is when brain sites are not functioning in
efficient interdependent fashion, they have too much “cross-talk”, they are overly connected
or locked together. Hypocoherence is called poor inter-site interaction and is associated with
diminished cognitive efficiency (2). The red lines between two sites indicate hypercoherence
while blue lines reflect hypocoherence. Beta brain waves are normally dominant in a person
awake, alert, with normal level of consciousness and brain function. Alpha become dominant
in a person with eyes closed, calm, aware and quietly alert. Theta brain waves show up in
deep relaxation, meditation and mental imagery (3). Participants were awake with eyes
closed during these measurements and so the most relevant results are those presented in
the Alpha (relaxation) and Beta (normal brain activity) bands.

At the beginning of her participation (Session 1), Participant 3 had a mix of hypercoherence
and hypocoherence at all 3 frequency bands (Beta, Alpha and Theta). After wearing the
X39 [TM] patch for 3 weeks (Session 2), there was some level of hypocohrence mainly in the
middle of the head for Alpha and Theta frequency bands. After wearing the X39 [TM] patch for
6 weeks (Session 3) there was almost no hypercoherence and a little more hypocoherence
links mainly at the occipital (back) region of the head.

Screening Scores


The goal is for each screening score to be inside the target range. If a score is below or
above the target range it is considered abnormal (too fast if below or too slow if above the
target time). An explanation of each of screening score follows. These explanations are
[provided by p3baseline (www.p3baseline.com).](http://www.p3baseline.com/)


© 2019 Psy-Tek Labs | 741 Garden View Court | Suite 206 | Encinitas, CA 92024 | 760.733.6000  Initials: _____ P. 13


# **Non-Invasive Scanning and Subtle Energy Testing Lab**

_Physical Reaction time_

It is a measure of speed in response to an audible odd tone. This relies on different pathways
than the Auditory P300, so physical reaction time may be different than the brain speed.

_Trail Making_

A standard measure of brain function and includes measures of psychomotor and visual
scanning.

_-_
_Evoked Potentials_ _Auditory P300_

Auditory P300 is a measure of brain response speed and attentional resources. P300
slowing and/or a reduction in voltage may signal changes in cognitive function.


_-_
_State_ _CZ Theta/Beta_


Theta and Beta frequency bands are affected by cortical arousal and can give insight into
how the brain functions. In some people high Theta/Beta ratios at CZ may present as
inattention, while others may benefit from cortical arousal.


Researchers have shown that calculating the relative power ratio Theta/Beta at CZ can be
used to determine slow-wave disorders, ADHD, interpersonal detachment with qualitative
aspects of autistic or Asperger's behavior (3, 4, 5).


_-_
_State_ _F3/F4 Alpha_


Large differences in Alpha power between the left-front and right-front of the brain have been
associated with depression and/or anxiety.


Researchers also discovered that calculating F3/F4 relative power ratio in the Alpha band
means processing information in a positive way for an increase while a decrease in the ratio
indicated a more negative processing mode (6, 7).


**Participant 4**

Male, 73, retired CPA. For the entire duration of his participation he placed the patch three
inches below the navel. At his first visit he indicated that his sense of well-being was 48% on
the AIO-VAS (0 = worst you have ever been; 100% = best you have ever been) and his
mood was +1 according to the BMIS (the BMIS scale goes from -10 = very unpleasant to +10


© 2019 Psy-Tek Labs | 741 Garden View Court | Suite 206 | Encinitas, CA 92024 | 760.733.6000  Initials: _____ P. 14


# **Non-Invasive Scanning and Subtle Energy Testing Lab**

= very pleasant). At his second visit, her AIO-VAS score changed a bit to 70% and the BMIS
score became +3. At his third visit his AIO-VAS score decreased to 20% and his BMIS score
decreased to -7. He indicated that he had concerns about possible permanent brain damage
from a concussion that happened to him several years ago. The Overall Wellness
Assessment form indicated that his feeling was as usual for the entire time of participation.

Scalp Topography Map


These scalp topographical maps were computed from the 19 EEG channels recorded by the
brain mapping system. These maps show the amplitude of the P300 recording for each
channel (in microvolts or µV) using a color-coding scale presented on the right side
referenced to Session 3 (red is for the maximum amplitude of 14 µV and dark blue for the
minimum amplitude of 1 µV). It can be noted that when she came in, her brain was hypoactive, except for the right frontal region. His brain became less active in the frontal-right
region but a little more active overall at the second visit (Session 2), after wearing the X39 [TM]
patch for 3 weeks. His brain shows more activity overall after wearing the X39 [TM] patch for 6
weeks (Session 3).


© 2019 Psy-Tek Labs | 741 Garden View Court | Suite 206 | Encinitas, CA 92024 | 760.733.6000  Initials: _____ P. 15


# **Non-Invasive Scanning and Subtle Energy Testing Lab**

Coherence


Session 1


Session 2


Session 3


© 2019 Psy-Tek Labs | 741 Garden View Court | Suite 206 | Encinitas, CA 92024 | 760.733.6000  Initials: _____ P. 16


# **Non-Invasive Scanning and Subtle Energy Testing Lab**

EEG coherence can be defined as the normalized cross-power spectrum per frequency of
two signals recorded simultaneously at different sites of the scalp. It is a measure of the
synchronization between the two signals and may be interpreted as an expression of their
functional interaction (1). Coherence reflects how stable the phase relationship is between
two electrode sites. Coherence quantifies the degree of interaction or communication, shared
information, between brain sites. Hypercoherence is when brain sites are not functioning in
efficient interdependent fashion, they have too much “cross-talk”, they are overly connected
or locked together. Hypocoherence is called poor inter-site interaction and is associated with
diminished cognitive efficiency (2). The red lines between two sites indicate hypercoherence
while blue lines reflect hypocoherence. Beta brain waves are normally dominant in a person
awake, alert, with normal level of consciousness and brain function. Alpha become dominant
in a person with eyes closed, calm, aware and quietly alert. Theta brain waves show up in
deep relaxation, meditation and mental imagery (3). Participants were awake with eyes
closed during these measurements and so the most relevant results are those presented in
the Alpha (relaxation) and Beta (normal brain activity) bands.

At the beginning of his participation (Session 1), Participant 4 had a mix of hypercoherence
and hypocoherence at all 3 frequency bands (Beta, Alpha and Theta). After wearing the
X39 [TM] patch for 3 weeks (Session 2), there was some level of hypercoherence mainly in the
occipital (back) region of the head for all frequency bands. After wearing the X39 [TM] patch for
6 weeks (Session 3) there was almost no hypercoherence and as similar level of
hypocoherence as observed at the beginning of his participation.

Screening Scores


The goal is for each screening score to be inside the target range. If a score is below or
above the target range it is considered abnormal (too fast if below or too slow if above the


© 2019 Psy-Tek Labs | 741 Garden View Court | Suite 206 | Encinitas, CA 92024 | 760.733.6000  Initials: _____ P. 17


# **Non-Invasive Scanning and Subtle Energy Testing Lab**

target time). An explanation of each of screening score follows. These explanations are
[provided by p3baseline (www.p3baseline.com).](http://www.p3baseline.com/)

_Physical Reaction time_

It is a measure of speed in response to an audible odd tone. This relies on different pathways
than the Auditory P300, so physical reaction time may be different than the brain speed.

_Trail Making_

A standard measure of brain function and includes measures of psychomotor and visual
scanning.

_-_
_Evoked Potentials_ _Auditory P300_

Auditory P300 is a measure of brain response speed and attentional resources. P300
slowing and/or a reduction in voltage may signal changes in cognitive function.


_-_
_State_ _CZ Theta/Beta_


Theta and Beta frequency bands are affected by cortical arousal and can give insight into
how the brain functions. In some people high Theta/Beta ratios at CZ may present as
inattention, while others may benefit from cortical arousal.


Researchers have shown that calculating the relative power ratio Theta/Beta at CZ can be
used to determine slow-wave disorders, ADHD, interpersonal detachment with qualitative
aspects of autistic or Asperger's behavior (3, 4, 5).


_-_
_State_ _F3/F4 Alpha_


Large differences in Alpha power between the left-front and right-front of the brain have been
associated with depression and/or anxiety.


Researchers also discovered that calculating F3/F4 relative power ratio in the Alpha band
means processing information in a positive way for an increase while a decrease in the ratio
indicated a more negative processing mode (6, 7).


**Participant 5**

Female, 63, Pranic healer. She indicated that she has a history of thyroid problems that she
is treating with natural remedies. She experiences shortness of breath with heavy activity.
She had a small skin cyst removed in August. For the entire duration of her participation she


© 2019 Psy-Tek Labs | 741 Garden View Court | Suite 206 | Encinitas, CA 92024 | 760.733.6000  Initials: _____ P. 18


# **Non-Invasive Scanning and Subtle Energy Testing Lab**

placed the patch in the middle of the neck. At her first visit she indicated that her sense of
well-being was 74% on the AIO-VAS (0 = worst you have ever been; 100% = best you have
ever been) and her mood was +7 according to the BMIS (the BMIS scale goes from -10 =
very unpleasant to +10 = very pleasant). At her second visit, her AIO-VAS score stayed at
74% and the BMIS score also stayed at +7. At her third visit her AIO-VAS score increased to
93% and her BMIS score increased to +9. The Overall Wellness Assessment form indicated
that she felt as usual at the beginning of her participation and a lot better after 3 weeks and 6
weeks into her participation.

Scalp Topography Map


These scalp topographical maps were computed from the 19 EEG channels recorded by the
brain mapping system. These maps show the amplitude of the P300 recording for each
channel (in microvolts or µV) using a color-coding scale presented on the right side
referenced to Session 3 (red is for the maximum amplitude of 9 µV and dark blue for the
minimum amplitude of 2 µV). It can be noted that when she came in, her brain shows high
activity in the right hemisphere and low activity in the left hemisphere. Her brain calmed down
dramatically at the second visit (Session 2), 3 weeks after wearing the X39 [TM] patch for 3
weeks. After wearing the X39 [TM] patch for 6 weeks, her brain more active (Session 3).


© 2019 Psy-Tek Labs | 741 Garden View Court | Suite 206 | Encinitas, CA 92024 | 760.733.6000  Initials: _____ P. 19


# **Non-Invasive Scanning and Subtle Energy Testing Lab**

Coherence


Session 1


Session 2


Session 3


© 2019 Psy-Tek Labs | 741 Garden View Court | Suite 206 | Encinitas, CA 92024 | 760.733.6000  Initials: _____ P. 20


# **Non-Invasive Scanning and Subtle Energy Testing Lab**

EEG coherence can be defined as the normalized cross-power spectrum per frequency of
two signals recorded simultaneously at different sites of the scalp. It is a measure of the
synchronization between the two signals and may be interpreted as an expression of their
functional interaction (1). Coherence reflects how stable the phase relationship is between
two electrode sites. Coherence quantifies the degree of interaction or communication, shared
information, between brain sites. Hypercoherence is when brain sites are not functioning in
efficient interdependent fashion, they have too much “cross-talk”, they are overly connected
or locked together. Hypocoherence is called poor inter-site interaction and is associated with
diminished cognitive efficiency (2). The red lines between two sites indicate hypercoherence
while blue lines reflect hypocoherence. Beta brain waves are normally dominant in a person
awake, alert, with normal level of consciousness and brain function. Alpha become dominant
in a person with eyes closed, calm, aware and quietly alert. Theta brain waves show up in
deep relaxation, meditation and mental imagery (3). Participants were awake with eyes
closed during these measurements and so the most relevant results are those presented in
the Alpha (relaxation) and Beta (normal brain activity) bands.

At the beginning of her participation (Session 1), Participant 5 had most of her brain sites in
hypercoherence for all 3 frequency bands (Beta, Alpha and Theta). After wearing the X39 [TM]
patch for 3 weeks (Session 2), there was only a few lines of hypocoherence, mainly in the
occipital (back) region of her brain at all brain frequencies. After wearing the X39 [TM] patch for
6 weeks (Session 3) there was a bit more hypercoherence than at 3 weeks mainly on the
right side of the brain with some hypocoherence mainly in the middle of the brain (more so at
Alpha and Theta).

Screening Scores


The goal is for each screening score to be inside the target range. If a score is below or
above the target range it is considered abnormal (too fast if below or too slow if above the


© 2019 Psy-Tek Labs | 741 Garden View Court | Suite 206 | Encinitas, CA 92024 | 760.733.6000  Initials: _____ P. 21


# **Non-Invasive Scanning and Subtle Energy Testing Lab**

target time). An explanation of each of screening score follows. These explanations are
[provided by p3baseline (www.p3baseline.com).](http://www.p3baseline.com/)

_Physical Reaction time_

It is a measure of speed in response to an audible odd tone. This relies on different pathways
than the Auditory P300, so physical reaction time may be different than the brain speed.

_Trail Making_

A standard measure of brain function and includes measures of psychomotor and visual
scanning.

_-_
_Evoked Potentials_ _Auditory P300_

Auditory P300 is a measure of brain response speed and attentional resources. P300
slowing and/or a reduction in voltage may signal changes in cognitive function.


_-_
_State_ _CZ Theta/Beta_


Theta and Beta frequency bands are affected by cortical arousal and can give insight into
how the brain functions. In some people high Theta/Beta ratios at CZ may present as
inattention, while others may benefit from cortical arousal.


Researchers have shown that calculating the relative power ratio Theta/Beta at CZ can be
used to determine slow-wave disorders, ADHD, interpersonal detachment with qualitative
aspects of autistic or Asperger's behavior (3, 4, 5).


_-_
_State_ _F3/F4 Alpha_


Large differences in Alpha power between the left-front and right-front of the brain have been
associated with depression and/or anxiety.


Researchers also discovered that calculating F3/F4 relative power ratio in the Alpha band
means processing information in a positive way for an increase while a decrease in the ratio
indicated a more negative processing mode (6, 7).


**Participant 6**

Female, 58, tile setter. She indicated that she has trigger finger on middle finger of the left
hand. For the entire duration of her participation she placed the patch three inches below the
navel. At her first visit she indicated that her sense of well-being was 88% on the AIO-VAS (0
= worst you have ever been; 100% = best you have ever been) and her mood was +8


© 2019 Psy-Tek Labs | 741 Garden View Court | Suite 206 | Encinitas, CA 92024 | 760.733.6000  Initials: _____ P. 22


# **Non-Invasive Scanning and Subtle Energy Testing Lab**

according to the BMIS (the BMIS scale goes from -10 = very unpleasant to +10 = very
pleasant). At her second visit, her AIO-VAS score deceased to 22% and the BMIS score
became -4 (she indicated that she went through an emotional upset). At her third visit her
AIO-VAS score increased to 53% and her BMIS score increased to +8. The Overall Wellness
Assessment form indicated that her feeling was as usual for the entire time of participation.

Scalp Topography Map


These scalp topographical maps were computed from the 19 EEG channels recorded by the
brain mapping system. These maps show the amplitude of the P300 recording for each
channel (in microvolts or µV) using a color-coding scale presented on the right side
referenced to Session 3 (red is for the maximum amplitude of 11 µV and dark blue for the
minimum amplitude of 0 µV). It can be noted that when he came in, his brain was hyperactive
in the frontal lobes. His brain remained active at the second visit (Session 2), after wearing
the X39 [TM] patch for 3 weeks. However, his brain calmed down significantly after 6 weeks
(Session 3).


© 2019 Psy-Tek Labs | 741 Garden View Court | Suite 206 | Encinitas, CA 92024 | 760.733.6000  Initials: _____ P. 23


# **Non-Invasive Scanning and Subtle Energy Testing Lab**

Coherence


Session 1


Session 2


Session 3


© 2019 Psy-Tek Labs | 741 Garden View Court | Suite 206 | Encinitas, CA 92024 | 760.733.6000  Initials: _____ P. 24


# **Non-Invasive Scanning and Subtle Energy Testing Lab**

EEG coherence can be defined as the normalized cross-power spectrum per frequency of
two signals recorded simultaneously at different sites of the scalp. It is a measure of the
synchronization between the two signals and may be interpreted as an expression of their
functional interaction (1). Coherence reflects how stable the phase relationship is between
two electrode sites. Coherence quantifies the degree of interaction or communication, shared
information, between brain sites. Hypercoherence is when brain sites are not functioning in
efficient interdependent fashion, they have too much “cross-talk”, they are overly connected
or locked together. Hypocoherence is called poor inter-site interaction and is associated with
diminished cognitive efficiency (2). The red lines between two sites indicate hypercoherence
while blue lines reflect hypocoherence. Beta brain waves are normally dominant in a person
awake, alert, with normal level of consciousness and brain function. Alpha become dominant
in a person with eyes closed, calm, aware and quietly alert. Theta brain waves show up in
deep relaxation, meditation and mental imagery (3). Participants were awake with eyes
closed during these measurements and so the most relevant results are those presented in
the Alpha (relaxation) and Beta (normal brain activity) bands.

At the beginning of her participation (Session 1), Participant 6 had a mix of hypercoherence
(mainly Beta and Alpha) and hypocoherence (Theta). After wearing the X39 [TM] patch for 3
weeks (Session 2), most of the hypercoherence disappeared (except for a little bit in the back
of the brain at Alpha and Beta frequency bands) mainly in the occipital (back) region of the
head for all frequency bands. After wearing the X39 [TM] patch for 6 weeks (Session 3)
hypercoherence reappeared in the frontal region of the brain, mainly in Beta and Alpha
frequency bands.

Screening Scores


The goal is for each screening score to be inside the target range. If a score is below or
above the target range it is considered abnormal (too fast if below or too slow if above the


© 2019 Psy-Tek Labs | 741 Garden View Court | Suite 206 | Encinitas, CA 92024 | 760.733.6000  Initials: _____ P. 25


# **Non-Invasive Scanning and Subtle Energy Testing Lab**

target time). An explanation of each of screening score follows. These explanations are
[provided by p3baseline (www.p3baseline.com).](http://www.p3baseline.com/)

_Physical Reaction time_

It is a measure of speed in response to an audible odd tone. This relies on different pathways
than the Auditory P300, so physical reaction time may be different than the brain speed.

_Trail Making_

A standard measure of brain function and includes measures of psychomotor and visual
scanning.

_-_
_Evoked Potentials_ _Auditory P300_

Auditory P300 is a measure of brain response speed and attentional resources. P300
slowing and/or a reduction in voltage may signal changes in cognitive function.


_-_
_State_ _CZ Theta/Beta_


Theta and Beta frequency bands are affected by cortical arousal and can give insight into
how the brain functions. In some people high Theta/Beta ratios at CZ may present as
inattention, while others may benefit from cortical arousal.


Researchers have shown that calculating the relative power ratio Theta/Beta at CZ can be
used to determine slow-wave disorders, ADHD, interpersonal detachment with qualitative
aspects of autistic or Asperger's behavior (3, 4, 5).


_-_
_State_ _F3/F4 Alpha_


Large differences in Alpha power between the left-front and right-front of the brain have been
associated with depression and/or anxiety.


Researchers also discovered that calculating F3/F4 relative power ratio in the Alpha band
means processing information in a positive way for an increase while a decrease in the ratio
indicated a more negative processing mode (6, 7).


**Participant 7**

Female, 66, sales associate. She indicated that she has high blood pressure but she takes
no medication. For the entire duration of her participation she placed the patch three inches
below the navel. At her first visit she indicated that her sense of well-being was 66% on the
AIO-VAS (0 = worst you have ever been; 100% = best you have ever been) and her mood


© 2019 Psy-Tek Labs | 741 Garden View Court | Suite 206 | Encinitas, CA 92024 | 760.733.6000  Initials: _____ P. 26


# **Non-Invasive Scanning and Subtle Energy Testing Lab**

was +8 according to the BMIS (the BMIS scale goes from -10 = very unpleasant to +10 =
very pleasant). At her second visit, her AIO-VAS score increased to 83% and the BMIS score
became +10. At her third visit her AIO-VAS score was about the same 82% and her BMIS
score stayed at +10. She wrote that she felt more energetic at the end of her participation.
The Overall Wellness Assessment form indicated that her feeling was a lot better at her first
visit, became slightly better than usual at her second visit and became again a lot better than
usual at her third and final visit.

Scalp Topography Map


These scalp topographical maps were computed from the 19 EEG channels recorded by the
brain mapping system. These maps show the amplitude of the P300 recording for each
channel (in microvolts or µV) using a color-coding scale presented on the right side
referenced to Session 3 (red is for the maximum amplitude of 6 µV and dark blue for the
minimum amplitude of 0 µV). It can be noted that when she came in, her brain was
hyperactive. Her brain calmed down dramatically at the second visit (Session 2), after
wearing the X39 [TM] patch for 3 weeks. Her brain remained calm after wearing the X39 [TM]
patch for 6 weeks (Session 3).


© 2019 Psy-Tek Labs | 741 Garden View Court | Suite 206 | Encinitas, CA 92024 | 760.733.6000  Initials: _____ P. 27


# **Non-Invasive Scanning and Subtle Energy Testing Lab**

Coherence


Session 1


Session 2


Session 3


© 2019 Psy-Tek Labs | 741 Garden View Court | Suite 206 | Encinitas, CA 92024 | 760.733.6000  Initials: _____ P. 28


# **Non-Invasive Scanning and Subtle Energy Testing Lab**

EEG coherence can be defined as the normalized cross-power spectrum per frequency of
two signals recorded simultaneously at different sites of the scalp. It is a measure of the
synchronization between the two signals and may be interpreted as an expression of their
functional interaction (1). Coherence reflects how stable the phase relationship is between
two electrode sites. Coherence quantifies the degree of interaction or communication, shared
information, between brain sites. Hypercoherence is when brain sites are not functioning in
efficient interdependent fashion, they have too much “cross-talk”, they are overly connected
or locked together. Hypocoherence is called poor inter-site interaction and is associated with
diminished cognitive efficiency (2). The red lines between two sites indicate hypercoherence
while blue lines reflect hypocoherence. Beta brain waves are normally dominant in a person
awake, alert, with normal level of consciousness and brain function. Alpha become dominant
in a person with eyes closed, calm, aware and quietly alert. Theta brain waves show up in
deep relaxation, meditation and mental imagery (3). Participants were awake with eyes
closed during these measurements and so the most relevant results are those presented in
the Alpha (relaxation) and Beta (normal brain activity) bands.

At the beginning of her participation (Session 1), Participant 7 had a mix of hypercoherence
and hypocoherence at all 3 frequency bands (Beta, Alpha and Theta). After wearing the
X39 [TM] patch for 3 weeks (Session 2), there was almost no hypercoherence and some
hypocoherence mainly in the occipital (back) region of the head for all frequency bands. After
wearing the X39 [TM] patch for 6 weeks (Session 3) there was hypercoherence mainly in the
frontal part of the brain and mainly in the Beta frequency band.

Screening Scores


The goal is for each screening score to be inside the target range. If a score is below or
above the target range it is considered abnormal (too fast if below or too slow if above the
target time). An explanation of each of screening score follows. These explanations are
[provided by p3baseline (www.p3baseline.com).](http://www.p3baseline.com/)


© 2019 Psy-Tek Labs | 741 Garden View Court | Suite 206 | Encinitas, CA 92024 | 760.733.6000  Initials: _____ P. 29


# **Non-Invasive Scanning and Subtle Energy Testing Lab**

_Physical Reaction time_

It is a measure of speed in response to an audible odd tone. This relies on different pathways
than the Auditory P300, so physical reaction time may be different than the brain speed.

_Trail Making_

A standard measure of brain function and includes measures of psychomotor and visual
scanning.

_-_
_Evoked Potentials_ _Auditory P300_

Auditory P300 is a measure of brain response speed and attentional resources. P300
slowing and/or a reduction in voltage may signal changes in cognitive function.


_-_
_State_ _CZ Theta/Beta_


Theta and Beta frequency bands are affected by cortical arousal and can give insight into
how the brain functions. In some people high Theta/Beta ratios at CZ may present as
inattention, while others may benefit from cortical arousal.


Researchers have shown that calculating the relative power ratio Theta/Beta at CZ can be
used to determine slow-wave disorders, ADHD, interpersonal detachment with qualitative
aspects of autistic or Asperger's behavior (3, 4, 5).


_-_
_State_ _F3/F4 Alpha_


Large differences in Alpha power between the left-front and right-front of the brain have been
associated with depression and/or anxiety.


Researchers also discovered that calculating F3/F4 relative power ratio in the Alpha band
means processing information in a positive way for an increase while a decrease in the ratio
indicated a more negative processing mode (6, 7).


**Participant 8**

Female, 70, Trade Joe’s crew member. For the entire duration of her participation she placed
the patch at the back of the neck. At her first visit she indicated that her sense of well-being
was 100% on the AIO-VAS (0 = worst you have ever been; 100% = best you have ever
been) and her mood was +10 according to the BMIS (the BMIS scale goes from -10 = very
unpleasant to +10 = very pleasant). At her second visit, her AIO-VAS score decreased to
82% and the BMIS score stayed at +10. At her third visit her AIO-VAS score increased to


© 2019 Psy-Tek Labs | 741 Garden View Court | Suite 206 | Encinitas, CA 92024 | 760.733.6000  Initials: _____ P. 30


# **Non-Invasive Scanning and Subtle Energy Testing Lab**

90% and her BMIS score stayed at +10. She wrote that she felt more energy and well-being
and that she has great dreams and sleep. The Overall Wellness Assessment form indicated
that her feeling was a lot better than usual at all three of her visits.

Scalp Topography Map


These scalp topographical maps were computed from the 19 EEG channels recorded by the
brain mapping system. These maps show the amplitude of the P300 recording for each
channel (in microvolts or µV) using a color-coding scale presented on the right side
referenced to Session 3 (red is for the maximum amplitude of 11 µV and dark blue for the
minimum amplitude of 0 µV). It can be noted that when she came in, her brain was active
mainly in the frontal lobes. Her brain shows very low activity at the second visit (Session 2),
after wearing the X39 [TM] patch for 3 weeks. However, her brain became very active after
wearing the X39 [TM] patch for 6 weeks (Session 3).


© 2019 Psy-Tek Labs | 741 Garden View Court | Suite 206 | Encinitas, CA 92024 | 760.733.6000  Initials: _____ P. 31


# **Non-Invasive Scanning and Subtle Energy Testing Lab**

Coherence


Session 1


Session 2


Session 3


© 2019 Psy-Tek Labs | 741 Garden View Court | Suite 206 | Encinitas, CA 92024 | 760.733.6000  Initials: _____ P. 32


# **Non-Invasive Scanning and Subtle Energy Testing Lab**

EEG coherence can be defined as the normalized cross-power spectrum per frequency of
two signals recorded simultaneously at different sites of the scalp. It is a measure of the
synchronization between the two signals and may be interpreted as an expression of their
functional interaction (1). Coherence reflects how stable the phase relationship is between
two electrode sites. Coherence quantifies the degree of interaction or communication, shared
information, between brain sites. Hypercoherence is when brain sites are not functioning in
efficient interdependent fashion, they have too much “cross-talk”, they are overly connected
or locked together. Hypocoherence is called poor inter-site interaction and is associated with
diminished cognitive efficiency (2). The red lines between two sites indicate hypercoherence
while blue lines reflect hypocoherence. Beta brain waves are normally dominant in a person
awake, alert, with normal level of consciousness and brain function. Alpha become dominant
in a person with eyes closed, calm, aware and quietly alert. Theta brain waves show up in
deep relaxation, meditation and mental imagery (3). Participants were awake with eyes
closed during these measurements and so the most relevant results are those presented in
the Alpha (relaxation) and Beta (normal brain activity) bands.

At the beginning of her participation (Session 1), Participant 8 had a mix of hypercoherence
and hypocoherence at all 3 frequency bands (Beta, Alpha and Theta). After wearing the
X39 [TM] patch for 3 weeks (Session 2), there was an excess in hypercoherence in the Theta
frequency band and some hypocoherence mainly in the frontal region of the head for Beta

and Alpha frequency bands. After wearing the X39 [TM] patch for 6 weeks (Session 3) there
was almost no hypercoherence (mainly in the frontal part of the brain and mainly in the Beta
and Alpha frequency bands) and hypocoherence in the occipital (back) of the head at all 3
frequency bands.

Screening Scores


© 2019 Psy-Tek Labs | 741 Garden View Court | Suite 206 | Encinitas, CA 92024 | 760.733.6000  Initials: _____ P. 33


# **Non-Invasive Scanning and Subtle Energy Testing Lab**

The goal is for each screening score to be inside the target range. If a score is below or
above the target range it is considered abnormal (too fast if below or too slow if above the
target time). An explanation of each of screening score follows. These explanations are
[provided by p3baseline (www.p3baseline.com).](http://www.p3baseline.com/)

_Physical Reaction time_

It is a measure of speed in response to an audible odd tone. This relies on different pathways
than the Auditory P300, so physical reaction time may be different than the brain speed.

_Trail Making_

A standard measure of brain function and includes measures of psychomotor and visual
scanning.

_-_
_Evoked Potentials_ _Auditory P300_

Auditory P300 is a measure of brain response speed and attentional resources. P300
slowing and/or a reduction in voltage may signal changes in cognitive function


_-_
_State_ _CZ Theta/Beta_


Theta and Beta frequency bands are affected by cortical arousal and can give insight into
how the brain functions. In some people high Theta/Beta ratios at CZ may present as
inattention, while others may benefit from cortical arousal.


Researchers have shown that calculating the relative power ratio Theta/Beta at CZ can be
used to determine slow-wave disorders, ADHD, interpersonal detachment with qualitative
aspects of autistic or Asperger's behavior (3, 4, 5).


_-_
_State_ _F3/F4 Alpha_


Large differences in Alpha power between the left-front and right-front of the brain have been
associated with depression and/or anxiety.


Researchers also discovered that calculating F3/F4 relative power ratio in the Alpha band
means processing information in a positive way for an increase while a decrease in the ratio
indicated a more negative processing mode (6, 7).


© 2019 Psy-Tek Labs | 741 Garden View Court | Suite 206 | Encinitas, CA 92024 | 760.733.6000  Initials: _____ P. 34


# **Non-Invasive Scanning and Subtle Energy Testing Lab**

**Participant 9**

Male, 63, Realtor. He indicated that he experiences short of breath with mild exertion. For the
entire duration of his participation he placed the patch three inches below the navel. At his
first visit he indicated that his sense of well-being was 83% on the AIO-VAS (0 = worst you
have ever been; 100% = best you have ever been) and his mood was +9 according to the
BMIS (the BMIS scale goes from -10 = very unpleasant to +10 = very pleasant). At his
second visit, her AIO-VAS score increased to 95% and the BMIS score became +8. At his
third visit his AIO-VAS score decreased a bit to 92% and his BMIS score increased to +9.
The Overall Wellness Assessment form indicated that his feeling was as usual for the entire
time of participation.

Scalp Topography Map


These scalp topographical maps were computed from the 19 EEG channels recorded by the
brain mapping system. These maps show the amplitude of the P300 recording for each
channel (in microvolts or µV) using a color-coding scale presented on the right side
referenced to Session 3 (red is for the maximum amplitude of 6 µV and dark blue for the
minimum amplitude of 0 µV). It can be noted that when he came in, his brain was
hyperactive. His brain remained hyperactive at the second visit (Session 2), after wearing the
X39 [TM] patch for 3 weeks. However, his brain calmed down quite a bit to show normal activity
after wearing the X39 [TM] patch for 6 weeks (Session 3).


© 2019 Psy-Tek Labs | 741 Garden View Court | Suite 206 | Encinitas, CA 92024 | 760.733.6000  Initials: _____ P. 35


# **Non-Invasive Scanning and Subtle Energy Testing Lab**

Coherence


Session 1


Session 2


Session 3


© 2019 Psy-Tek Labs | 741 Garden View Court | Suite 206 | Encinitas, CA 92024 | 760.733.6000  Initials: _____ P. 36


# **Non-Invasive Scanning and Subtle Energy Testing Lab**

EEG coherence can be defined as the normalized cross-power spectrum per frequency of
two signals recorded simultaneously at different sites of the scalp. It is a measure of the
synchronization between the two signals and may be interpreted as an expression of their
functional interaction (1). Coherence reflects how stable the phase relationship is between
two electrode sites. Coherence quantifies the degree of interaction or communication, shared
information, between brain sites. Hypercoherence is when brain sites are not functioning in
efficient interdependent fashion, they have too much “cross-talk”, they are overly connected
or locked together. Hypocoherence is called poor inter-site interaction and is associated with
diminished cognitive efficiency (2). The red lines between two sites indicate hypercoherence
while blue lines reflect hypocoherence. Beta brain waves are normally dominant in a person
awake, alert, with normal level of consciousness and brain function. Alpha become dominant
in a person with eyes closed, calm, aware and quietly alert. Theta brain waves show up in
deep relaxation, meditation and mental imagery (3). Participants were awake with eyes
closed during these measurements and so the most relevant results are those presented in
the Alpha (relaxation) and Beta (normal brain activity) bands.

At the beginning of his participation (Session 1), Participant 9 had some level of
hypocoherence in the occipital (back) of the head at all 3 frequency bands (Beta, Alpha and
Theta). After wearing the X39 [TM] patch for 3 weeks (Session 2), a few hypercoherence lines
appeared in the frontal region of the brain with similar level of hypocoherence in the back of

the head at all frequency bands. After wearing the X39 [TM] patch for 6 weeks (Session 3) there
was an increase in hypercoherence mainly in the frontal part of the brain and all frequency
bands and hypocoherence in the occipital (back) of the head at all 3 frequency bands.

Screening Scores


The goal is for each screening score to be inside the target range. If a score is below or
above the target range it is considered abnormal (too fast if below or too slow if above the


© 2019 Psy-Tek Labs | 741 Garden View Court | Suite 206 | Encinitas, CA 92024 | 760.733.6000  Initials: _____ P. 37


# **Non-Invasive Scanning and Subtle Energy Testing Lab**

target time). An explanation of each of screening score follows. These explanations are
[provided by p3baseline (www.p3baseline.com).](http://www.p3baseline.com/)

_Physical Reaction time_

It is a measure of speed in response to an audible odd tone. This relies on different pathways
than the Auditory P300, so physical reaction time may be different than the brain speed.

_Trail Making_

A standard measure of brain function and includes measures of psychomotor and visual
scanning.

_-_
_Evoked Potentials_ _Auditory P300_

Auditory P300 is a measure of brain response speed and attentional resources. P300
slowing and/or a reduction in voltage may signal changes in cognitive function.


_-_
_State_ _CZ Theta/Beta_


Theta and Beta frequency bands are affected by cortical arousal and can give insight into
how the brain functions. In some people high Theta/Beta ratios at CZ may present as
inattention, while others may benefit from cortical arousal.


Researchers have shown that calculating the relative power ratio Theta/Beta at CZ can be
used to determine slow-wave disorders, ADHD, interpersonal detachment with qualitative
aspects of autistic or Asperger's behavior (3, 4, 5).


_-_
_State_ _F3/F4 Alpha_


Large differences in Alpha power between the left-front and right-front of the brain have been
associated with depression and/or anxiety.


Researchers also discovered that calculating F3/F4 relative power ratio in the Alpha band
means processing information in a positive way for an increase while a decrease in the ratio
indicated a more negative processing mode (6, 7).


**Participant 10**

Male, 65, construction consultant/PM. He indicated that he experiences swelling of the
ankles or lower extremities and problems or pain in his bones, joints or muscles. He also
indicated that he has a history of diabetes or thyroid, kidney or liver disease. For the entire


© 2019 Psy-Tek Labs | 741 Garden View Court | Suite 206 | Encinitas, CA 92024 | 760.733.6000  Initials: _____ P. 38


# **Non-Invasive Scanning and Subtle Energy Testing Lab**

duration of his participation he placed the patch at the back in the middle neck area. At his
first visit he indicated that his sense of well-being was 69% on the AIO-VAS (0 = worst you
have ever been; 100% = best you have ever been) and his mood was +6 according to the
BMIS (the BMIS scale goes from -10 = very unpleasant to +10 = very pleasant). At his
second visit, her AIO-VAS score increased to 78% and the BMIS score became +9. At his
third visit his AIO-VAS score decreased a bit to 68% and his BMIS score decreased to +8.
The Overall Wellness Assessment form indicated that his feeling was as usual at the
beginning of his participation and increase to slightly better than usual at the second and
third visits.

Scalp Topography Map


These scalp topographical maps were computed from the 19 EEG channels recorded by the
brain mapping system. These maps show the amplitude of the P300 recording for each
channel (in microvolts or µV) using a color-coding scale presented on the right side
referenced to Session 3 (red is for the maximum amplitude of 8 µV and dark blue for the
minimum amplitude of 0 µV). It can be noted that when he came in, his brain was more
active at the right parietal region of his brain. His brain became very hyperactive at the
second visit (Session 2), after wearing the X39 [TM] patch for 3 weeks. His brain calmed down
quite a bit after wearing the X39 [TM] patch for 6 weeks (Session 3). The patterns of brain
activity were different too with most activity in the middle and right parts of the brain.


© 2019 Psy-Tek Labs | 741 Garden View Court | Suite 206 | Encinitas, CA 92024 | 760.733.6000  Initials: _____ P. 39


# **Non-Invasive Scanning and Subtle Energy Testing Lab**

Coherence


Session 1


Session 2


Session 3


© 2019 Psy-Tek Labs | 741 Garden View Court | Suite 206 | Encinitas, CA 92024 | 760.733.6000  Initials: _____ P. 40


# **Non-Invasive Scanning and Subtle Energy Testing Lab**

EEG coherence can be defined as the normalized cross-power spectrum per frequency of
two signals recorded simultaneously at different sites of the scalp. It is a measure of the
synchronization between the two signals and may be interpreted as an expression of their
functional interaction (1). Coherence reflects how stable the phase relationship is between
two electrode sites. Coherence quantifies the degree of interaction or communication, shared
information, between brain sites. Hypercoherence is when brain sites are not functioning in
efficient interdependent fashion, they have too much “cross-talk”, they are overly connected
or locked together. Hypocoherence is called poor inter-site interaction and is associated with
diminished cognitive efficiency (2). The red lines between two sites indicate hypercoherence
while blue lines reflect hypocoherence. Beta brain waves are normally dominant in a person
awake, alert, with normal level of consciousness and brain function. Alpha become dominant
in a person with eyes closed, calm, aware and quietly alert. Theta brain waves show up in
deep relaxation, meditation and mental imagery (3). Participants were awake with eyes
closed during these measurements and so the most relevant results are those presented in
the Alpha (relaxation) and Beta (normal brain activity) bands.

At the beginning of his participation (Session 1), Participant 10 had some level of
hypocoherence in the occipital (back) of the head at all 3 frequency bands (Beta, Alpha and
Theta). After wearing the X39 [TM] patch for 3 weeks (Session 2), there was even less

hypocoherence lines (almost none in the Beta band, indicating normal coherence). After
wearing the X39 [TM] patch for 6 weeks (Session 3) there was a small increase in
hypocoherence mainly in the occipital part of the brain for Beta and Alpha frequency bands
and a huge increase in hypercoherence of the entire head at the Theta frequency band. This
could indicate some level of brain healing (3).

Screening Scores


© 2019 Psy-Tek Labs | 741 Garden View Court | Suite 206 | Encinitas, CA 92024 | 760.733.6000  Initials: _____ P. 41


# **Non-Invasive Scanning and Subtle Energy Testing Lab**

The goal is for each screening score to be inside the target range. If a score is below or
above the target range it is considered abnormal (too fast if below or too slow if above the
target time). An explanation of each of screening score follows. These explanations are
[provided by p3baseline (www.p3baseline.com).](http://www.p3baseline.com/)

_Physical Reaction time_

It is a measure of speed in response to an audible odd tone. This relies on different pathways
than the Auditory P300, so physical reaction time may be different than the brain speed.

_Trail Making_

A standard measure of brain function and includes measures of psychomotor and visual
scanning.

_-_
_Evoked Potentials_ _Auditory P300_

Auditory P300 is a measure of brain response speed and attentional resources. P300
slowing and/or a reduction in voltage may signal changes in cognitive function.


_-_
_State_ _CZ Theta/Beta_


Theta and Beta frequency bands are affected by cortical arousal and can give insight into
how the brain functions. In some people high Theta/Beta ratios at CZ may present as
inattention, while others may benefit from cortical arousal.


Researchers have shown that calculating the relative power ratio Theta/Beta at CZ can be
used to determine slow-wave disorders, ADHD, interpersonal detachment with qualitative
aspects of autistic or Asperger's behavior (3, 4, 5).


_-_
_State_ _F3/F4 Alpha_


Large differences in Alpha power between the left-front and right-front of the brain have been
associated with depression and/or anxiety.


Researchers also discovered that calculating F3/F4 relative power ratio in the Alpha band
means processing information in a positive way for an increase while a decrease in the ratio
indicated a more negative processing mode (6, 7).


© 2019 Psy-Tek Labs | 741 Garden View Court | Suite 206 | Encinitas, CA 92024 | 760.733.6000  Initials: _____ P. 42


# **Non-Invasive Scanning and Subtle Energy Testing Lab**

**Participant 11**

Female, 66, manager of a real estate office. For the entire duration of her participation she
placed the patch at the back of the neck. At her first visit she indicated that her sense of wellbeing was 100% on the AIO-VAS (0 = worst you have ever been; 100% = best you have ever
been) and her mood was +9 according to the BMIS (the BMIS scale goes from -10 = very
unpleasant to +10 = very pleasant). At her second visit, her AIO-VAS score decreased to
53% and the BMIS score stayed at +10 (she indicated she had no sleep the night before and
felt a bit tired). At her third visit her AIO-VAS score increased to 89% and her BMIS score
stayed at +10. The Overall Wellness Assessment form indicated that her feeling was a lot
better than usual at the first and third visits and slightly better than usual at her second visit.

Scalp Topography Map


These scalp topographical maps were computed from the 19 EEG channels recorded by the
brain mapping system. These maps show the amplitude of the P300 recording for each
channel (in microvolts or µV) using a color-coding scale presented on the right side
referenced to Session 3 (red is for the maximum amplitude of 6 µV and dark blue for the
minimum amplitude of 0 µV). It can be noted that when she came in, the right occipital region
of her brain was hyperactive. Her brain became extremely hyperactive at the second visit
(Session 2), after wearing the X39 [TM] patch for 3 weeks. Her brain calmed down dramatically
after wearing the X39 [TM] patch for 6 weeks (Session 3).


© 2019 Psy-Tek Labs | 741 Garden View Court | Suite 206 | Encinitas, CA 92024 | 760.733.6000  Initials: _____ P. 43


# **Non-Invasive Scanning and Subtle Energy Testing Lab**

Coherence


Session 1


Session 2


Session 3


© 2019 Psy-Tek Labs | 741 Garden View Court | Suite 206 | Encinitas, CA 92024 | 760.733.6000  Initials: _____ P. 44


# **Non-Invasive Scanning and Subtle Energy Testing Lab**

EEG coherence can be defined as the normalized cross-power spectrum per frequency of
two signals recorded simultaneously at different sites of the scalp. It is a measure of the
synchronization between the two signals and may be interpreted as an expression of their
functional interaction (1). Coherence reflects how stable the phase relationship is between
two electrode sites. Coherence quantifies the degree of interaction or communication, shared
information, between brain sites. Hypercoherence is when brain sites are not functioning in
efficient interdependent fashion, they have too much “cross-talk”, they are overly connected
or locked together. Hypocoherence is called poor inter-site interaction and is associated with
diminished cognitive efficiency (2). The red lines between two sites indicate hypercoherence
while blue lines reflect hypocoherence. Beta brain waves are normally dominant in a person
awake, alert, with normal level of consciousness and brain function. Alpha become dominant
in a person with eyes closed, calm, aware and quietly alert. Theta brain waves show up in
deep relaxation, meditation and mental imagery (3). Participants were awake with eyes
closed during these measurements and so the most relevant results are those presented in
the Alpha (relaxation) and Beta (normal brain activity) bands.

At the beginning of her participation (Session 1), Participant 11 had a mix of hypercoherence
(mainly Beta and Theta) and hypocoherence (occipital region in the Alpha band). After
wearing the X39 [TM] patch for 3 weeks (Session 2), most of the hypercoherence disappeared

(except for a little bit mainly in the Alpha frequency band). The lower number of
hypercoherence or hypocoherence is an indication that the brain coherence is becoming
more normal). After wearing the X39 [TM] patch for 6 weeks (Session 3) hypercoherence
reappeared in the frontal region of the brain, mainly in Beta and Alpha frequency bands while
hypocoherence appeared in the occipital region of the brain in the Theta frequency band.

Screening Scores


© 2019 Psy-Tek Labs | 741 Garden View Court | Suite 206 | Encinitas, CA 92024 | 760.733.6000  Initials: _____ P. 45


# **Non-Invasive Scanning and Subtle Energy Testing Lab**

The goal is for each screening score to be inside the target range. If a score is below or
above the target range it is considered abnormal (too fast if below or too slow if above the
target time). An explanation of each of screening score follows. These explanations are
[provided by p3baseline (www.p3baseline.com).](http://www.p3baseline.com/)

_Physical Reaction time_

It is a measure of speed in response to an audible odd tone. This relies on different pathways
than the Auditory P300, so physical reaction time may be different than the brain speed.

_Trail Making_

A standard measure of brain function and includes measures of psychomotor and visual
scanning.

_-_
_Evoked Potentials_ _Auditory P300_

Auditory P300 is a measure of brain response speed and attentional resources. P300
slowing and/or a reduction in voltage may signal changes in cognitive function.


_-_
_State_ _CZ Theta/Beta_


Theta and Beta frequency bands are affected by cortical arousal and can give insight into
how the brain functions. In some people high Theta/Beta ratios at CZ may present as
inattention, while others may benefit from cortical arousal.


Researchers have shown that calculating the relative power ratio Theta/Beta at CZ can be
used to determine slow-wave disorders, ADHD, interpersonal detachment with qualitative
aspects of autistic or Asperger's behavior (3, 4, 5).


_-_
_State_ _F3/F4 Alpha_


Large differences in Alpha power between the left-front and right-front of the brain have been
associated with depression and/or anxiety.


Researchers also discovered that calculating F3/F4 relative power ratio in the Alpha band
means processing information in a positive way for an increase while a decrease in the ratio
indicated a more negative processing mode (6, 7).


**Participant 12**

Male, 69, photographer. He indicated that he experiences problems or pain in his bones,
joints or muscles. For the entire duration of his participation he placed the patch three inches


© 2019 Psy-Tek Labs | 741 Garden View Court | Suite 206 | Encinitas, CA 92024 | 760.733.6000  Initials: _____ P. 46


# **Non-Invasive Scanning and Subtle Energy Testing Lab**

below the navel. At his first visit he indicated that his sense of well-being was 43% on the
AIO-VAS (0 = worst you have ever been; 100% = best you have ever been) and his mood
was +7 according to the BMIS (the BMIS scale goes from -10 = very unpleasant to +10 =
very pleasant). At his second visit, his AIO-VAS score increased to 57% and the BMIS score
became +4. At his third visit his AIO-VAS score decreased to 17% and his BMIS score
became to +5. He indicated that he had a bad cold for the last 7 days of his participation. The
Overall Wellness Assessment form indicated that his feeling was as usual during the entire
time of his participation. He also indicated that he has not noticed any physiological or
psychological change during the entire time of his participation.

Scalp Topography Map


These scalp topographical maps were computed from the 19 EEG channels recorded by the
brain mapping system. These maps show the amplitude of the P300 recording for each
channel (in microvolts or µV) using a color-coding scale presented on the right side
referenced to Session 3 (red is for the maximum amplitude of 6 µV and dark blue for the
minimum amplitude of 0 µV). It can be noted that when he came in, his brain was
hyperactive. His brain calmed down dramatically at the second visit (Session 2), after
wearing the X39 [TM] patch for 3 weeks and it remained within the normal activity range after
wearing the X39 [TM] patch for 6 weeks (Session 3).


© 2019 Psy-Tek Labs | 741 Garden View Court | Suite 206 | Encinitas, CA 92024 | 760.733.6000  Initials: _____ P. 47


# **Non-Invasive Scanning and Subtle Energy Testing Lab**

Coherence


Session 1


Session 2


Session 3


© 2019 Psy-Tek Labs | 741 Garden View Court | Suite 206 | Encinitas, CA 92024 | 760.733.6000  Initials: _____ P. 48


# **Non-Invasive Scanning and Subtle Energy Testing Lab**

EEG coherence can be defined as the normalized cross-power spectrum per frequency of
two signals recorded simultaneously at different sites of the scalp. It is a measure of the
synchronization between the two signals and may be interpreted as an expression of their
functional interaction (1). Coherence reflects how stable the phase relationship is between
two electrode sites. Coherence quantifies the degree of interaction or communication, shared
information, between brain sites. Hypercoherence is when brain sites are not functioning in
efficient interdependent fashion, they have too much “cross-talk”, they are overly connected
or locked together. Hypocoherence is called poor inter-site interaction and is associated with
diminished cognitive efficiency (2). The red lines between two sites indicate hypercoherence
while blue lines reflect hypocoherence. Beta brain waves are normally dominant in a person
awake, alert, with normal level of consciousness and brain function. Alpha become dominant
in a person with eyes closed, calm, aware and quietly alert. Theta brain waves show up in
deep relaxation, meditation and mental imagery (3). Participants were awake with eyes
closed during these measurements and so the most relevant results are those presented in
the Alpha (relaxation) and Beta (normal brain activity) bands.

At the beginning of his participation (Session 1), Participant 12 had a mix of hypercoherence
(mainly Beta and Alpha, frontal region) and hypocoherence (occipital region in al frequency
bands). After wearing the X39 [TM] patch for 3 weeks (Session 2), most of the hypercoherence
disappeared in the Alpha frequency band, stayed about the same in the Beta frequency band

and increased quite a bir in the Theta frequency band. (except for a little bit mainly in the
Alpha frequency band). The lower number of hypercoherence or hypocoherence is an
indication that the brain coherence is becoming more normal). After wearing the X39 [TM] patch
for 6 weeks (Session 3) hypercoherence disappeared (except in the frontal region in the
Beata frequency band), while hypocoherence appeared in the occipital region of the brain in
all frequency bands.

Screening Scores


© 2019 Psy-Tek Labs | 741 Garden View Court | Suite 206 | Encinitas, CA 92024 | 760.733.6000  Initials: _____ P. 49


# **Non-Invasive Scanning and Subtle Energy Testing Lab**

The goal is for each screening score to be inside the target range. If a score is below or
above the target range it is considered abnormal (too fast if below or too slow if above the
target time). An explanation of each of screening score follows. These explanations are
[provided by p3baseline (www.p3baseline.com).](http://www.p3baseline.com/)

_Physical Reaction time_

It is a measure of speed in response to an audible odd tone. This relies on different pathways
than the Auditory P300, so physical reaction time may be different than the brain speed.

_Trail Making_

A standard measure of brain function and includes measures of psychomotor and visual
scanning.

_-_
_Evoked Potentials_ _Auditory P300_

Auditory P300 is a measure of brain response speed and attentional resources. P300
slowing and/or a reduction in voltage may signal changes in cognitive function.


_-_
_State_ _CZ Theta/Beta_


Theta and Beta frequency bands are affected by cortical arousal and can give insight into
how the brain functions. In some people high Theta/Beta ratios at CZ may present as
inattention, while others may benefit from cortical arousal.


Researchers have shown that calculating the relative power ratio Theta/Beta at CZ can be
used to determine slow-wave disorders, ADHD, interpersonal detachment with qualitative
aspects of autistic or Asperger's behavior (3, 4, 5).


_-_
_State_ _F3/F4 Alpha_


Large differences in Alpha power between the left-front and right-front of the brain have been
associated with depression and/or anxiety.


Researchers also discovered that calculating F3/F4 relative power ratio in the Alpha band
means processing information in a positive way for an increase while a decrease in the ratio
indicated a more negative processing mode (6, 7).


**Statistical Analysis**

For each session, Physical Reaction Time, Trail Making Test A and B, Audio P300 Delay and
Voltage, CZ Theta/Beta, AIO-VAS well-being score and BMIS mood score were averaged


© 2019 Psy-Tek Labs | 741 Garden View Court | Suite 206 | Encinitas, CA 92024 | 760.733.6000  Initials: _____ P. 50


# **Non-Invasive Scanning and Subtle Energy Testing Lab**

over all participants. The means were compared between sessions for statistical significance
using t-test or a non-parametric equivalent. As shown in the table below significant results
were obtained for Physical Reaction Time and Audio P300 Voltage. According to the table,
physical reaction time increased significantly at Session 2 compared to Session 1. There was
no significant difference between Session 3 and Session 1 suggesting a return of the
reaction time to that before the start of the experiment. Audio P300 Voltage decreased
significantly at Session 2 and Session 3 compared to Session 1. The usual critical value of
0.05 was used to determine statistical significance (significant results are presented in red in
the table).

|Col1|Physical Reaction Time (ms)|Col3|Col4|Audio P300 Voltage (µV)|Col6|Col7|
|---|---|---|---|---|---|---|
||**Session 1**|** Session 2**|**Session 3**|** Session 1**|**Session 2**|** Session 3**|
|**Ave.:**|348|371|358|12.1|6.9|7.9|
|**SD:**|49.6|55.1|63.3|5.4|4.5|3.7|
|**p=**||0.016|0.337||0.004|0.017|
|**p(2-3)=**|||0.143|||0.466|


## **Discussion**


All participants showed dramatic changes in their scalp topographic maps reporting the
amplitude of the P300 recording for each channel and also in their coherence maps.
According to their coherence maps, the majority of participants started with an over active
brain (#1, #2, #3, #4, #5, #6, #7, #11 and #12) and their brain calmed down significantly after
3 weeks of wearing the X39 [TM] patch. For #6 and #7 the brain became very active again after
6 weeks. For #12 the brain became more active after 3 weeks and calmed down only after 6
weeks. Participant 8 experienced a great increase in brain activity after 3 weeks. Her brain
calmed down significantly and became more normal (i.e. less high or low coherences) after 6
weeks. Participants 9 and 10 experienced a dramatic increase in brain activity only at the 6
weeks visit. Several participants reported various improvements (#1, #3, #7, #8) and most of
them reported feeling slightly better or a lot better at the end of their participation (#1, #2, #3,
#5, #7, #8, #10, #11).

The statistically significant increase in physical reaction time at Session 2 may be due to the
effect of the X39 [TM] patch on the physiology of the participants. The fact that the physical
reaction time returned to the initial average value after 6 weeks suggests that there is a
temporary physiological effect due to the X39 [TM] patch that readjusts itself to a normal level
within a 6-week period. The significantly lower average values of Audio P300 Voltage at
Session 2 and at Session 3 compared to Session 1, coupled with the coherence results,
suggest that the initial Audio P300 Voltage was high and reflects a brain that is hyperactive.
Application of a X39 [TM] patch for 3 weeks brought the Audio P300 Voltage to a normal level
and that levels stayed normal at the end of 6 weeks.


© 2019 Psy-Tek Labs | 741 Garden View Court | Suite 206 | Encinitas, CA 92024 | 760.733.6000  Initials: _____ P. 51


# **Non-Invasive Scanning and Subtle Energy Testing Lab**

## **Conclusion**

All participants showed dramatic changes in their scalp topographic maps reporting the
amplitude of the P300 recording for each channel and also in their coherence maps.
According to their coherence maps, the majority of participants started with an over active
brain and their brain calmed down significantly after 3 weeks of wearing the X39 [TM] patch.
Several participants reported various notable improvements and most participants reported
feeling slightly better or a lot better at the end of their participation.

There was a statistically significant increase in physical reaction time at Session 2 that may
be due to the effect of the X39 [TM] patch on the physiology of the participants. The fact that the
physical reaction time returned to the initial average value after 6 weeks suggests that there
is a temporary physiological effect due to the X39 [TM] patch that readjusts itself to a normal
level within a 6-week period. The significantly lower average values of Audio P300 Voltage at
Session 2 and at Session 3 compared to Session 1, coupled with the coherence results,
suggest that the initial Audio P300 Voltage was high and reflects a hyperactive brain.
Application of a X39 [TM] patch for 3 weeks brought the Audio P300 Voltage to a normal level
and that level stayed normal until the end of the 6-week duration of the study.

## **References**

1- Locatelli, T., Cursi, M., Liberati, D., Franceschi, M. & Comi, G. (1998) EEG coherence in

Alzheiner’s disease. Neurophysiology, 106, 229-237.
2- Warner, S. (2013) Cheat Sheet for Neurofeedback. Retrieved on 4/24/2019 from:

[http://www.stresstherapysolutions.com/uploads/STSCheatSheetoftheBrain.pdf](http://www.stresstherapysolutions.com/uploads/STSCheatSheetoftheBrain.pdf)
3- Colgin, L.L. (2013) Mechanisms and Functions of Theta Rhythms. Annual Review of

Neuroscience, 36, 295-312.
4- Monastra, V. J., Lubar, J. F., Linden, M., VanDeusen, P., Green, G., Wing, W., Phillips, A., &

Fenger, T. N. (1999). Assessing attention deficit hyperactivity disorder via quantitative
electroencephalography: an initial validation study. Neuropsychology, 13(3), 424-433.
5- Snyder, S., & Hall, J. (2006). A meta-analysis of quantitative EEG power associated with attention
deficit hyperactivity disorder. Journal of Clinical Neurophysiology, 23 (5), 440-455.
6- Thibodeau, R., Jorgensen, R. S., & Kim, S. (2006). Depression, anxiety, and resting frontal EEG

asymmetry: A meta-analytic review. Journal of Abnormal Psychology, 115 (1), 715-729.
7- Imotion. (2017) Frontal Asymmetry 101 – How to Get Insights on Motivation and Emotions from

EEG. Retrieved on 4/24/2019 from: [https://imotions.com/blog/frontal-asymmetry-101-get-](https://imotions.com/blog/frontal-asymmetry-101-get-insights-motivation-emotions-eeg/)
[insights-motivation-emotions-eeg/](https://imotions.com/blog/frontal-asymmetry-101-get-insights-motivation-emotions-eeg/)


© 2019 Psy-Tek Labs | 741 Garden View Court | Suite 206 | Encinitas, CA 92024 | 760.733.6000  Initials: _____ P. 52


# **Non-Invasive Scanning and Subtle Energy Testing Lab**

## **APPENDIX A** **Gaétan Chevalier, Ph.D.,** **Biographical Sketch**

Dr. Gaétan Chevalier received his Ph.D. from the University of Montréal in Atomic Physics
and Laser Spectroscopy in 1988. After 4 years of research at UCLA in the field of nuclear
fusion, he became professor and Director of Research at the California Institute for Human
Science (CIHS) in 1993 where, for 10 years, he conducted research projects on human
physiology and electrophysiology as well as being Director of the Life Physics Department
and Research Director. Dr. Chevalier is currently Lead Faculty at CIHS, Visiting Scholar in
the Department of Family Medicine and Public Health at UCSD, and he has been Director of
Research at Psy-Tek Labs since June 2010.


© 2019 Psy-Tek Labs | 741 Garden View Court | Suite 206 | Encinitas, CA 92024 | 760.733.6000  Initials: _____ P. 53


# **Non-Invasive Scanning and Subtle Energy Testing Lab**

## **APPENDIX B** **Mary D. Clark, Ph.D.,** **Biographical Sketch**

Mary D. Clark, Ph.D. is a licensed psychologist in Arizona, and is a licensed marriage family
therapist and licensed educational psychologist in California. She maintains both a private
practice and a healing practice in Encinitas, California. Mary is a Certified Energy Healing
Instructor, a Senior Certified Energy Healer, and past coordinator of the Energy Healing
Certification Program for the central and western states. She has practiced and taught
Energy Healing for over 10 years,


© 2019 Psy-Tek Labs | 741 Garden View Court | Suite 206 | Encinitas, CA 92024 | 760.733.6000  Initials: _____ P. 54",2025-08-29 21:05:02.582722+00
treatment-of-obesity-by-acupuncture,"Intern. J. Neuroscience, 116:165–175, 2006

Copyright  2006 Taylor & Francis LLC

ISSN: 0020-7454 / 1543-5245 online

DOI: 10.1080/00207450500341522


**THE TREATMENT OF OBESITY**

**BY ACUPUNCTURE**


**MEHMET TUGRUL CABÝOGLU**

**NEYHAN ERGENE**


Department of Physiology
Selçuk University
Faculty of Meram Medical
Konya, Turkey


**UNER TAN**


Department of Physiology
Cukurova University
Faculty of Medical
Adana, Turkey


The present study is an investigation of the results of the studies on the effects

of acupuncture application therapy on obesity. It has been reported that acu
puncture application in obesity treatment is effective in procuring weight loss.

It can affect appetite, intestinal motility, and metabolism, as well as emotional

factors such as stress. Increases in neural activity in the ventromedial nuclei of
the hypothalamus, in tone in the smooth muscle of the stomach and in levels of

enkephalin, beta endorphin, and serotonin in plasma and brain tissue have also

been observed with the application of acupuncture. It has been observed that

acupuncture application to obese people increases excitability of the satiety

center in the ventromedial nuclei of the hypothalamus. Acupuncture stimulates

the auricular branch of the vagal nerve and raises serotonin levels. Both of

these activities have been shown to increase tone in the smooth muscle of the

stomach, thus suppressing appetite. Among other things, serotonin enhances

intestinal motility. It also controls stress and depression via endorphin and


Received 28 January 2005.

Address correspondence to Dr. Mehmet Tugrul Cabýoglu Hamidiye Mah., Ince Minare Sok., 1.
Nizam Apt., No: 9/102 Selçuklu 42040, Konya, Turkey. E-mail: tugcab@yahoo.com


165


166 M. T. CABÝOGLU ET AL.


dopamine production. In addition to these effects, it is thought that the increase

in plasma levels of beta endorphin after acupuncture application can contribute

to the body weight loss in obese people by mobilizing the body energy depots
through lipolithic effect.


**Keywords** acupuncture, appetite, beta endorphin, enkephalin, obesity, Serotonin


**INTRODUCTION**


Obesity could well become the most common health problem of the 21st
century (Palou et al., 2000). Obesity is a disease resulting from the over
storage of fat in the body. It is a problem concerning the balance of energy.
An imbalance between energy input and energy consumption causes an increase in the body fat rate (Palou et al., 2000). It is known that the prevalence of obesity in adults and children has been increasing significantly around
the world (Weinstock et al., 1998). In this century, obesity has been seen
especially in industrial countries (Leonhardt et al., 1999). The over-consumption of delicious, high-calorie food and decrease in physical activity play
major roles in increasing the prevalence of obesity in industrial countries
(Campfield et al., 1996; Hill & Peters, 1998). The cost of treatment of obesity and obesity-related diseases is significant in general health expenditures
in the United States (Bray, 1998).
The general principles of obesity treatment are to obtain weight loss, to
maintain the reduced body weight after this loss, and to control the risk
factors of disease. At the onset of obesity treatment, a 10% body weight
reduction is targeted. After a one to two kg per week weight loss is observed
over 6 months, new goals can be determined (Lyznicki et al., 2001).
Treatments for obesity include: diet restriction, regulation of physical
activity, behavior treatment, pharmacotherapy, operation, or acupuncture application or the use of any of these methods in combination (Cabýoglu &
Ergene, 2005; Ernst, 1997; Richards & Marley, 1998).
Complementary medicine is more popular than ever before. About one
third to one half of the general population uses some type of complementary
treatment. Acupuncture is among the most popular complementary treatments.


**TREATMENT OF OBESITY BY ACUPUNCTURE APPLICATIONS**


Cabýoglu and Ergene (2005) applied body and ear acupuncture for 20 days
to 22 women who had a body mass index (BMI) between 30 and 40 while a


TREATMENT OF OBESITY BY ACUPUNCTURE 167


1425 Kcal diet program was prepared for 21 women under the same circumstances. Besides, there was a control group including 12 women. In this
study, associated with body weight, levels of the serum total cholesterol,
triglyceride, HDL cholesterol and LDL cholesterol in obese women were
examined. In acupuncture treatment, the Hungry and Shen Men ear points,
and the Hegu (LI 4), Quchi (LI 11), Tianshu (St 25), Zusanli (St 36), Neiting
(St 44) and Taichong (Liv 3) body points were used. There was a 4.8%
weight reduction in obese women with electroacupuncture application, whereas
obese women in diet restriction had a 2.5% weight reduction. There were
significant decreases in total cholesterol and triglycerides levels in EA and
diet groups compared with the control group. Furthermore, there was a decrease in LDL levels in the EA group compared with those in the control

group.
Huang et al. (1996) applied auricular acupuncture and diet and aerobics
exercise programs for 8 weeks to 8 men who had a body mass index (BMI)
over 30 and body fat rate over 25% and to 37 women who had a BMI over
30 and body fat rate over 30%. In the auricular acupuncture application, the
points Shen Men, Stomach, Sanjiao, and Hungry were chosen. Weekly application was made to a single ear each session, using one ear in one session
and the other ear in the next session. The diet program was prepared by a
dietician to meet the daily needs of the people participating in the study by
calculating their anticipated daily activities, as well as other factors. The
exercise program was arranged to be 3 to 5 times per week and to burn 300
to 500 kcal of energy in each session. As a result of this triple application, an
average 4.4 kg body weight loss and a 5.6% reduction in body fat rate were

observed.

Sun and Xu (1993) applied auricular and body acupuncture therapy to
110 obese patients. In this study, a small, spherical seed, a method employed
in traditional Chinese acupuncture, was applied to the auricular acupuncture
points, Mouth, Esophagus Stomach, Shen Men, Lung, and Endocrine in sessions three to five days apart. This application was made first on one ear and
then on the other ear in the following session. Additional application was
made to the body acupuncture points Tianshu (St 25), Zusanli (St 36), Sanyinjiao
(Sp 6), Neiguan (P 6), and Fenglong (St 40). This application was performed
once every 3 to 5 days, in 15 min sessions over 3 months. As a result of
these applications, a 5.0 kg loss in body weight was observed.
Shafshak (1995) performed a study with 30 obese females, dividing them
into three groups each including 10 females. He applied electroacupuncture
to the Stomach points on both ears of the subjects in the first group, to the


168 M. T. CABÝOGLU ET AL.


Hungry points on both ears of the subjects in the second group, and to placebo points on both ears of the subjects in the third group. These applications
continued once a day, five days a week, for three weeks. Also a diet of 1000
kcal/day was advised to patients. In the first group, 80% of the patients
managed to apply the diet. The rate of diet application for the second group
was 70%, whereas that of the third group was 20%. In all patients applying
the diet, the observed body weight loss was 1 to 4 kg in the first group, 1.5
to 3.5 kg in the second group and 1 to 3 kg in the third group. According to
the results of this study, it was observed that the auricular acupuncture points
Stomach and Hungry were effective in weight loss when compared with
placebo points.
Through electroacupuncture to obese people, increases in the serum triglyceride and LDL cholesterol levels and a decrease in the serum HDL cholesterol levels were reported by Lyznicki and his colleagues (2001). These
two levels are thought to have particular ties to cardiovascular disease. Liu et
al. (1992), using the ear and body acupuncture points of traditional Chinese
acupuncture, applied acupuncture to 102 obese people and studied the changes
in body weight and plasma levels of total cholesterol, triglycerides, HDL
cholesterol, and LDL cholesterol. Ear acupuncture was applied once every 5
days and body acupuncture was performed once every 3 days in 20-min
sessions over a 1 month period. In Liu’s study, a weight loss with a mean
value of 3.3 kg was noted. Also, decreases in plasma levels of total cholesterol, triglyceride, and LDL cholesterol levels and an increase in the HDL
cholesterol level were observed. Sun and Xu (1993) performed ear and body
acupuncture to obese people and analyzed the changes in body weight and
levels of total cholesterol, triglyceride, and HDL cholesterol. They applied
acupuncture to the Mouth, Esophagus, Stomach, Shen Men, Endocrine, and
Lung acupuncture points on one ear once every three or five days, and on the
other ear in the next session by using small seeds that are used in some
traditional Chinese acupuncture methods. They also applied acupuncture to
the St 25, St 36, Sp 6, P 6, and St 40 body points once every three or five
days using acupuncture needles. In their study, it was observed that decreases
in plasma levels of total cholesterol and triglyceride corresponded with weight
loss. Therefore, they concluded that EA therapy may be a useful approach to
treatment of obesity and potentially decrease the risk factors associated with
obesity.
Stimulation of the Hungry point creates an increase of the fullness feeling and a repression of the hunger feeling (Asomoto & Takeshige, 1992).
Stimulation of the Shen Men point regulates cerebral cortex function and has


TREATMENT OF OBESITY BY ACUPUNCTURE 169


a sedative effect (Wang & Kain, 2001). Stimulation of the Stomach point
stimulates the auricular branch of the vagal nerve, which has been shown to
increase tone in the smooth muscle of the stomach, thus suppressing appetite
(Richards & Marley, 1998). Stimulation of the LI 4, LI 11, and St 25 body
acupuncture points has a regulatory effect on intestinal motility (Maciocia,
1989), whereas stimulation of St 36 and St 44 increases excitability of the
satiety center in the ventral medial nucleus of the hypothalamus (Zhao et al.,
2000). In traditional Chinese medicine, the St 36 body acupuncture point has
been used for the treatment of both diarrhea and constipation. This point has
been reported to regulate gastrointestinal motility by increasing motility in
people with hypoactive intestinal motility and conversely by decreasing
motility in people with hyperactive intestinal motility (Li et al., 1992). Stimulation of this point also increases the amplitude and frequency of gastric
peristalsis that shortens gastric emptying time and delays the contraction time
in regular people (Li et al., 1992).


**ACUPUNCTURE APPLICATION AND SUPPRESSING APPETITE**


In the treatment of obesity, acupuncture applications, especially auricular
acupuncture, are very effective for losing weight in obese people (Sun & Xu,
1993; Lei, 1988; Mulhisen & Rogers, 1999). Although diet application causes
weight loss in obesity treatment, it has no effect on suppression of appetite
(Richards & Marley, 1998). Many overweight people are aware that diets can
help with weight loss but have difficulty in suppressing their appetite. However, it has been determined that acupuncture application is effective both in
weight loss (Zhan, 1993; Sun & Xu, 1993) and in suppression of appetite
(Shiraishi et al., 1995; Zhao et al., 2000).
Shiraishi et al. (1995) reported the changes in neural activity of the
ventromedial (VMH) and lateral hypothalamus (LH) through auricular acupuncture application on normal and experimentally obese rats. One experimental group of obese rats was obtained by destroying the ventromedial
hypothalamus and another through a high-calorie diet. Auricular acupuncture
application was performed to the region that was innerved by the nervous
vagus on a single ear. This region is called the cavum conchae on human
beings. Although the neural activity of the LH is diminished in normal rats
by auricular acupuncture application, the neural activity of the VMH is increased. Likewise, neural activity of the LH was reduced in both of the two
experimental groups of obese rats, and neural activity of the VMH was increased in the group of high-calorie diet, obese rats. As a result, it was


170 M. T. CABÝOGLU ET AL.


determined that auricular acupuncture application is effective in the formation and protection of the satiety sense in both normal and obese rats.
Zhao et al. (2000) in their study on rats, applied electroacupuncture on
one side of the body on 1 day and on the other side the following day, for 12
days in 5-min daily sessions. For this test, they chose the Zusanli (St 36) and
Neiting (St 44) points. It was observed that electroacupuncture application on
rats increased excitability of the satiety center in the ventromedial nucleus of
the hypothalamus.
Wenhe and Yucan (1981) observed that the level of serotonin (5-HT) in
the central nervous system increased with acupuncture application (Figure 1).
Serotonin has been implicated in the control of eating behavior and body
weight. Stimulants of this monoamine reduce food intake and body weight,
increase energy expenditure (Curzon, 1990; Simansky, 1996), and enhance
intestinal motility (Guyton & Hall, 2001). This effect of 5-HT that reduces
food intake can be observed on 5-HT receptors of the satiety center in the
ventromedial nuclei of the hypothalamus (Sarah et al., 1998). Besides that, it
was noted that serotonin gave happiness, helped a person to feel good, controlled the sexual motivation, and had a role in obtaining the psychomotor
balance (Guyton & Hall, 2001). Acupuncture stimulates the auricular branch
of the vagal nerve and raises serotonin levels. Both of these activities have

been shown to increase tone in the smooth muscle of the stomach, thus

suppressing appetite (Richards & Marley, 1998). It is thought that an increase in the level of serotonin in the central nervous system with acupuncture application can provide weight loss, as it has a role in both reducing
food intake and arranging the psychomotor balance (Figure 2).











**Figure 1.** Effects of acupuncture stimulation on the levels of neurotransmitter levels in the

central nervous system and plasma.


TREATMENT OF OBESITY BY ACUPUNCTURE 171















**Figure 2.** Acupuncture application and suppressing of appetite.


**ACUPUNCTURE, BETA ENDORPHIN,**

**AND LIPOLITIC ACTIVITY**


In many studies it has been observed that electroacupuncture application caused
an increase in the levels of beta endorphin both in serum and in the central
nervous system (Jin et al., 1996; Takeshige et al., 1992, 1993; Fu, 2000; Petti
et al., 1998) (Figure 1). It has been determined that electroacupuncture application with different current frequencies causes the secretion of different
endojen opioids. It also has been observed that low current frequency (2 Hz)
electroacupuncture application increases the concentration of endomorphins,
enkephalins, and beta endorphin but high current frequency (100 Hz) electroacupuncture application increased the concentration of dynorphin in the central nervous system (Han et al., 1999) (Figure 1).
The studies that showed the lipolitic activity of pro-opiomelanocortin
products were performed as in vivo and in vitro studies on animals (Schwandt,
1985; Richter et al., 1983; Richter & Schwandt, 1985). Richter et al. (1983)

investigated the lipolitic activity of beta endorphin in the isolated fat cells of
rabbits in vivo. It was determined that as a result of the effect of beta endorphin


172 M. T. CABÝOGLU ET AL.











**Figure 3.** Acupuncture application and lipolitic activity.


on fat cells, the levels of free fatty acid and glycerol increased in the rabbit
plasma. This effect was blocked by naloxone. Vettor et al. (1993) studied the
lipolitic activity of beta endorphin in isolated human fat tissue. In their study,
it was observed that whereas BE application caused the increase of glycerol
secretion from isolated fat cells, naloxone inhibited this effect.

According to the results obtained from these studies, it is thought that
electroacupuncture, which increases the plasma beta endorphin levels, can
contribute to the weight loss by increasing the lipolithic activity (Figure 3).


**CONCLUSION**


It has been observed that acupuncture application depresses the appetite by
activating the satiety center in the hypothalamus and increasing sympathetic
activity through an increase in the concentration of serotonin in the central
nervous system of obese people. Acupuncture stimulates the auricular branch
of the vagal nerve, which has been shown to increase tone in the smooth
muscle of the stomach, thus suppressing appetite. It also controls stress and
depression via endorphin and dopamine production. In addition to these
effects it is thought that the increases of plasma levels of beta endorphin
naturally occurring after acupuncture application can contribute to body weight


TREATMENT OF OBESITY BY ACUPUNCTURE 173


loss in obese people. This is accomplished by mobilizing the body energy
depots by lipolithic effect. Through these mechanisms, acupuncture application can be seen as an effective therapy in the treatment of obesity.


**REFERENCES**


Asomoto, S., & Takeshige, C. (1992). Activation of the satiety center by auricular
acupuncture point stimulation. _Brain Research Bulletin, 29_ (2), 157–164.
Bray, G. A. (1998). Obesity: A time bomb to be defused. _Lancet, 352_ (9123), 160–161.
Cabýoglu, M. T., & Ergene, N. (2005). Electroacupuncture therapy for weight loss
reduces serum total cholesterol, triglycerides, and LDL cholesterol levels in obese
women. _The American Journal of Chinese Medicine_, _33_ (4), 525–533.
Campfield, L. A., Smith, F. J., & Burn, P. (1996). The OB protein (Leptin) Pathwaya link between adipose tissue mass and central neural networks. _Hormone and_

_Metabolic Research, 28_ (12), 619–632.

Curzon, G. (1990). Serotonin and appetite. _Annals of the New York Academy of Sci-_

_ences, 600_, 521–530.

Ernst, E. (1997). Acupuncture/acupressure for weight reduction? A systematic review.
_Wiener Klinische Wochenschrift, 109_ (2), 60–62.
Fu, H. (2000). What is the material base of acupuncture? The nerves! _Medical Hy-_
_potheses, 54_ (3), 358–359.
Guyton, A. C., & Hall, J. E. (2001). _Textbook of Medical Physiology_ . Philadelphia:

WB Saunders.

Han, Z., Jiang, Y. H., Wan, Y., Wang, Y., Chang, J. K., & Han, J. S. (1999). Endomorphin1 mediates 2 Hz but not 100 Hz electroacupuncture analgesia in the rat _. Neuro-_
_science Letters, 274_ (2), 75–78.

Hill, J. Q., & Peters, J. C. (1998). Environmental contribution to the obesity epidemic. _Science, 280_ (5368), 1371–1374.

Huang, M. H., Yang, R. C., & Hu, S. H. (1996). Preliminary results of triple therapy
for obesity. _International Journal of Obesity and Related Metabolic Disorders,_

_20_ (9), 830–836.

Jin, H. O., Zhou, L., Lee, K. Y., Chang, T. M., & Chey, W. Y. (1996). Inhibition of
acid secretion by electrical acupuncture is mediated via beta-endorphin and somatostatin. _American Journal of Physiology, 271_, 524–530.
Lei, Z. P. (1988). Treatment of 42 cases of obesity with acupuncture. _Journal of_
_Traditional Chinese Medicine, 8_ (2), 125–126.

Leonhardt, M., Hrupka, B., & Langhans, W. (1999). New approaches in the pharmacological treatment of obesity. _European Journal of Nutrition, 38_ (1), 1–13.
Li, Y., Tougas, G., Chiverton, S. G., & Hunt, R. H. (1992). The effect of acupuncture on gastrointestinal function and disorder. _American Journal of Gastroenter-_
_ology, 87_ (10), 1372–1381.


174 M. T. CABÝOGLU ET AL.


Liu, Z., Sun, F., Li, J., Shi, X., Hu, L., Wang, Y., & Qian, Z. (1992). Prophylactic
and therapeutic effects of acupuncture on simple obesity complicated by cardiovascular diseases. _Journal of Traditional Chinese Medicine, 12_ (1), 21–29.
Lyznicki, J. M., Young, D. C., Riggs, J. A., & Davis, R. M. (2001). Obesity: Assessment and management in primary care. _American Family Physician, 63_ (11), 2139–

2145.

Maciocia, G. (1989). _The Foundations of Chinese Medicine_ . New York: Churchill
Livingstone.
Mulhisen, K., & Rogers, J. Z. (1999). Complementary and alternative modes of therapy
for the treatment of the obese patient. _Journal of the American Osteopathic As-_

_sociation, 99_, 8–12.

Palou, A., Serra, F., Bonet, M. L., & Pico, C. (2000). Obesity: molecular bases of a
multifactorial problem. _European Journal of Nutrition, 39_ (4), 127–144.
Petti, F., Bangrazi, A., Liguori, A., Reale, G., & Ippoliti, F. (1998). Effects of acupuncture on immune response related to opioid-like peptides. _Journal of Tradi-_
_tional Chinese Medicine, 18_ (1), 55–63.

Richards, D., & Marley, J. (1998). Stimulation of auricular acupuncture points in
weight loss. _Australian Family Physician, 27_ (2), 73–77.
Richter, W. O., Kerscher, P., & Schwandt, P. (1983). Beta-endorphin stimulates in
vivo lipolysis in the rabbit. _Life Sciences, 33_ (1), 743–746.
Richter, W. O., & Schwandt, P. (1985). Peptide hormones and lipolysis in rabbits
adipocytes. _Hormone and Metabolic Research, 17_ (3), 127.
Schwandt, P. (1985). Hypothalamic control of lipid metabolism _._ _Acta Neurochirurgica,_

_75_ (1–4), 122–124.

Shafshak, T. S. (1995). Electro-acupuncture and exercise in body weight reduction
and their application in rehabilitating patients with knee osteoarthritis. _American_
_Journal of Chinese Medicine, 23_ (1), 15–25.
Shiraishi, T., Onoe, M., Kojima, T., Sameshima Y., & Kageyama, T. (1995). Effects
of auricular stimulation on feeding-related hypothalamic neuronal activity in normal
and obese rats. _Brain Research Bulletin, 36_ (2), 141–148.

Simansky, K. J. (1996). Serotonergic control of the organization of feeding and satiety. _Behavioural Brain Research, 73_ (1–2), 37–42.
Sun, Q., & Xu, Y. (1993). Simple obesity and obesity hyperlipemia treated with otoacupoint pellet pressure and body acupuncture. _Journal of Traditional Chinese Medicine,_

_13_ (1), 22–26.

Takeshige, C., Nakamura, A., Asamoto, S., & Arai, T. (1992). Positive feed-back
action of pituitary beta endorphin on acupuncture analgesia afferent pathway.

_Brain Research Bulletin, 27_ (1), 37–44.

Takeshige, C., Oka, K., Mizuno, T., Hisamitsu, T., Luo, C. P., Kobori, M., et al.
(1993). The acupuncture point and its connecting central pathway for producing
acupuncture analgesia. _Brain Research Bulletin, 30_ (1–2), 53–67.


TREATMENT OF OBESITY BY ACUPUNCTURE 175


Vettor, R., Pagano, C., Fabris, R., Lombardi, A. M., Macor, C., & Federspil, G. (1993).
Lipolytic effect of beta-endorphin in human fat cells. _Life Sciences, 52_ (7), 657–661.
Wang, S. M., & Kain, Z. N. (2001). Auricular acupuncture: A potential treatment for
anxiety. _Anesthesia and Analgesia, 92_ (2), 548–553.

Weinstock, R. S., Dai, H., & Wadden, T. A. (1998). Diet and exercise in the treat
ment of obesity. _Archives of Internal Medicine, 158_ (22), 2477–2483.
Wenhe, Z., & Yucun, S. (1981). Change in levels of monoamine neurotransmitters
and their main metabolites of rat brain after electric acupuncture treatment. _In-_
_ternational Journal of Neuroscience, 15_ (3), 147–149.
Zhan, J. (1993). Observations on the treatment of 393 cases of obesity by semen
pressure on auricular points. _Journal of Traditional Chinese Medicine, 13_ (1),

27–30.

Zhao, M., Liu, Z., & Su, J. (2000). The time-effect relationship of central action in
acupuncture treatment for weight reduction. _Journal of Traditional Chinese Medicine,_

_20_ (1), 26–29.",2025-08-29 21:05:03.049206+00
acupressure-treatment-of-morning-sickness-in-pregnancy-a-randomised-double-blind-placebo-controlled-study,"### **Scandinavian Journal of Primary Health Care**

**[ISSN: 0281-3432 (Print) 1502-7724 (Online) Journal homepage: https://www.tandfonline.com/loi/ipri20](https://www.tandfonline.com/loi/ipri20)**

## **Acupressure treatment of morning sickness in** **pregnancy. A randomised, double-blind, placebo-** **_controlled study_**


**Arne Johan Norheim, Erik Jesman Pedersen, Vinjar Fønnebø, Lillian Berge**


**To cite this article:** Arne Johan Norheim, Erik Jesman Pedersen, Vinjar Fønnebø, Lillian Berge
(2001) Acupressure treatment of morning sickness in pregnancy. _Arandomised,double-blind,_
_placebo-controlledstudy_, Scandinavian Journal of Primary Health Care, 19:1, 43-47, DOI:
[10.1080/02813430120819](https://www.tandfonline.com/action/showCitFormats?doi=10.1080/02813430120819)


**To link to this article:** [https://doi.org/10.1080/02813430120819](https://doi.org/10.1080/02813430120819)


© 2001 Informa UK Ltd All rights reserved:
reproduction in whole or part not permitted


Published online: 12 Jul 2009.


[Submit your article to this journal](https://www.tandfonline.com/action/authorSubmission?journalCode=ipri20&show=instructions)


Article views: 1965


[View related articles](https://www.tandfonline.com/doi/mlt/10.1080/02813430120819)


Full Terms & Conditions of access and use can be found at
[https://www.tandfonline.com/action/journalInformation?journalCode=ipri20](https://www.tandfonline.com/action/journalInformation?journalCode=ipri20)


ORIGINAL PAPER

# Acupressure treatment of morning sickness in pregnancy - - _A randomised double blind_,, placebo controlled study


Arne Johan Norheim [1], Erik Jesman Pedersen [2], Vinjar Fønnebø [2] and Lillian Berge [3]


1 Havnegata General Practice, Harstad, 2 Institute of Community Medicine, University of Tromsø, 3 Maternity Unit,
Aker Hospital, Oslo, Norway.


**Scand J Prim Health Care 2001;19:43–47. ISSN 0281-3432** **However, a signicance level of 5% was reached only in the case**
**of duration of symptoms, which was reduced by 2.74 hours in the**
_**Objecti**_ Ø _**e**_ **– To nd out whether acupressure wristband can allevi-** **intervention group compared to 0.85 hours in the placebo group**
**ate nausea and vomiting in early pregnancy.** **(p 5** **0.018).**
_**Design**_ **– Double-blind, placebo-controlled study.** _**Conclusions**_ **– Acupressure wristband might be an alternative ther-**
_**Subjects**_ **– 97 women with mean gestational length completed 8–12** **apy for morning sickness in early pregnancy, especially before**
**weeks.** **pharmaceutical treatment is considered.**
_**Main outcome measures**_ **– Symptoms were recorded according to**
**intensity, duration and nature of complaints.** _**Key words: nausea, pregnancy, acupressure, acupuncture, alterna-**_
_**Results**_ **– 71% of women in the intervention group reported both** **tive medicine.**
**less intensive morning sickness and reduced duration of symptoms.**
**The same tendency was seen in the placebo group, with 59% re-** _**Arne Johan Norheim**_ **,** _**Ha**_ Ø _**negata General Practice**_ **,** _**Ha**_ Ø _**negata 1,**_
**porting less intensity and 63% shorter duration of symptoms.** _**NO**_ **-9479** _**Harstad**_ **,** _**Norway**_ **.**



Traditional Chinese acupuncture has for years been
presented as a useful antiemetic (1). The acupuncture
point most often used for antiemetic action is point 6
on the Pericardium channel according to traditional
Chinese medicine. The point is located on the forearm, approximately 3 inches proximal to the distal
wrist crease between the tendons of the exor carpi
radialis and palmaris longus muscles, about 1 cm
deep.
A recent review included 33 controlled trials concerning acupuncture, acupressure or electrostimulation for treatment of nausea and:or vomiting
associated with chemotherapy, surgery or pregnancy
(2). Acupuncture administered under anaesthesia
seemed to have no effect, but the reviewed papers
showed consistent results across different investigators, different groups of patients, and different forms
of acupuncture stimulation. A majority of them
showed effect of acupuncture on nausea and
vomiting.
Six of the studies in this review reported acupuncture stimulation for morning sickness (3–8). The
methodological quality in these studies varied greatly,
as some were non-randomised, some were not
placebo-controlled, while most of them were based
on small samples. All but one study favoured
acupuncture:acupressure over control. Aikins (9) carried out a review of papers published in later years on
the same topic, concluding that acupressure was the



best studied alternative remedy that could afford
relief to many women. However, another paper on
acupressure for morning sickness with opposite results has recently been published (10). By improving
previous research models, we have performed a randomised, double-blind, placebo-controlled study utilising acupressure in the treatment of nausea and
vomiting in early pregnancy.


MATERIAL AND METHODS

_Participants_
Flyers inviting pregnant women to enter the study
were made available by all general practitioners and
pharmacies in the urban area of Tromsø municipality. A response was obtained from 139 pregnant
women. However, symptoms disappeared in 9 women
before randomisation, and 1 became too ill to participate. Four other women were unable to travel to the
University Hospital, another 4 did not show up for
the agreed-upon interview, 3 miscarried before entering the study, and 2 withdrew after they had received
more detailed information about the study design. Of
the remaining 116 women, 19 were excluded because
they had gone beyond 12 weeks gestational age before entry. This study thus comprises 97 pregnant

women.

Study selection criteria were: 1) presence of nausea
for at least 1 week before trial entry, 2) no concomi

_Scand J Prim Health Care 2001; 19_


44 _A_ . _J_ . _Norheim et al_ .


tant diseases causing nausea and vomiting, 3) no
concomitant therapy for nausea at enrolment or during the trial, and 4) no abnormalities discovered at
regular pregnancy follow-up. Gestational length was
estimated by the Naegeles method.


_Methodology_
The acupressure treatment was given by the use of a
wristband with a knob on the inside. Groups of 20
pregnant women were block-randomised in either an
active acupressure-wristband or a placebo wristband.
For each 20 patients, 10 were randomised to either
group. From the outside, the placebo-wristband
looked identical to the acupressure-wristband. On the
inside, the placebo-wristband had a felt patch, while
the acupressure-wristband had a protruding button.
The button, made of plastic, was approximately 1 cm
in size, round in shape and protruded about 1 cm
below the inside of the wristband. There was no way
of adjusting the pressure of the wristband, which was
made of elastic material. The bands used in our study
were delivered free of charge by Sea Band UK Ltd,
through B&T Akupressur, Oslo, Norway.
In our pre-trial power calculations we chose a
signicance level of 0.05 and a power of 0.8. We
assumed that 30% of those wearing placebo wristbands would experience symptom alleviation and we
wanted to be able to detect a benecial effect among
60% in the acupressure group. According to these
calculations, 100 participants should be enough to
signicantly demonstrate a difference of this magnitude between use of the acupressure and placebowristbands. Owing to expected drop-outs, we invited
139 pregnant women to participate (see previous
section). The investigators were blinded to the choice
of wristbands as a study assistant was hired to instruct the pregnant women. Written informed consent


Table I. Acupressure treatment for morning sickness in pregnancy. A randomised, double-blind, placebo-controlled study
among 97 women. Comparison of subjects in the active treatment and placebo groups.


Active group Placebo group


Mean age (years) 28.3 28.5
Mean parity 1.6 1.5
Nausea in previous preg- 87.5 87.5
nancy(ies)%
Mean height (cm) 166.1 166.3
Mean pre-pregnant 63.2 63.4
weight (kg)
Mean hours of nausea: 9.7 8.9
vomiting in the run-in
period
Mean VAS-score in run- 2.7 2.8
in period


_Scand J Prim Health Care 2001; 19_



was obtained from all participating women. The
study was approved by the regional Ethics
Committee.


_Procedure_

The study was carried out from January 1995 until
March 1996. Every pregnant woman participated for
12 days: a 4-day run-in, a 4-day intervention, and a
4-day follow-up period. Symptoms of nausea and
vomiting were recorded daily during this 12-day period. Participants were asked to make three recordings of their problems every evening. The rst
registration was to determine what problems they had
had that particular day: 1 ¾no problems, 2 ¾ nausea,

¾
but no vomiting, and 3 vomiting, but regardless of
how often and how many times they vomited. The
women were also asked to estimate how many hours
they had suffered each day. Finally, every evening the
women also lled in a score of overall evaluation of
their symptoms on a visual analogue scale (VAS). A
self-composed non-graded VAS was used, with 0
indicating no problems and 5 indicating the worst
thinkable level of nausea and vomiting. The registration forms were returned by mail.
Thirteen women who did not complete all of the
daily registration forms during the study period were
assigned values equivalent to the last reported value
on the outcome variables. This was done to ensure

analysis according to the intention-to-treat principle.As part of the study entry interview, the participants were asked about previous pregnancies and
related problems (Table I).
In the intervention period, participants used wristbands day and night on the ‘‘Neiguan’’ point of both
arms. The women were asked to take off the wrist
band when they took a bath, or engaged in other
activities where the wristband could get wet.
At the end of the 12-day period, an evaluation
interview asked about possible problems the women
had encountered during the trial. They were also
asked what kind of wristband they thought they had
used, and whether they had continued to use the
wristband after the 12-day study period.


_Statistics_

Data from the rst day of each period (run-in, intervention and follow-up) were not included in the
analysis because of their transitional nature. All results were analysed with the use of Epi-Info software
(11). Two-sample t-tests for paired data and chisquared tests were used to compare the two groups.


RESULTS

In the active treated group, 71% of the women
reported less intensity of morning sickness while


_Acupressure treatment of morning sickness in pregnancy_ 45


_Fig_ . _1_ . The intensity of symptoms of morning sickness for active and placebo wristbands through the 12-day
period as measured by visual analogue scale. The rst day of each period, dayS 1, 5 and 9, were not included
in the analysis because this was the day of introduction to registration or change of status (putting on
wristbands or taking them off).


_Fig_ . _2_ . The mean daily duration of morning sickness for active and placebo wristbands through the 12-day
period. The rst day of each period, days 1, 5 and 9, were not included in the analysis because this was the day
of introduction to registration or change of status (putting on wristbands or taking them off).


Table II. Acupressure treatment for morning sickness in pregnancy. A randomised, double-blind, placebo-controlled study among
97 women. Difference between symptoms in the last 3 days of the run-in period and the last 3 days of the intervention period.


Difference in symptoms Active group Placebo group Difference 95% CI of difference
(Intervention period–Run-in period)


Graded symptoms ¼0.50 ¼0.25 0.25 ¼0.12 to 0.62
Hours of discomfort ¼2.74 ¼0.85 1.89 0.33 to 3.45


_Scand J Prim Health Care 2001; 19_


46 _A_ . _J_ . _Norheim et al_ .


using wristbands; the corresponding gure for women
in the placebo group was 63%. Duration of symptoms, too, was reduced in both the active and placebo
groups, as an improvement was reported in 71% and
59%, respectively.
Figs. 1 and 2 show the mean intensity and duration
of morning sickness, respectively, for both groups
through the 12-day period. The mean difference between the last 3 days of the run-in period and the last
3 days of the active period is compared in Table II.
The hours of complaint had been more reduced in the
actively treated group than in the placebo-treated

¾
group; 2.74 hours and 0.85 hours, respectively (p
0.018). In addition, there was a small non-signicant
difference with regard to symptoms on the visual
analogue scale.
Based on the registration of daily symptoms, we
further analysed the results according to a 5 degree
grading of emetic symptoms similar to that in previous research: 1 ¾no problems (neither nausea nor

¾
vomiting), 2 slight (occasional nausea without vom
¾
iting), 3 moderate (daily nausea without vomiting),
4 ¾ troublesome (periodic nausea with vomiting), and
5 ¾ severe (daily nausea with vomiting) (3,6). An
average improvement of 0.4–0.6 according to this 5
degree grading of emetic symptoms was obtained
among 43% in the active group and 41% in the
placebo group. However, there was no signicant
difference between the two groups. At the end of the
follow-up period, 38% of those who had worn an
active band thought they had used an acupressurewristband, and 30% that they had used a placebo
device. In the placebo group, 7% thought they had
used an active wristband, and 59% thought they had
used the placebo device. Just one-third, 32% and
33%, respectively, did not know what type of wristband they had used. There was no difference in terms
of continuous use of the wristband after the 12-day
study period between the two groups.
Sixty-three percent of participants in the active
group and 90% in the placebo group experienced

¾
problems when using the wristband (p 0.004). Pain,
numbness, soreness and hand-swelling were those
most often reported. No serious adverse effects were
mentioned, but three women (two with the acupressure-wristband and one with the placebo-wristband)
said that they felt more sick during the study period.


DISCUSSION

_Bias consideration_

There are three possible sources of bias in our study:
selection, information and performance bias. Following the annual number of births at the University
Hospital of Tromsø, about 1500 women became


_Scand J Prim Health Care 2001; 19_



pregnant during the study period. The prevalence of
morning sickness in early pregnancy has been estimated at 75%. In other words, more than 1000
potentially eligible women could have suffered from
morning sickness during the study period.
The 97 participants in our study might thus be a
non-random subgroup among those with such problems. Some women might consider nausea and vomiting as a normal part of pregnancy and therefore did
not give much attention to our study. Perhaps those
who volunteered also ‘‘believed in’’ alternative meth
ods, and therefore do not represent the true ‘‘nausea
population’’. The women who entered the study
might also be those who suffered most from morning
sickness.

Even if the general prevalence of morning sickness
among pregnant women is less then 0.75%, our study
group would still be a selected subgroup. We hold
that this selection limits only the generalizability of
our results. Perhaps our selected women were the
‘‘worst’’ non-hospitalised cases, and therefore the results would only apply to this group.
Filling in forms is another possible source of bias.
The recording could be an invalid estimate of the real
experience of the women. If the participants were
truly blinded as to their treatment allocation, any loss
of validity in the data collected would dilute the
results, not change the main ndings.
There is always a chance of performance bias in
intervention studies, especially when using therapy
administered by the patient herself. The instructor,
however, trained the patient carefully in placing the
wristband, with both groups being given the same
information and instruction. No patient recognised
the type of wristband they were given by the instructor, but participants in the control group guessed
better what type of band they had used. This could
have been either because they were simply better able
to detect their type of band or due to the lack of any
effect from it. There was no contact between participants in the study as long as it proceeded.
In previous studies, objections have been raised
about what should be considered as a true placebo.
Our placebo can be considered as the most equal
technique following the choice of study design. Further, there has been a request for cross-over design
for these kinds of study. We claim that a cross-over
design would have biased the study more seriously, as
participating women could more readily have distinguished active from placebo treatment. We believe
that our methodology leaves little chance of performance bias. Further, a natural decrease in symptoms
with increase in gestational age might have diluted
the effect if a cross-over design had been chosen.


_Effect of acupressure_
We nd it interesting that stimulating a certain point
on the forearm might reduce complaints from morning sickness. One could of course be sceptical to
acupuncture and acupressure and claim that _any_
physical stimulation of the body would give the same
result. However, our study was performed with the
idea that stimulation of certain points according to
traditional Chinese medicine is more effective that

stimulating random points or areas of the body.
We were unable to demonstrate the same degree of
symptom reduction by acupressure stimulation at
Pericardium 6, as in most previous studies (2). Thus,
the intensity of nausea measured by VAS was reduced in both groups. However, the proportion of
participants who experienced fewer symptoms was
larger in the acupressure-wristband group, and the
reduction was more pronounced.
The results were not statistically signicant at the
5% level. Compared with Dundee (3) and De Aloysio
(6) in the 5 degree grading of emetic symptoms, our
study did not fully support their ndings. Our randomised, double-blind, placebo-controlled research
model differs from previous studies on acupressure
for morning sickness. Our methodology therefore
possibly leaves less chance of bias. A lack of sufcient
blinding and other problems in previous research
have been discussed in detail by O’Brian et al. (10).
Our study, on the other hand, showed that acupressure might be effective in shortening the hours of
discomfort from morning sickness in early pregnancy.
Although there was a statistically signicant reduction of duration of symptoms, the clinical relevance
might be discussed. One could say that reducing
sickness and discomfort from 9.7 hours to 7 hours

per day still leaves the patient with considerable
incapacity. However, every pregnant woman who
suffered fewer hours of emesis welcomed any small
improvement.


_Conclusion_

Our study could not support previous claims of a
substantial effect of acupressure on morning sickness.
The benecial response in the placebo group shows
that any intervention against morning sickness may



_Acupressure treatment of morning sickness in pregnancy_ 47


be effective. However, the hours of discomfort
seemed to be reduced by wearing the acupressure
wristband, which might therefore be recommended
for morning sickness in early pregnancy, especially
before pharmaceutical prescriptions are considered.


ACKNOWLEDGEMENTS

We thank all participating women in our study and
the doctors who referred the women to it. We also

thank Sea Band UK Ltd, through B&T Akupressur,
Oslo, Norway, for providing the wristbands. The
study was nanced by a research grant from the
Norwegian Research Council.


REFERENCES

1. Dundee JW, Chestnutt WN, Ghaly RG, Lynas AG. Traditional Chinese acupuncture: a potentially useful antiemetic?
BMJ 1986;293:583 –4.
2. Vickers A. Can acupuncture have specic effects on health?
A systematic review of acupuncture antiemesis trials. J R
Soc Med 1996;89:303 –11.
3. Dundee JW, Sourial FBR, Ghaly RG, Bell PF. P6 acupressure reduces morning sickness. J R Soc Med 1988;81:456 –
7.
4. Hyde E. Acupressure for morning sickness – a controlled
clinical trial. J Nurse Midwifery 1989;34:171 –8.
5. Evans AT, Samuels SN, Marshall C, Bertolucci LE. Suppression of pregnancy-induced nausea and vomiting with
sensory afferent stimulation. J Reprod Med 1993;38:603 –
6.
6. De Aloysio D, Penacchioni P. Morning sickness control in
early pregnancy by Neiguan point acupressure. Obstet Gynecol 1992;80:852 –4.
7. Bayreuther J, Lewith GT, Pickering R. A double-blind
cross-over study to evaluate the effectiveness of acupressure at Pericardium 6 (P6) in the treatment of early morning sickness (EMS). Complement Ther Med 1994;2:70 –6.
8. Belluomi J, Litt RC, Lee KA, Katz M. Acupressure for
nausea and vomiting in pregnancy: a randomized, blinded
study. Obstet Gynecol 1994;84:245 –8.
9. Aikins Murphy P. Alternative therapies for nausea and
vomiting in pregnancy. Obstet Gynecol 1998;91:149 –55.
10. O’Brian B, Joyce Relyea M, Taerum T. Efcacy of P6
acupressure in the treatment of nausea and vomiting during pregnancy. Am J Obstet Gynecol 1996;174:708 –15.
11. Dean AG, Dean JA, Burton AH, Dicker RC. Epi Info,
Version 5: a word processing, database, and statistics program for epidemiology on microcomputers. Stone Mountain, Georgia: USD Inc, 1990.


_Scand J Prim Health Care 2001; 19_",2025-08-29 21:05:03.315569+00
acupressure-and-pain-reduction,"**Cite this article as: BMJ, doi:10.1136/bmj.38744.672616.AE (published 17 February 2006)**
# Research

## **Treatment of low back pain by acupressure and physical therapy:** **randomised controlled trial**


Lisa Li-Chen Hsieh, Chung-Hung Kuo, Liang Huei Lee, Amy Ming-Fang Yen, Kuo-Liong Chien, Tony Hsiu-Hsi Chen



**Abstract**


**Objective** To evaluate the effectiveness of acupressure in terms
of disability, pain scores, and functional status.
**Design** Randomised controlled trial.
**Setting** Orthopaedic clinic in Kaohsiung, Taiwan.
**Participants** 129 patients with chronic low back pain.
**Intervention** Acupressure or physical therapy for one month.
**Main outcome measures** Self administered Chinese versions of
standard outcome measures for low back pain (primary
outcome: Roland and Morris disability questionnaire) at
baseline, after treatment, and at six month follow-up.
**Results** The mean total Roland and Morris disability
questionnaire score after treatment was significantly lower in
the acupressure group than in the physical therapy group
regardless of the difference in absolute score ( − 3.8, 95%
confidence interval − 5.7 to − 1.9) or mean change from the
baseline ( − 4.64, − 6.39 to − 2.89). Acupressure conferred an
89% (95% confidence interval 61% to 97%) reduction in
significant disability compared with physical therapy. The
improvement in disability score in the acupressure group
compared with the physical group remained at six month
follow-up. Statistically significant differences also occurred
between the two groups for all six domains of the core
outcome, pain visual scale, and modified Oswestry disability
questionnaire after treatment and at six month follow-up.
**Conclusions** Acupressure was effective in reducing low back
pain in terms of disability, pain scores, and functional status.
The benefit was sustained for six months.


**Introduction**


Low back pain is a common health problem worldwide. In addition to conventional physical therapy, acupuncture — classified in
group 1 of the complementary and alternative therapies (professionally organised alternative therapies) 1 — has been shown to be
effective in alleviating various types of pain. 2 Its efficacy for low
back pain remains elusive, however. 3 Acupressure, another complementary and alternative therapy, has had increasing attention,
as it is manipulated with the fingers instead of needles on the
acupoints and has been used for relieving pain, illness, and injuries in traditional Chinese medicine. 4

The efficacy of acupressure in relieving pain associated with
low back pain has been shown by a randomised controlled trial. 5

However, the outcomes in that study were assessed by
description of pain character and failed to take into account
functional status and disability as recommended by most low
back pain researchers. 6 7 Although trials have investigated the
efficacy of physical therapy, acupuncture, and acupressure in



reducing low back pain, the type of outcome measurement has
varied from study to study. To establish a standard instrument for
comparisons across studies, a standardised “core” set of
questions and questionnaires (referred to here as standard
outcome measures) has been proposed by an international programme on primary care management of low back pain since
1998. 8


We aimed to do a randomised controlled trial using validated
Chinese versions of the standard outcome measures to compare
the efficacy of acupressure with that of physical therapy in alleviating low back pain and to provide a base for comparison across
international studies.


**Methods**


**Study participants**
The study took place between 8 January and 12 May 2004, with
follow-up until 12 November 2004. We selected 188 participants
from among the outpatients of a specialist orthopaedic clinic in
Kaoshiung, Taiwan, which offered standardised physical therapy.
Patients were eligible if they were aged 18 years and older; they
had had chronic low back pain for more than four months, as
diagnosed by a senior orthopaedic specialist; their chronic low
back pain was not caused by systemic or organic diseases,
cancers, or psychiatric diseases; they were not pregnant; they had
no acute severe pains needing immediate treatment or surgery;
and they had no contraindication to acupressure (that is, no
open wound). All participants gave written informed consent.


**Sample size determination**
We did a pilot trial before the main study to obtain score means
and standard deviations with the Roland and Morris disability
questionnaire, modified Oswestry disability questionnaire, and
visual analogue scale for estimating sample sizes. We took the
Roland and Morris disability questionnaire as the primary
outcome. To detect the mean difference in score between the two
groups (the mean scores in the pilot study were 28.4 (SD 16.9)
for the acupressure group and 48.0 (SD 22.9) for the physical
therapy group), with a significance level of 5% (two tailed) and
statistical power of 80%, we needed 65 participants in each arm.


**Randomisation**
A research assistant independently randomised participants by
using a predetermined random table, which was not decoded
until the intervention was assigned. After exclusion of ineligible
patients, 129 (69%) patients aged between 18 and 81 met our eligibility and were randomly allocated to two arms: 64 patients in
the acupressure group and 65 patients in the physical therapy

group.



**BMJ** Online First bmj.com page 1 of 5


Research


**Interventions**
Each participant received six sessions within one month. One
senior acupressure therapist gave each session of acupressure
treatment to ensure a uniform technique and consistent experience. The participants in the physical therapy group received the
routine physical therapy offered by the orthopaedic specialist
clinic, including pelvic manual traction, spinal manipulation,
thermotherapy, infrared light therapy, electrical stimulation, and
exercise therapy, as decided by the physical therapist.


**Blinding**
Blinded treatment of acupressure is impractical. To reduce the
“Hawthorne effect” (whereby patients with known higher pain
scores receive more effort from the therapist), both the acupressure therapist and the physical therapists were blind to pretreatment assessment. We asked patients, without referring to the
pretreatment assessment, to assess the post-treatment pain
scores and ratings by filling out the questionnaires or by
telephone interview immediately after completing six treatment
sessions or the one month period, whichever came first. The
research assistant who did the post-treatment and six month
follow-up interviews by telephone was also blind to pretreatment
assessment and was told beforehand not to ask the participants
about the details of the intervention in order to remain blind to
the intervention as far as possible. In addition, to avoid observation bias, the assessor was blind to intervention group before
analysis of data was complete.


**Outcome measurements**
Although the Chinese versions of the standard outcome
measures comprise four components — core outcome measures,
Roland and Morris disability questionnaire, Oswestry disability

—
questionnaire, and EuroQoL we used only the first three,
because the patients in the pilot study found EuroQoL difficult
to use. We also used a visual analogue scale for recording pain
scores. We asked participants in each group to provide baseline
information, including date of birth, sex, marital status,
occupation category, educational level, and sleeping quality, and
to complete the Chinese version of the standard outcome measures at enrolment. We used separate sets of questionnaires for
pretreatment, post-treatment, and six month follow-up assessments by patients and research assistant. To avoid recall bias, only
the reference number and participant’s name were shown on
these questionnaires, without revealing the previous assessment.
We took Roland and Morris disability questionnaire as the
primary outcome and the other measures as secondary

outcomes.
When evaluating the treatment efficacy, we divided the total
scores measured by the Roland and Morris disability
questionnaire into two score scales for measuring the degree of
disability, taking 0-12 as minimal disability and 13-24 as
significant disability. We used the modified version of the
Oswestry disability questionnaire used in the American
Academy of Orthopaedic Surgeons lumbar cluster, which has
nine questions with six ratings. We summed ratings on each item
as total scores for each patient. We divided the total scores into
five grades for measuring the degree of disability, taking 0-11 as
minimal disability, 12-22 as moderate disability, 23-32 as severe
disability, 33-43 as crippled, and ≥ 44 as bed bound.


**Statistical analysis**
For comparisons of baseline variables, we used Student’s _t_ test for
continuous variables and the  2 test for categorical variables.
Analysis was by intention to treat. For participants lost to followup, we conservatively assumed that the values at the



post-treatment and six month follow-up assessments were identical to those at baseline.

As Roland and Morris disability questionnaire score is a
skewed, non-normal distribution, we used the Wilcoxon rank
sum test to assess the difference between the two groups. 9 We
used the non-parametric jack-knife method to calculate 95%
confidence intervals. 10 We used analysis of covariance to assess
the differences and 95% confidence intervals between the two
groups in visual analogue scale pain scores and pain scores
measured by the core outcome measures and Oswestry disability
questionnaire, with adjustment for pretreatment score alone or
together with other possible baseline variables such as duration
of low back pain. 9 We used logistic regression models to estimate
the odds ratios and 95% confidence intervals of having
significant disability as measured by the Roland and Morris disability questionnaire, with adjustment for pretreatment score
alone or together with other possible baseline variables. We
applied cumulative logit models to the ordinal property of
disability defined by Oswestry disability questionnaire to
estimate incremental odds ratios and 95% confidence intervals. 11

We used SAS version 9 for statistical analyses.


**Results**


The figure shows a summary of enrolment, randomisation, loss
to follow-up, and assessment. Two participants in the
acupressure group and five in the physical therapy group
refused to receive the designated intervention. Two participants
in each group switched to receive the treatment of the opposite
group. Table 1 shows the baseline characteristics in the two treatment groups; no differences existed in demographic, educational, or occupational aspects.


**Roland and Morris disability questionnaire**
The mean total Roland and Morris disability questionnaire score
after treatment was significantly lower in the acupressure group
than in the physical therapy group, regardless of the difference in
absolute score ( − 3.8, 95% confidence interval − 5.7 to − 1.9) or
mean change from baseline ( − 4.64, − 6.39 to − 2.89) (table 2).
Acupressure conferred an 89% (95% confidence interval 61% to
97%) reduction in significant disability compared with physical
therapy after adjustment for degree of disability at baseline. The
mean difference in total score between the two groups after
treatment remained statistically significant (`P < 0.05`) after
adjustment for pretreatment score or disability together with
other baseline characteristics shown in table 1.
Given the difference in rate of significant disability (table 2),
the estimated number needed to be treated with acupressure to
reduce cases with severe disability by one was 5.98. As seen in
table 2, the improvement in Roland and Morris disability
questionnaire score in the acupressure group compared with the
physical group still remained at the six month follow-up. The
number needed to treat with acupressure was 9.31.


**Core outcome measures and visual analogue scale**
After adjustment for pretreatment score (comparison 1 in table
3), the differences in mean scores for core outcome measures in
the acupressure group were significantly different from those in
the physical therapy group. Mean scores were lower in the
acupressure group for the items “low back pain,” “leg pain,” “pain
interferes with normal work,” “days cut down on doing things,”
and “days off from work/school.” Mean scores were higher in the
acupressure group for the items “satisfaction of life with the
symptoms” and “satisfaction with previous treatment.” The mean
scores for the pain visual scale and sleeping with low back pain



page 2 of 5 **BMJ** Online First bmj.com


**Table 1** Baseline characteristics of participants by treatment group. Values
are numbers (percentages) unless stated otherwise


**Acupressure** **Physical therapy**
**Variable** **(n=64)** **(n=65)**


Mean (SD) age (years) 50.2 (13.8) 52.6 (17.2)


Male sex 21 (33) 17 (26)


Marital status:


Single 10 (16) 11 (17)


Married 54 (84) 54 (83)


Education:


College and above 17 (27) 14 (21)


Senior high school 20 (31) 16 (25)


Junior high school or below 27 (42) 35 (54)


Occupation:


Household keeper 18 (28) 16 (25)


Office worker 17 (27) 8 (12)


Heaver labour 9 (14) 8 (12)


Other 20 (31) 33 (51)


Median (range) time since onset of pain (years) 3.3 (0.2-33.3) 1.6 (0.2-34.3)


Median (range) length of latest pain period 14.5 (0.02-360) 12 (0.25-432)
(months)


were lower in the acupressure group than in the physical therapy
group. The differences between the two groups remained statistically significant (`P < 0.05`) after adjustment for pretreatment
score and other baseline characteristics. In terms of mean
change from baseline, the benefit was also greater in the
acupressure group for all variables (comparison 2 in table 3).
The statistically significant improvement remained or even
increased at the six month follow-up (table 3).


**Modified Oswestry disability questionnaire**
The mean total Oswestry disability questionnaire score after
treatment was significantly lower in the acupressure group than
in the physical therapy group, regardless of the difference in
absolute score ( − 5.34, − 7.62 to − 3.05) or mean change from
baseline ( − 6.81, − 9.49 to − 4.12) (table 4). As regards disability
classified by five grades, the odds ratio of increasing one grade of
disability was 0.22 (95% confidence interval 0.11 to 0.48;
P = 0.0001) for the acupressure group. The differences between
the two groups remained significant (`P < 0.05`) after adjustment
for pretreatment score or disability in conjunction with other
baseline characteristics.



Research


**Table 2** Roland and Morris disability questionnaire (RMDQ) scores
pretreatment, post-treatment, and at six month follow-up



**Sums of RMDQ**
**scores/ordinal** **Acupressure**
**scorings (0-24)** **(n=64)**



**Physical**
**therapy**
**(n=65)** **Comparison 1†** **Comparison 2‡**
















- Absolute difference between groups analysed by Wilcoxon rank sum test for total scores,
95% confidence interval calculated by non-parametric jack-knife method; odds ratio (OR)
(95% confidence interval) of showing significant degree of disability for acupressure
compared with physical therapy, analysed by multiple logistic regression.

- Difference (95% confidence interval) in mean change in score from baseline.
*``P < 0.05``.

**``P < 0.01``.

***``P < 0.0001``.


Given the difference in rate of significant disability between
the two groups (table 4), the estimated number needed to treat
with acupressure to reduce the degree of disability by one grade
was 6.15. As seen in table 4, the improvement in Oswestry
disability questionnaire score in the acupressure group
compared with the physical group remained at the six month
follow-up. The number needed to treat with acupressure was
4.58.















Trial profile


**BMJ** Online First bmj.com page 3 of 5


Research


**Table 3** Mean (SD) core outcome measures pretreatment, post-treatment, and at six month follow-up



**Core outcome**

**measures and**

**related indicators**


Degree of “how
bothersome”:



**Pre-treatment** **Post-treatment** **Six month follow-up**



**Physical**
**therapy** **Acupressure**
**(n=65)** **Comparison 1†** **Comparison 2‡** **(n=64)**



**Physical**
**therapy**
**(n=65)** **Comparison 1†** **Comparison 2‡**



**Acupressure**
**(n=64)**



**Physical**
**therapy** **Acupressure**
**(n=65)** **(n=64)**



Low back pain 2.97 (1.01) 2.78 (0.96) 2.11 (0.86) 2.57 −0.53*** −0.64*** 1.59 (0.73) 2.17 −0.62*** −0.76***
(0.83) (−0.80 to −0.28) (−0.97 to −0.32) (0.89) (−0.90 to −0.35) (−1.13 to −0.39)


Leg pain 2.78 (1.16) 2.74 (1.11) 1.94 (0.85) 2.52 −0.60*** −0.63** 1.48 (0.71) 2.15 −0.68*** −0.71**
(0.97) (−0.87 to −0.34) (−0.97 to −0.29) (0.97) (−0.96 to −0.41) (−1.10 to −0.32)


Pain interferes 2.78 (1.11) 2.45 (0.98) 2.05 (0.88) 2.38 −0.50** −0.67** 1.61 (0.75) 2.23 −0.70*** −0.96***
with normal work (1.01) (−0.78 to −0.21) (−1.02 to −0.33) (0.88) (−0.98 to −0.42) (−1.35 to −0.57)


Satisfaction of life 1.39 (0.68) 1.57 (0.66) 2.38 (1.27) 1.97 0.46* 0.58** 3.63 (1.16) 2.95 0.69** 0.85**
with symptoms (1.04) (0.05 to 0.86) (0.15 to 1.02) (1.24) (0.27 to 1.11) (0.38 to 1.32)


Days cut down on 5.0 (10.5) 3.4 (8.6) 1.6 (4.7) 4.0 (9.8) −3.16** −3.99** 0.4 (2.6) 2.6 (8.0) −2.48* −3.70*
doing things (−5.38 to −0.93) (−6.83 to −1.15) (−4.45 to −0.50) (−6.98 to −0.42)


Days off from 4.2 (9.5) 3.3 (8.6) 1.5 (5.4) 3.5 (9.3) −2.45* −2.87* 0.6 (3.8) 2.5 (8.0) −2.15* −2.79
work/school (−4.59 to −0.31) (−5.51 to −0.23) (−4.22 to −0.09) (−5.94 to −0.35)



Satisfaction with
previous
treatment



2.06 (1.39) 2.13 (1.68) 4.12 (1.22) 3.06 1.25*** 1.68*** 4.39 (0.75) 3.15 1.39*** 1.83***
(1.38) (0.82 to 1.68) (1.17 to 2.20) (1.14) (1.02 to 1.76) (1.37 to 2.29)



Pain visual scale (0 58.8 (17.88) 57 (17.83) 30.6 (21.75) 48.0 −18.38*** −19.27*** 16.1 (17.4) 41.4 −25.92*** −27.12***
to 100) (23.4) (−25.60 to −11.17) (−27.04 to −11.5) (24.6) (−33.06 to −18.77) (−35.3 to −18.94)


Sleeping with low 2.17 (0.86) 2.03 (0.97) 1.44 (0.59) 1.85 −0.46*** −0.55** 1.16 (0.44) 1.72 −0.61*** −0.71***
back pain (0.85) (−0.69 to −0.24) (−0.84 to −0.26) (0.84) (−0.82 to −0.39) (−1.02 to −0.39)


- Absolute difference (95% confidence interval) between groups by analysis of covariance.

- Difference (95% confidence interval) in mean change in core outcome measures from baseline.
*``P < 0.05``.

**``P < 0.01``.

***``P < 0.0001``.



**Discussion**


This study shows that acupressure is more efficacious in alleviating low back pain than is physical therapy, as measured by pain
visual analogue scale, core outcome measures, Roland and Morris disability questionnaire, and Oswestry disability questionnaire. The results support the conclusion of the previous
randomised controlled clinical trial on low back pain treated by
acupressure. 5 Acupressure may thus be useful for reducing pain
and improving body function and level of disability in low back
pain.


**Outcome measures used**

Most of the domains of the core outcome measures were able to
distinguish the difference between the acupressure group and
the physical therapy group, irrespective of absolute change or
mean change from baseline at post-treatment and six month
follow-up assessments. The Roland and Morris disability
questionnaire has been considered an outcome measure
sensitive to changes in clinical status for the study of low back
pain. 12 13 In our study, we saw statistically significant treatment
differences with this questionnaire. Results for the Oswestry disability questionnaire score also showed functional improvement
with acupressure irrespective of whether the score was classified
into five ordinal categories or modified by a simple summation
scoring method. 14

The World Health Organization recommended that the
visual analogue scale should be included as an outcome measure
in all studies on low back pain, 15 so we included this measure in
the study. Sleep disturbance is a common complaint of patients
with low back pain, and we included it as a reference indicator; it
showed a significant difference between the two groups in absolute change and mean change from baseline at the posttreatment and six month follow-up assessments.


**Limitations of the study**
Three concerns about the study should be clarified. Firstly, the
efficacy of acupressure in pain relief might be attributed to a psy


**Table 4** Modified Oswestry disability questionnaire (ODQ) scores
pretreatment, post-treatment, and at six month follow-up



**Sums of ODQ**
**scores/ordinal** **Acupressure**
**scorings (0-54)** **(n=64)**


**Pretreatment**



**Physical**
**therapy**
**(n=65)** **Comparison 1†** **Comparison 2‡**



24.4 21.1 (8.7)
Mean (SD) total score
(10.0)


Degree of disability
(No):


Minimal (0-11) 4 3


Moderate (12-22) 29 42


Severe (23-32) 14 13


Crippled (33-43) 15 5


Bed bound (≥44) 2 2


**Post-treatment**


Mean (SD) total score 17.0 20.6 (8.8) −5.34*** −6.81***
(7.6) (−7.62 to −3.05) (−9.49 to −4.12)


Degree of disability
(No):


Minimal (0-11) 17 7 OR=0.22**
(0.11 to 0.48)


Moderate (12-22) 32 37


Severe (23-32) 12 15


Crippled (33-43) 3 4


Bed bound (≥44) 0 2


**Six month follow-up**


Mean (SD) total score 12.2 17.9 (8.1) −6.03*** −7.99***
(4.9) (−8.22 to −3.84) (−10.8 to −5.17)


Degree of disability
(No):


Minimal (0-11) 39 17 OR=0.11***
(0.04 to 0.27)


Moderate (12-22) 22 33


Severe (23-32) 2 11


Crippled (33-43) 0 3


Bed bound (≥44) 0 0


- Absolute difference (95% confidence interval) between groups by analysis of covariance.

- Difference (95% confidence interval) in mean change in core outcome measures from
baseline.

**``P < 0.01``.

***``P < 0.0001``.



page 4 of 5 **BMJ** Online First bmj.com


chological effect emerging between patients and therapist
during therapy. However, we believe that such a confounding
effect caused by interaction or a doctor-patient relationship is
unlikely to affect the results, because people who seek physical
therapy generally have a strong desire for orthodox/Western
medicine, the therapists in both groups were blind to the results
of pretreatment assessments, and the use of Roland and Morris
disability questionnaire and Oswestry disability questionnaire
was mainly to assess functional status and disability, which should
be less affected by the psychological effect than subjective measures of pain.
Secondly, 20 (15.5%) patients were lost to follow-up at six
months. We do not believe that this would have had much influence on the result. However, the problem might be ameliorated
by using an intention to treat method that included patients lost
to follow-up in the analysis. As mentioned before, we substituted
missing data for patients lost to follow-up with baseline or posttreatment data by assuming no change since last contact.
Finally, the effectiveness of any manipulation therapy is
highly dependent on the therapist’s technique and experience.
The selection of treatment modality and technique to be applied
to patients depended on the discretion of the therapist for both
physical therapy and acupressure, even though standardised
procedures were established. Ensuring comparability between
treatments is therefore important. For physical therapy, this
should not be a serious problem because the technique has been
well established in orthodox/Western medicine. We avoided
variation across practitioners for acupressure by using only one
therapist. The use of a single therapist may enhance internal
validity but also imposes a threat to external validity. We hope
that this technique can be imparted to other therapists now that
its efficacy has been shown in our study, so that acupressure can
be used in other populations. How acupressure can be
generalised to patients with low back pain is the subject of ongoing research.


**Conclusions**
This randomised controlled clinical trial has shown the efficacy
of acupressure compared with physical therapy in pain relief for
patients with low back pain in terms of disability, pain scores, and
functional status. The results provide a base for comparison
across international studies.


We thank Richard A Deyo for granting permission to use the standardised
“core” set of questions and questionnaires.
Contributors: TH-HC was responsible for study design and implementation, data collection and analysis, and interpretation of the findings and
drafted the paper. LL-CH, C-HK, and LHL contributed to study implementation, data collection, interpretation of findings, and writing the draft.
AM-FY and K-LC contributed to management and analysis, interpretation
of findings, and revision of the manuscript. TH-HC and LL-CH are
guarantors.
Funding: None.
Competing interests: None declared.



Research





Ethical approval: The study protocol was approved by an ethics committee
of the specialist orthopaedic clinic.


1 Mills SY. Regulation in complementary and alternative medicine. _BMJ_ 2001;322:15860.
2 Eisenberg DM, Davis RB, Ettner SL, Appel S, Wilkey S, Van Rompay M, et al. Trends in
alternative medicine use in the United States, 1990-1997: results of a follow-up national
survey. _JAMA_ 1998;280:1569-75.
3 Ernst E, White AR. Acupuncture for low back pain: a meta-analysis of randomized
controlled trials. _Arch Intern Med_ 1998;158:2235-41.
4 Hesketh T, Zhu WX. Health in China: Traditional Chinese medicine: one country, two
systems. _BMJ_ 1997;315:115-7.
5 Hsieh LL, Kuo CH, Yen MF, Chen THH. A randomized controlled clinical trial for low
back pain treated by acupressure and physical therapy. _Prev Med_ 2004;39:168-76.
6 Roland M, Fairbank J. The Roland-Morris disability questionnaire and the Oswestry
disability questionnaire. _Spine_ 2000;25:3115-24.
7 Melzack R, Torgerson WS. On the language of pain. _Anesthesiology_ 1971;34:50-9.
8 Deyo RA, Battie M, Beurskens AJ, Bombardier C, Croft P, Koes B, et al. Outcome measures for low back pain research: a proposal for standardized use. _Spine_ 1998;23:200313.
9 Altman DG. _Practical statistics for medical research_ . London: Chapman and Hall, 1991.
10 Efron B, Tibshirani RJ. _An introduction to the bootstrap_ . London: Chapman and Hall,
1993.
11 McCullagh P. Regression models for ordinal data (with discussion). _J Royal Stat Soc B_
1980;42:109-42.
12 Suzukamo Y, Fukuhara S, Kikuchi S, Konno S, Roland M, Iwamoto Y, et al. Validation
of the Japanese version of the Roland-Morris disability questionnaire. _J Orthop Sci_
2003;8:543-8.
13 Coste J, Le Parc JM, Berge E, Delecoeuillerie G, Paolaggi JB. [French validation of a disability rating scale for the evaluation of low back pain (EIFEL questionnaire).] _Rev_
_Rhum Ed Fr_ 1993;60:335-41.
14 Flynn TW, Fritz JM, Wainner RS, Whitman JM. The audible pop is not necessary for
successful spinal high-velocity thrust manipulation in individuals with low back pain.
_Arch Phys Med Rehabil_ 2003;84:1057-60.
15 Ehrlich G, Khaltaev NG. _Low back pain initiative_ . Geneva: World Health Organization,
1999.

_(Accepted 10 January 2006)_


doi 10.1136/bmj.38744.672616.AE


Institute of Preventive Medicine, College of Public Health, National Taiwan
University, Taipei, Taiwan
Lisa Li-Chen Hsieh _PhD student_
Amy Ming-Fang Yen _assistant professor_
Kuo-Liong Chien _associate professor_
Tony Hsiu-Hsi Chen _professor_


Hsin Kao Mei Orthopedic Special Clinic, Kaohsiung, Taiwan
Chung-Hung Kuo _chief and orthopedist_


Kaohsiung Chang Gung Memorial Hospital, Kaohsiung, Taiwan
Liang Huei Lee _attending medical neurologist_
Correspondence to: Tony Hsiu-Hsi Chen stony@episerv.cph.ntu.edu.tw



**BMJ** Online First bmj.com page 5 of 5",2025-08-29 21:05:03.719107+00
lifewave-strength-test-morehouse-college,"**LifeWave Strength Test**


By Joseph A. Goodson MS, ATC, David Schmidt


**Abstract**

The LifeWave technology has been reported to be a new supplement and method for the improvement of athletic
performance, and more particularly a means by which an individual may increase their net stamina/strength
endurance output. To evaluate whether or not these claims were factual a double-blind placebo controlled study was
implemented at Morehouse College in Atlanta, GA, with 44 college athletes from the schools football team
volunteering to participate in this study. In most evaluations of strength endurance involving competitive athletes it
is common and customary to perform both baseline and comparative tests prior to the athlete having performed any
other type of physical activity. In this study it was decided by the principal investigators that if the LifeWave
technology was valid then there should be a measured improvement in strength endurance after the athlete has been
fatigued. To this end, the study was conducted so that both baseline and comparative data were collected after the
athletes had been fatigued by a 60 minute heavy weight training workout. In addition, it was also decided to test the
athletes while under heavy physical trauma; the athletes performed the workout and tests starting at 4:30am in a
weight training room where the temperature was maintained in excess of 95F. The standardized exercise that was
chosen for this test was a 185lb or 225lb Bench Press.

**Metabolism and ATP production**

It is well known that in humans in order for locomotion to occur ATP must be available to the muscle as well as all

other cells. The biochemistry of metabolism is centered in the synthesis of carbohydrates, fats, proteins and nucleic
acids. For the purpose of this discussion we shall concern ourselves primarily with the metabolism, utilization and
transport of fats as they pertain to the production of ATP.

In carbohydrate metabolism that involves the glycolysis of glucose molecules to pyruvic acid for the purpose of
feeding the Krebs Cycle with high energy molecules, a process called chemiosmosis is used to pump protons across
a membrane and provide the energy for ATP synthesis. The electron carrying coenzyme molecules from the Krebs
Cycle enter the chemiosmosis process, the electrons are lost from the coenzymes, the energy is used to pump
protons across the mitochondrial membrane, and as the protons flow to the outer compartment of the mitochondrion
the energy from the electron flow is used to synthesize ATP molecules.

In contrast, in the metabolism of fats – precipitated by these molecules being first broken down into fatty acids and
glycerol molecules during digestion – the glycerol is converted within the cell to DHAP, an intermediary compound.
This is important in that the DHAP may continue along a metabolic pathway to pyruvic acid, or the DHAP may
reverse and follow another pathway towards becoming glucose.

Of concern in this discussion is the use of fatty acids as a metabolic reactant in the mitochondria of the cell. In a
process known as beta-oxidation (the fatty acid spiral) the fatty acids are converted into 2-carbon units of acetylCoA. A single fatty acid molecule containing 16 carbon atoms will yield 8 molecules of acetyl-CoA. As each
acetyl-CoA molecule enters the Krebs cycle it is metabolized to release its energy. The ultimate formation of ATP
after beta-oxidation and the Krebs Cycle is the same as described above. The difference in the sources of energy –
carbohydrates or fats – is in that the energy yield from a 16-carbon fatty acid molecule is considerable. With respect
to an athlete, it would be highly desirable to be able to utilize fatty acids as an energy source in ATP production in
that this could potentially have a desirable effect on stamina and/or strength endurance.


**LifeWave principal of operation**

The LifeWave technology is a passive non-invasive device composed of water, Oxygen and organic compounds that
is worn by the user much in the same fashion as a band aid. This product is not a transdermal patch and it has been
demonstrated by the manufacturer that none of the patch active materials diffuses into or comes in contact with the

user.

The obvious question that arises is how is it possible for such a device to function other than a placebo effect? It is
postulated by the manufacturer that the LifeWave patch passively modulates the oscillating low energy magnetic
field that exists just above the surface of the human epidermal layer. This passive frequency modulation creates a
condition in which the transport of long chain fatty acids across the mitochondrial membrane for subsequent betaoxidation and energy production is triggered or improved, thereby providing the user with increased energy via an
increase in ATP production as described above.

To understand how this phenomenon could be possible, let us re-examine the metabolic process involving fatty acid
energy sources within the human body. Fatty acids, a hydrocarbon in which one of the hydrogen atoms has been
replaced by a carboxyl group, are also described as a monobasic aliphatic acid made up of an alkyl radical attached
to a carboxyl group. The metabolic role of fatty acids may be described in part in that fatty acids are one of the
primary sources of energy for humans, and through Beta-Oxidation, are broken down into basic units of energy. Of
interest here is that in order for this process to work, fatty acids need to enter the mitochondria for Beta-Oxidation,
and they are unable to penetrate the inner mitochondrial membrane by themselves.

In addition to lipid metabolism, the mitochondria is involved with protein synthesis, and by using either phasecontrast microscopy or electron microscopy, the mitochondrial filaments or rods are seen to be 0.5 micrometers in
diameter. This information is significant in that it is reported by the manufacturer that in the LifeWave technology,
materials and structures must be selected based upon the resonant and sympathetic frequencies of the mitochondria
during lipid metabolism. In the human body, to overcome the problem of the inability of fatty acids to transport
from the cytosol (soluble portion of the cell) across the mitochondrial membrane, it has been determined by several
researchers that various nutrients are essential to transport long chain fatty acids from the cytosol across the
mitochondrial membrane for fatty acid oxidation/metabolism and energy production.

To obtain the desirable effect of improving cell metabolism passively (specifically, increasing the rate of fatty acid
Beta-Oxidation by allowing fatty acids to transport across the mitochondrial membrane) the manufacturer
constructed a device consisting of orthomolecular organic structures designed to passively interact with the human
magnetic field for the purpose of creating a system of frequency modulation, much in the same way that radio waves
are modulated to communicate audio information.

**Context:**

At the time prior to the beginning of this study the relationship between the LifeWave technology and a potential
increase in stamina or strength endurance by quantifying such performance via a flat bench press exercise repetition
was unclear.

**Objective:**

To quantitatively assess the effectiveness of the LifeWave technology in improving the bench press performance of
fatigued college football athletes during team training.

**Methods:**

Using a double blind randomized placebo controlled study, a total of 44 subjects, ages 18 to 30 years, volunteered to
participate for this test study. Subjects’ baseline bench press data was colleted after a normal prescribed off-season
football upper body 60 minute workout session. Subjects were asked to bench press a fixed weight until failure. In
the next session, subjects were randomized into three groups using a numbering system that labeled participants as
experiment group, placebo group or control group members with 44 completing this two session study. The


experiment groups were provided with dermal patches that were either placebo water formula or LifeWave
technology formula. A collection team independent of the players collected and monitored data throughout the
study process.

**Main Outcome Measures:**

The LifeWave technology is a non-invasive patch that demonstrated the ability to improve strength endurance in the
majority of athletes that utilized it during a strenuous weight lifting activity.

**Results:**

Raw data collected from the two day study was as follows; all numbers listed are repetitions performed:

|CONTROL GROUP|Col2|Col3|PLACEBO GROUP|Col5|Col6|EXPERIMENT GROUP|Col8|Col9|
|---|---|---|---|---|---|---|---|---|
|Baseline|Comparative|% Change|Baseline|Comparative|% Change|Baseline|Comparative|% Change|
|6|4|-33|8|8|0|12|10|-17|
|10|12|20|7|8|14|1|3|200|
|9|11|22|5|6|20|6|12|100|
|5|5|0|4|3|-25|4|6|50|
|12|12|0|6|3|-50|2|3|50|
|10|10|0|15|18|20|5|3|-40|
|10|9|-10|12|10|-17|9|9|0|
|2|3|50|11|13|18|11|15|36|
|3|0|-100|12|12|0|3|4|33|
|4|4|0|7|10|43|18|16|-11|
|10|12|20|16|21|31|15|16|7|
|5|4|-20|20|23|15|6|9|50|
|10|9|-10|9|7|-22|16|16|0|
|5|5|0||||4|5|25|
|15|15|0||||8|10|25|
|10|11|10|||||||



From the raw data collected in the above table it was determined that (1) The average percentage change in strength
endurance in the Control group was a decrease in performance of 3.1% from the baseline tests to the comparative
tests; (2) The average percentage change in strength endurance in the Placebo group was an increase in performance
of 3.6% from the baseline tests to the comparative tests; (3) The average percentage change in strength endurance in
the Experiment group was an increase in performance of 33.9% from the baseline tests to the comparative tests.


**Average Change In Strength Endurance**


40


35


30


25



20


15


10


5


0


-5



1


2


3




|Col1|Col2|Col3|Col4|Col5|
|---|---|---|---|---|
||||||
||||||
||||||
||||||
||||||
||||||
||||||
|1|1|23|23|23|


In addition, the data shows the following:

|CONTROL GROUP|Col2|Col3|PLACEBO GROUP|Col5|Col6|EXPERIMENT GROUP|Col8|Col9|
|---|---|---|---|---|---|---|---|---|
|Decrease|Same|Increase|Decrease|Same|Increase|Decrease|Same|Increase|
|5|6|5|4|2|7|3|2|10|



100%


90%


80%


70%


Increase



50%


40%


30%


20%


10%


0%



Decrease



1 2 3


The above table gives us the breakdown of athletes in each group as it pertains to showing whether or not an athlete
showed a decrease in performance from baseline to comparative test, remained the same in performance from
baseline to comparative test, or showed an increase in performance from baseline to comparative test.

In the Control group we see that 31.25% of the participants showed a decrease in performance during the two day
study, 37.5% of the participants maintained the same level of performance during the two day study, and 31.25% of
the participants showed an increase in performance during the two day study. In the Placebo group we see that
30.8% of the participants showed a decrease in performance during the two day study, 15.4% of the participants
maintained the same level of performance during the two day study, and 53.8% of the participants showed an
increase in performance during the two day study. In the Experiment group we see that 20% of the participants
showed a decrease in performance during the two day study, 13.33% of the participants maintained the same level of
performance during the two day study, and 66.67% of the participants showed an increase in performance during the
two day study.

If we remove the data for the individuals who both decreased in performance and maintained the same level of
performance we find that (1) in the Control group, with respect to the 5 individuals who did show an improvement
in performance from the baseline to the comparative test the average increase in strength endurance was 24.4%; (2)
in the Placebo group, with respect to the 7 individuals who did show an improvement in performance from the
baseline to the comparative test the average increase in strength endurance was 23%; (3) in the Experiment group,
with respect to the 10 individuals who did show an improvement in performance from the baseline to the
comparative test the average increase in strength endurance was 57.6%.

If we remove the data for the individuals who both increased in performance and maintained the same level of
performance we find that (1) in the Control group, with respect to the 5 individuals who decreased in performance
from the baseline to the comparative test the average decrease in strength endurance was 34.6%; (2) in the Placebo
group, with respect to the 4 individuals who decreased in performance from the baseline to the comparative test the
average decrease in strength endurance was 28.5%; (3) in the Experiment group, with respect to the 3 individuals
who decreased in performance from the baseline to the comparative test the average decrease in strength endurance
was 22.67%.


**Discussion:**

Based on the data collected it is evident that there are several distinct differences in athletic performancebetween the
three test groups. With respect to the simple averaging of performance numbers, it is not unusual that the Control
group experienced a decrease in strength endurance given the nature of the test (Baseline data collected on a
Monday and Comparative data collected on a Thursday; data collected after athletes were fatigued). With respect to
the Placebo group, a case could be made that there was indeed a “Placebo Effect” that took place; athletes that wore
the patch product thought that they had the real technology so hence they made more of an effort to perform. Given
the data of the average group performance improvement of 3.6% this would be a reasonable spread in terms of
attainable improvements from the baseline day to the comparative day. With respect to the Experiment group, a
case could be made that there was indeed a legitimate effect of the LifeWave technology on athletic performance;
athletes that wore the patch product experienced an average improvement of 33.9% in strength performance. The
spreads in average performance numbers between the three groups is significant and would tend to indicate that the
LifeWave technology played an important role in improving strength endurance in the experiment group.

Another indicator that the LifeWave technology was having a legitimate effect on athletic stamina is evidenced in
the chart on page 4. As could be expected, in the Control group we see that there is an almost even distribution
between athletes that decreased in performance, athletes that remained the same in performance and athletes that
improved in performance. In the Placebo group we see that 7 individuals improved in performance as compared to
5 in the Control group, however given the low average improvement in members and the well known “Placebo
effect” this spread is anticipated. In the Experiment group we find that only 3 members decreased in performance
with 10 members improving in strength endurance. Given that the Experiment group had the highest percentage of
members who recorded an improvement in performance, with two thirds of the members demonstrating an
improvement, and that the average improvement was significantly higher than the other two groups (33.9%) this
would again indicate that the LifeWave technology was having a beneficial effect on athletic performance.

Another potentially important indicator with respect to examaning whether or not the LifeWave technology was
having a beneficial effect on athletic performance is found when looking at only those individuals who increased in
performance or only those individuals who decreased in performance. In the Control group we find that of those
individuals who did show an improvement the average gain was 24.4%; of those in the Control group who decreased
in performance we find that the average decline in performance to be 34.6%. In the Placebo group we find that of
those individuals who did show an improvement the average gain was similar to the Control group at 23%; of those
in the Placebo group who decreased in performance we find the average decline in performance was 28.5%. In the
Experiment group we find that of those individuals who did show an improvement the average gain was more than
double of the other two groups at 57.6%; of the three individuals who showed a decrease in performance the average
decline in performance was the lowest of the three groups at 22.67%. This information would tend to indicate that
the LifeWave technology was having a beneficial effect on strength endurance.

**Conclusion:**

Based on the data collected and the results obtained it was demonstrated that the LifeWave technology is a method
for the improvement of athletic performance, and more particularly a means by which an individual may increase
their net stamina/strength endurance output. The model utilized to evaluate the technology was a double-blind
placebo controlled study, with 44 college athletes from the Morehouse College football team volunteering to
participate in this study. In most evaluations of strength endurance involving competitive athletes it is common and
customary to perform both baseline and comparative tests prior to the athlete having performed any other type of
physical activity. In this study it was decided by the principal investigators to collect data after the athletes had been
fatigued. An additional study would prove to be of interest as a comparison to this test study to determine what
effect the LifeWave technology has on athletes that had not been previously fatigued.

Given the individuals tested and the scientific model used it was demonstrated that the Experiment group using the
LifeWave technology showed the highest percentage of improvement in strength endurance when averaging all
members, the highest percentage of improvement in strength endurance when averaging only those members who


showed an improvement, and the lowest percentage of decreased performance when averaging only those
individuals who showed a decline in performance.",2025-08-29 21:05:03.965042+00